Book Id,Title,Author,Author l-f,Additional Authors,ISBN,ISBN13,My Rating,Publisher,Binding,Number of Pages,Year Published,Original Publication Year,Date Read,Date Added,Bookshelves,Bookshelves with positions,Exclusive Shelf,My Review,Spoiler,Private Notes,Read Count,Owned Copies
67331251,Sashiko 365: Stitch a new sashiko pattern every day of the year,Susan Briscoe,"Briscoe, Susan",,"=""1446381714""","=""9781446381717""",3.0,David & Charles,Kindle Edition,143,2022,,2026/05/20,2026/07/20,"book-digital, borrowed-library, magazines-guides-diys","book-digital (#57), borrowed-library (#112), magazines-guides-diys (#4)",read,"I picked this up on Kindle Unlimited to try my hand at some patterns. I like the concept of making a square a day and making a quilt out of all the tiny projects. I did not have a sashiko needle, but using what I had, I was able to get started with the patterns and measurements listed within the book. It's a good starting point if you have the time to try something new, but you would need to know a basic level of sewing and how to use a sewing machine to keep the squares from falling apart and then sew them together when making the quilt.<br/><br/>I'll be working through the patterns slowly (cause a 4 by 4 inch square daily for someone who doesn't sew often is still a challenge, but the tiny squares are a good way to tackle it one at a time.)",,,1,0
230848723,The Poison Daughter,Sheila Masterson,"Masterson, Sheila",,"=""""","=""""",5.0,,Kindle Edition,668,2025,2025,2026/07/20,2026/07/12,"book-digital, borrowed-library, favorite-books","book-digital (#59), borrowed-library (#114), favorite-books (#12)",read,,,,1,0
240583647,My Boyfriends Are All Monsters,Kimberly Lemming,"Lemming, Kimberly",,"=""1662534035""","=""9781662534034""",3.0,Amazon Original Stories,Kindle Edition,52,2025,2025,2026/02/14,2026/08/04,"book-digital, borrowed-library","book-digital (#58), borrowed-library (#113)",read,I was having serious issues with the monster manhandling her every other page 😭 <br/><br/>Other than that when he was literally finally talking to her and explaining everything only then did I really calm down about the whole situation.,,,1,0
248340884,"You, Me, & the Conspiracy",Emma Barry,"Barry, Emma",,"=""1668229110""","=""9781668229118""",0,Atria Books,Paperback,352,2026,2026,,2026/08/04,"to-read, advanced-reader-copy, book-digital","to-read (#463), advanced-reader-copy (#3), book-digital (#56)",to-read,,,,0,0
250728792,Hamlet & Juliet (The Star Crossed #1),Clare Edge,"Edge, Clare",,"=""""","=""9798217299874""",0,Delacorte Press,Kindle Edition,,2027,2027,,2026/08/04,"to-read, advanced-reader-copy, book-digital","to-read (#462), advanced-reader-copy (#2), book-digital (#55)",to-read,,,,0,0
220864544,"Adversary to the Villain (Assistant to the Villain, #4)",Hannah Nicole Maehrer,"Maehrer, Hannah Nicole",,"=""""","=""""",0,,Paperback,352,2026,2026,,2026/08/04,to-read,to-read (#461),to-read,,,,0,0
216599364,I See You've Called in Dead,John Kenney,"Kenney, John",,"=""""","=""9798989923038""",0,Zibby Publishing,Kindle Edition,309,2025,2025,,2026/08/01,currently-reading,currently-reading (#3),currently-reading,,,,1,0
56351969,화이트 블러드 1 [White Blood 1],Lina Lim,"Lim, Lina",임리나,"=""""","=""9791190153577""",5.0,영컴,Paperback,304,2020,2020,2021/11/12,2023/06/16,"to-read, manhwa, official-translations, favorite-books, favorite-manhwa-manga","to-read (#235), manhwa (#102), official-translations (#39), favorite-books (#7), favorite-manhwa-manga (#20)",to-read,"It took nearly a year to finish this webtoon! I loved every second of it.<br/>FYI: There is A LOT of gore, strong language, and sensitive material in this read. <br/><br/>The art is 100/10 gorgeous. I loved every single 'frame' of this Webtoon. The characters whether protagonist or antagonist was beautiful. Each of the characters has such depth to their lives. It served to better allow us, readers, to look into their motives/actions and understand what drove their goals and ambitions and changed them into who they are.<br/><br/>The main female lead isn't one to mope and cry. She's such a strong badass queen. If she were real I'd bow to her presence honestly. I love the main couple through thick and thin they have been consistent and true to each other and I find so that so attractive. The visuals are again off the charts (I'm happy to ship the couple at the end too!).<br/><br/>I almost wished this webtoon was a bit longer, but I'm satisfied with how it ended in all honesty. It tied up very nicely and was quite satisfying how everyone received their justice. <br/><br/><spoiler><br/>I love Daniel; I'm so happy this furball made it to the finale! The ending kiss was just goals! I'm so glad I spent the year with this wonderful story. <br/></spoiler>",,,1,0
242975495,Everything was Beautiful and Nothing Hurt,Ben   Reeves,"Reeves, Ben",,"=""1668216361""","=""9781668216361""",0,Avid Reader Press / Simon & Schuster,Hardcover,256,2026,2026,,2026/07/28,to-read,to-read (#460),to-read,,,,0,0
19755850,"The Wishing Spell (The Land of Stories, #1)",Chris Colfer,"Colfer, Chris",,"=""""","=""""",0,"Little, Brown Books for Young Readers",Kindle Edition,454,2012,2012,,2026/07/28,currently-reading,currently-reading (#2),currently-reading,,,,1,0
210191671,Katabasis,R.F. Kuang,"Kuang, R.F.",,"=""0063021498""","=""9780063021495""",0,Harper Voyager,Kindle Edition,567,2025,2025,2026/06/28,2025/10/10,"borrowed-library, book-digital","borrowed-library (#7), book-digital (#43)",read,,,let's say i completed this book just before my trip to bangladesh.,1,0
247567425,"Act Like You Love Me!, Vol. 1: A WEBTOON Unscrolled Graphic Novel",Xuann,"Xuann, Xuann",,"=""1834110521""","=""9781834110523""",0,WEBTOON Unscrolled,Paperback,288,2026,2026,,2022/12/12,to-read,to-read (#105),to-read,,,,0,0
61640611,"実は私が本物だった 2 (I am the Real One, Vol. 2)",Yuun,"Yuun, Yuun",March,"=""4758017875""","=""9784758017879""",0,一迅社,Paperback,157,2022,2022,,2021/11/14,to-read,to-read (#46),to-read,,,,0,0
220892644,"Accomplice to the Villain (Assistant to the Villain, #3)",Hannah Nicole Maehrer,"Maehrer, Hannah Nicole",,"=""1649375549""","=""9781649375544""",0,Entangled: Red Tower Books,Kindle Edition,386,2025,2025,,2026/03/03,"borrowed-library, book-digital, on-hold","borrowed-library (#110), book-digital (#53), on-hold (#8)",on-hold,,,,1,0
123009515,"Two Twisted Crowns (The Shepherd King, #2)",Rachel Gillig,"Gillig, Rachel",,"=""0316312886""","=""9780316312882""",0,Orbit,Kindle Edition,449,2023,2023,,2025/12/18,on-hold,on-hold (#7),on-hold,,,,1,0
75355763,Morrow's Con: Opening Gambit (Morrow's Con Stories Book 1),Earl  James,"James, Earl",,"=""""","=""""",0,Pluribus Enterprises,Kindle Edition,287,2022,,,2026/05/27,"onlinebookclub, to-read","onlinebookclub (#1), to-read (#459)",to-read,,,,1,0
213284169,The Inheritance Games Four-Book Collection,Jennifer Lynn Barnes,"Barnes, Jennifer Lynn",,"=""0316582298""","=""9780316582292""",0,"Little, Brown Books for Young Readers",Kindle Edition,1975,2024,,,2026/07/01,to-read,to-read (#458),to-read,,,,1,0
55172014,Under the oak tree 1,P .,"., P",,"=""""","=""""",4.0,리디북스,ebook,,2020,2024,2021/08/11,2021/02/14,manhwa,manhwa (#98),read,"So this review is definitely a bit late since I completely forgot to write it after completing it. I will express that communication is KEY!!! I re-read the season for good measure and I have to say the second read-through was just as enjoyable as the first. Maxi is just an adorable and precious person. She's working through her problems and self-esteem issues slowly but surely and her progress is admirable. I love Ruth and her friendship immensely as he doesn't go and judge her and listens to her problems. He isn't pushy but he will push her out to be more open and act as the lady of the house as she should be. She's grown a great deal and her relationship with Riftan is also one that I love a lot. It has its ups and downs but I can tell they both have their self-problems that they are trying to work on for themselves as well as for each other. I'm looking forward to more sweet moments with these two and more communication as we got in the last chapter of the first season. Agnes also as a sidenote <spoiler> LOVE HER! Finally, a female companion that is not a love rival but also one that looks like will help Maxi grow stronger. She seemed like the type to be eying Riftan from the start but we were all pleasantly wrong! Looks like it's the King who wanted to get his daughter married to Riftan. Agnes is definitely not interested. </spoiler>",,,1,0
61220108,사실은 내가 진짜였다 1 [Sasil-eun Naega Jinjjayeossda 1],Yuun,"Yuun, Yuun","유운, March, 삼월","=""""","=""9791138504423""",5.0,연담,Paperback,336,2022,2022,2021/11/14,2026/06/26,manhwa,manhwa (#80),read,"Season 1  Chapters 0-40 completed!<br/><br/>The beginning was definitely hard to get through but then at some point, the ball started to roll without anything in its path! I hate Cosette with a passion (<spoiler>even more so when she finally appears in the manhwa</spoiler>) Zeke, her little brother is so precious! His protectiveness for his sister is just so sweet and cute! The VP of the knights is so sweet and so is the Magician that turned back time... overall so many friends over foes and I'm here for it.<br/><br/>I'm not sure if there will be a ML in this manhwa considering how the events of the plot all focus on Kiera's gradual love and acceptance for herself. Her self love and desires to be a better person for herself is just so adorable. Watching her grow is making me feel like a proud mother haha.",,,2,0
55782095,어떤 계모님의 메르헨 1 [Eoddeon Gyaemo-nim-eui Märchen 1] (The Fantasie of a Stepmother #1),ORKA,"ORKA, ORKA","Spice&Kitty, 냥이와향신료","=""1129360784""","=""9791129360786""",0,캐롯툰 ,Paperback,284,2020,2020,,2021/11/18,to-read,to-read (#49),to-read,,,,0,0
59455395,"사실은 내가 진짜였다 1-5 [Sasil-eun Naega Jinjjayeossda 1-5] (I Am the Real One [Novel], #1-5)",March,"March, March",삼월,"=""""","=""9791165095031""",0,면담,ebook,,2020,2019,,2021/11/14,to-read,to-read (#47),to-read,,,,0,0
59025391,"악녀는 마리오네트 1-4 [Agnyeoneun Marionette 1-4] (The Villainess is a Marionette [Novel], #1-4)",Hanirim,"Hanirim, Hanirim",한이림,"=""""","=""9791165098742""",0,연담,Paperback,1552,2021,2018,,2023/01/06,to-read,to-read (#122),to-read,,,,0,0
242248459,From a Knight to a Lady Volume 1,Ein,"Ein, Ein","ink., Hyerim Sung","=""8198763686""","=""9788198763686""",0,Crossed Hearts,Paperback,378,2026,2017,,2022/04/04,to-read,to-read (#79),to-read,,,,0,0
211809571,Emily Wilde's Compendium of Lost Tales (Emily Wilde #3),Heather Fawcett,"Fawcett, Heather",,"=""0593500237""","=""9780593500231""",0,Del Rey,Kindle Edition,368,2025,2025,,2026/01/08,"on-hold, book-digital, borrowed-library","on-hold (#6), book-digital (#54), borrowed-library (#111)",on-hold,,,,1,0
247687667,Her Life in Ruins,Cynthia W. Gentry,"Gentry, Cynthia W.",,"=""1419788221""","=""9781419788222""",0,akaSTORY,Paperback,416,2027,,,2026/05/29,"currently-reading, advanced-reader-copy","currently-reading (#1), advanced-reader-copy (#1)",currently-reading,,,,1,0
217506549,The Ghostwriter,Julie   Clark,"Clark, Julie",,"=""1464221286""","=""9781464221286""",0,Sourcebooks Landmark,Hardcover,328,2025,2025,,2026/05/29,to-read,to-read (#457),to-read,,,,0,0
54493401,Project Hail Mary,Andy Weir,"Weir, Andy",,"=""0593135202""","=""9780593135204""",0,Ballantine Books,Hardcover,476,2021,2021,,2026/05/29,to-read,to-read (#456),to-read,,,,0,0
231692454,"Everyone in This Bank Is a Thief (Ernest Cunningham, #4)",Benjamin   Stevenson,"Stevenson, Benjamin",,"=""0063434385""","=""9780063434387""",0,Mariner Books,Hardcover,358,2026,2026,,2026/05/29,to-read,to-read (#455),to-read,,,,0,0
235629795,"The Trident and the Pearl (The Fisher King, #1)",Sarah K.L. Wilson,"Wilson, Sarah K.L.",,"=""0316586579""","=""9780316586573""",0,Orbit,Paperback,464,2026,2026,,2026/05/27,to-read,to-read (#454),to-read,,,,0,0
222476092,How to Kill a Witch: The Patriarchy's Guide to Silencing Women,Zoe Venditozzi,"Venditozzi, Zoe",Claire   Mitchell,"=""1464241228""","=""9781464241222""",0,Sourcebooks,Hardcover,320,2025,2025,,2026/05/27,to-read,to-read (#453),to-read,,,,0,0
56685539,악역의 엔딩은 죽음뿐 1-5 [Ag-yeog-eui Ending-eun Jug-eumbbun 1-5],Gwon Gyeoeul,"Gyeoeul, Gwon",권겨을,"=""1126452203""","=""9791126452200""",5.0,디앤씨미디어,Paperback,2408,2020,2019,2022/01/15,2026/05/18,"light-novel-translations, favorite-manhwa-manga","light-novel-translations (#11), favorite-manhwa-manga (#11)",read," @231 (0ne of the side stories)<br/><br/>I've completed the Main Story and it is hands down a MUST READ! It has a fantastic plot twist and it's well worth reading for that moment when everything clicks together. Penelope isn't one of those female leads that cries about everything and lets the world step on her once before deciding to finally throw a punch. She takes charge as soon as the opportunity becomes available to her. The worldbuilding is a bit lacking but the characters provided make up for it. <br/><br/>It is one of those stories where the female lead is from a different world and is migrated into the new magical world the plot takes place in. However, what I think sets it apart from the rest is the constant reminder of the world's fakeness. From her past, the main lead female is actually introduced to all of the characters of the new world through an otome game she played during her spare hours. The game has 2 modes normal and hard (Penelope jokes that the normal mode is actually easy considering all the endings to each of the routes were easy as pie. The hard mode was more or less absolute hell and she became increasingly attached to the villain (Penelope) in the game as her and the villianess' stories were starting to merge into the same. <br/><br/>After countless deaths in the game, she falls asleep to awake in the game as Penelope herself. However, unlike the game with retries, this time she can not retry and death was permanent. <br/><br/>I highly recommend this read (though some of the fan-translated chapters make you want to rip out your hair, it is still better than nothing at all). There are some scenes I do which I could have redone for clarity purposes but otherwise fantastic books. The side stories give me reasons to hate the characters I've learned to love so I'll have to drop it for the time being until I can handle getting though them. The Main story was conclusive but I do understand that unlocking all the routes' endings is the end goal. Overall best book of the year. Penelope has a place in my heart.  ",,,2,0
220487339,Everything Is Tuberculosis: The History and Persistence of Our Deadliest Infection,John  Green,"Green, John",,"=""1101592419""","=""9781101592410""",4.0,Crash Course Books,Kindle Edition,206,2025,2025,2026/02/08,2025/09/02,,,read,,,,1,0
228329421,"Mate (Bride, #2)",Ali Hazelwood,"Hazelwood, Ali",,"=""0593952596""","=""9780593952597""",4.0,Berkley,ebook,457,2025,2025,2026/04/27,2025/05/23,"book-digital, borrowed-library","book-digital (#52), borrowed-library (#109)",read,"I read <a href=""https://www.goodreads.com/review/show/7589617825"">Bride</a> (Twice) and loved it both times. It's cliché with its many common tropes, sweet characters, and the spicy but tender romance. I ADORED IT.  <br/><br/>This book... was very different in its approach. I, off the bat, completely hated both Serena and Koen. Koen because he was a special fucker.. an exceptional asshole, but he was truthful (ish) and dependable at the very least. Serena was a straight-up LIAR for the majority of the book. I could not understand for the life of me how Misery could jump into a marriage with the original intention of finding and reuniting with her adoptive sister and bestie Serena, but Serena, slowly crumpling with little to no time, refused to even share the rest of her time with Misery at the very least?? The selfishness was absolutely insane. I got why she felt as she did, but gods... I was finding it unbearable for the longest.<br/><br/>I was genuinely praying for someone to fold first cause the secondhand embarrassment I was experiencing through Serena was unfounded. Koen folded around the 50% mark, making the rest of the novel much more entertaining and a breath of hope for the story and characters. Koen and Serena's relationship was and is very rough and intense. It was vastly different from Lowe and Misery's relationship, which was much more titillating and romantic. <br/><br/>(I'm down bad for MiseryxLowe, so I loved every one of Misery's inclusion and involvement throughout the book. It was very grounding to see Misery and Serena's relationship bonding too.) <br/><br/>Truthfully, I gave Bride 4 stars originally, but even after the second read, it was entertaining and thoroughly scratched that nostalgic 2010s Wattpad-era itch. Therefore, I'd revised my rating to 5 stars. Now, regarding this book, it concluded well, and the story and lore were phenomenal. I loved how it was time-lined and switching back and forth till it caught up to the present. I loved the ongoing jokes, banter, and teasing. I just was not expecting so much more dark, intense lusting and roughness, it was almost borderline toxicity rather than mutual love. <br/><br/>Though it worked out, and honestly, it was a good ending. Since it did make me happy, especially the little nuances and moments that carried over from the first book, I did like the book overall. 4/5 stars for now, but that is subject to change as I see fit. ",,,1,0
48664052,"Witch Hat Atelier, Vol. 4",Kamome Shirahama,"Shirahama, Kamome",,"=""1646591062""","=""9781646591060""",0,Kodansha Comics,Kindle Edition,192,2019,2018,,2026/02/10,"manga, to-read","manga (#140), to-read (#452)",to-read,,,,0,0
181344829,"Bride (Bride, #1)",Ali Hazelwood,"Hazelwood, Ali",,"=""""","=""""",5.0,Berkley,Kindle Edition,410,2024,2024,2025/05/24,2025/05/21,"borrowed-library, book-digital, favorite-books","borrowed-library (#17), book-digital (#21), favorite-books (#11)",read,"May 24, 2025<br/>Honestly, I read it for the vibes and finally got the audiobook to read along with and what a ride it was for 14.5 hours. I had seen reviews on YouTube saying it was kinda a book that knew how to poke fun at itself time to time and not to really take it seriously to heart. <br/><br/>I liked the witty off-the-cuff remarks the female lead, Misery, made even in situations that may be a lot more dire and gosh, it was a treat. I wished there was more Owen in the book, but I did like to see how everything came together by the end as it did. The romance development was a wild-WILD journey, but a good, easy/fast read as is most of Ali Hazelwood’s books. In my opinion, this was honestly a good way to spend my time the last few days.<br/><br/>The ending was a shock🔥 I will probably pick up the next book in the series when it comes out.<br/><br/>--- April 24, 2026<br/>I reread the book and it was delightful. I loved the jokes still and the chemistry between our two leads Misery and Lowe Moreland. I truly wasn't sure what to honestly expect from a second re-read but man it was still fun and good. I had a good time honestly with the lore and the character's conflict and banter and romance. <br/><br/>I'll actually go pick up book 2: [b:Mate|228256271|Mate (Bride, #2)|Ali Hazelwood|https://i.gr-assets.com/images/S/compressed.photo.goodreads.com/books/1761312608l/228256271._SY75_.jpg|237537379] right away to read with an updated version of my knowledge on the Vampyres, the Weres, the Humans, and all the characters caught in the crossfire of their interspecies conflicts.",,,2,0
50623864,The Invisible Life of Addie LaRue,V.E. Schwab,"Schwab, V.E.",Victoria Schwab,"=""0765387565""","=""9780765387561""",0,Tor Books,Hardcover,448,2020,2020,,2026/04/24,to-read,to-read (#451),to-read,,,,0,0
242109300,"Bound (Bound and Unbound, #1)",Ali Hazelwood,"Hazelwood, Ali","Brittany Pressley, William MacLeod","=""""","=""""",0,,Audiobook,8,2025,2025,,2026/04/24,to-read,to-read (#450),to-read,,,,0,0
196915235,"Butcher & Blackbird (The Ruinous Love Trilogy, #1)",Brynne Weaver,"Weaver, Brynne",,"=""""","=""""",0,Zando,Kindle Edition,355,2023,2023,,2026/04/24,to-read,to-read (#449),to-read,,,,0,0
123253400,"남편을 내 편으로 만드는 방법 1 (How to Win My Husband Over, Vol. 1)",Siru,"Siru, Siru",Spice&Kitty,"=""""","=""9791140452385""",0,캐롯툰,Paperback,280,2023,2023,,2026/04/23,to-read,to-read (#448),to-read,,,,0,0
61435410,"The Invisible Man and His Soon-to-Be Wife, Vol. 1",Iwatobineko,"Iwatobineko, Iwatobineko",,"=""""","=""9781685794651""",0,Seven Seas,Paperback,128,2023,2021,,2026/04/23,to-read,to-read (#447),to-read,,,,0,0
222615913,Girl Dinner,Olivie Blake,"Blake, Olivie",,"=""1250883474""","=""9781250883476""",0,Tor Books,Kindle Edition,349,2025,2025,,2026/04/11,to-read,to-read (#446),to-read,,,,1,0
216246432,The Emperor's Caretaker 01,Haruki Yoshimura,"Yoshimura, Haruki","Ichiha Hiiragi, Aya Shouoto","=""1646098234""","=""9781646098231""",0,Square Enix Manga,Kindle Edition,,2025,2022,,2026/04/22,to-read,to-read (#445),to-read,,,,0,0
202730948,"The Perks of Being an S-Class Heroine, Vol. 1",Grrr,"Grrr, Grrr","Irinbi, Shirley Chen","=""""","=""9798400901607""",0,Ize Press,Paperback,302,2024,2024,,2026/04/22,to-read,to-read (#444),to-read,,,,0,0
220999062,Funny Story,Emily Henry,"Henry, Emily",,"=""0593441214""","=""9780593441213""",0,Berkley,Paperback,416,2025,2024,2026/03/25,2026/04/21,"book-physical, borrowed-library","book-physical (#77), borrowed-library (#108)",read,,,,1,0
195820804,Just for the Summer,Abby Jimenez,"Jimenez, Abby",,"=""1538767449""","=""9781538767443""",0,Forever,Hardcover,432,2024,2024,2026/03/15,2026/04/21,"book-physical, borrowed-library","book-physical (#76), borrowed-library (#107)",read,,,,1,0
75713324,嘘解きレトリック 1 [Usotoki Rhetoric 1],Ritsu Miyako,"Miyako, Ritsu",都戸利津,"=""4592196333""","=""9784592196334""",0,白泉社,Comic,192,2013,2013,,2026/04/21,to-read,to-read (#443),to-read,,,,0,0
57693172,A Flicker in the Dark,Stacy Willingham,"Willingham, Stacy",,"=""1250803829""","=""9781250803825""",0,Minotaur Books,Hardcover,357,2022,2022,,2026/04/21,to-read,to-read (#442),to-read,,,,0,0
32733294,コレットは死ぬことにした 1 [Colette wa Shinu Koto ni Shita 1],Alto Yukimura,"Yukimura, Alto",幸村アルト,"=""4592213815""","=""9784592213819""",0,白泉社,Paperback,170,2014,2013,,2026/04/16,to-read,to-read (#441),to-read,,,,0,0
240583620,Beautiful Nightmare,Katee Robert,"Robert, Katee",,"=""1662534736""","=""9781662534737""",3.0,Amazon Original Stories,Kindle Edition,52,2025,2025,2026/02/13,2026/02/13,,,read,"I was honestly not feeling it for a minute at the start because I had the idea of monsters inc seered into my brain when I picked it up. I do have to say I was not expecting that reveal at the end to be what it was... It was a very short read, and it was interesting how it played out. I'm not saying it was great, but it was a good read for a short story that reached the end and left no loopholes. So I'll give it a 3/5. I do wish there were different perspectives to further add to the depth of the characters but it was fine as it was. ",,,1,0
240583631,Space Vampire,Ruby Dixon,"Dixon, Ruby",,"=""1662533888""","=""9781662533884""",3.0,Amazon Original Stories,Kindle Edition,77,2025,2025,2026/02/12,2026/02/12,book-digital,book-digital (#51),read,It's been a while since I've finished reading this book and honestly it wasn't bad. I just didn't think too hard about it as I read and actually missed that he had a tail the entire time which was hilarious after I read some reviews on the book. I believe that this particular book in the series was more smutty compared to the others before it. <br/><br/>I'll give the book credit in that it was very well structured and had great chemistry between the two characters actually getting along for their benefit then slowly considering the other's comfort over their own as they got closer to one another. It was a great close to the story as well so I'm not mad at the story in the least so it will get a 3/5 from me. ,,,1,0
228256270,It's Different This Time,Joss Richard,"Richard, Joss",,"=""""","=""9798217093663""",0,Dell,Kindle Edition,422,2025,2025,,2026/02/22,to-read,to-read (#440),to-read,,,,1,0
240581511,Hot for Slayer,Ali Hazelwood,"Hazelwood, Ali",,"=""166252840X""","=""9781662528408""",5.0,Amazon Original Stories,ebook,94,2025,2025,2026/02/09,2026/02/08,book-digital,book-digital (#48),read,"In honor of Valentine's Month(?) I decided to read this silly little book series Scared Sexy just for giggles so here's book one!<br/><br/>Clocking in at under 100 pages, this book had no business having as much depth and charm as it did. I’m a known sucker (pun fully intended) for enemies-to-lovers, and this delivered exactly what I crave. Tell me you wouldn’t fall a little bit for a man who’s had a massive crush on you for centuries—so intense that he hunts you down through time, stabs you every chance he gets just to see you, and would gladly kill anyone who gets in the way. Completely unhinged. Completely effective. I was in a chokehold.<br/><br/>Dirty jokes aside, I knew going in that this wouldn’t be a serious read, but it was genuinely fun. The story made it easy to imagine the centuries of pining and tangled obsession between these two long before the book ever begins. Ethyl’s backstory was surprisingly tragic and clearly explained her need to belong—to have people she could call her own. Lazlo’s backstory, particularly how his crush on Ethyl developed, was oddly adorable despite the violence baked into their dynamic. Against my better judgment, I fully condoned their murderous enemies-to-lovers arc.<br/><br/>The ending/climax reminded me of [b:Bride|181344829|Bride (Bride, #1)|Ali Hazelwood|https://i.gr-assets.com/images/S/compressed.photo.goodreads.com/books/1730451646l/181344829._SY75_.jpg|185069024] by Ali Hazelwood, and honestly? It worked. It felt natural (even if it's a paranormal story), satisfying, and perfectly tied up loose ends neatly. For something short, silly, and unapologetically chaotic, Hot for Slayer was an absolute delight.",,,1,0
56922112,"참아주세요, 대공 [Cham-ajuseyo, Daegong]",Jin Soye,"Soye, Jin","Pudica, 진소예","=""""","=""9791161393773""",0,윤송스피넬,ebook,,2020,2020,,2023/02/08,to-read,to-read (#142),to-read,,,,0,0
61374793,I Am Not Jessica Chen,Ann Liang,"Liang, Ann",,"=""133552312X""","=""9781335523129""",0,HarperTeen,Hardcover,320,2025,2025,,2026/02/12,to-read,to-read (#439),to-read,,,,0,0
240583632,Spicy Little Curses,J.T. Geissinger,"Geissinger, J.T.",,"=""1662535074""","=""9781662535079""",3.0,Amazon Original Stories,Kindle Edition,90,2025,2025,2026/02/11,2026/02/11,book-digital,book-digital (#50),read,"I’m genuinely conflicted about how to rate this one because it was better than [b:Falling|240583638|Falling|Christina Lauren|https://i.gr-assets.com/images/S/compressed.photo.goodreads.com/books/1769514015l/240583638._SX50_.jpg|258647220], but not more than [b:Hot for Slayer|240581511|Hot for Slayer|Ali Hazelwood|https://i.gr-assets.com/images/S/compressed.photo.goodreads.com/books/1756061884l/240581511._SY75_.jpg|258642212]. Maybe I'll have to go back and make adjustments to my ratings later as I see fit. <br/><br/>On one hand, I liked the story itself. The lore behind the curse was intriguing, and the eventual resolution felt thoughtful and emotionally grounded. I loved the world-building too, as it truly felt like the world of voodoo and dark magic, similar to The Princess and the Frog movie. <br/><br/>Dax fits squarely into the brooding, moody male archetype (which is to say he is quite basic despite his magically inked body)—burdened with a curse that causes any woman who falls in love with him to die. It’s dramatic, tragic, and very Halloween-coded. That part is fine.<br/><br/>Petra, however, was more complicated. I didn’t love the term of endearment “Notebook” (a nod to her being a journalist). It never quite landed as charming and instead felt awkward. I also struggled with her pushy nature at times; it wasn't charming in the slightest, seeing her cross his boundaries like it's nothing. That said, their banter was genuinely enjoyable—sharp, quick, and often the highlight of their dynamic. When they were simply talking, the chemistry felt fun.<br/><br/>My larger issue is structural.<br/><br/>This series consists of short Halloween-themed standalones written by different authors, each set in entirely separate worlds. They are not meant to overlap or build a shared universe. So it was frustrating that this story dropped hints of something much bigger—threads that felt like the start of a broader mythology—without resolving them. It ends with unanswered cliffhangers that suggest an expanding universe… but this is the universe. There’s nowhere else for those threads to go (unless I'm missing the memo that this story has a follow-up somewhere floating in the ether).<br/><br/>When I finished it, I thought it was fine—solid, entertaining, and resolved enough. But sitting with it a day later, the open-ended implications don’t feel satisfying. They feel incomplete.<br/><br/>I enjoyed the curse lore. I liked the central premise. I appreciated the banter. But the tonal and structural choices—especially for what’s supposed to be a contained standalone—leave me uncertain.<br/><br/>So for now, it sits somewhere in the middle. Not a miss, but not okay.",,,1,0
240583638,Falling,Christina Lauren,"Lauren, Christina",,"=""1662533586""","=""9781662533587""",2.0,Amazon Original Stories,Kindle Edition,56,2025,2025,2026/02/10,2026/02/10,book-digital,book-digital (#49),read,"That ending was criminal.<br/><br/>It honestly took until the pub conversations for me to feel genuinely invested in their (Brigan, our fallen angel, and Catalina) relationship. Up until then, the physical attraction was obvious, and the chemistry was there, but it wasn’t enough to fully pull me in. It was those quieter moments—being honest over drinks, trading witty banter, actually talking—that made them feel real. That’s when I started rooting for them.<br/><br/>Which is exactly why the abrupt ending was so frustrating.<br/><br/>The story cuts off just shy of any meaningful resolution. For something that hinges on a curse, there’s surprisingly little clarity about how it could be broken—or if it even was. Are we supposed to assume Brigan’s curse was somehow undone? Was she meant to become immortal to stay with him? None of it is clearly addressed, which makes the conclusion feel incomplete rather than open-ended.<br/><br/>I wouldn’t say I hated the book, but I disliked it. The stakes were relatively low (considering this is just a silly Romance series set in Halloween that I'm reading in the wrong season, but I digress), and there were genuinely enjoyable moments. But coming off [b:Hot for Slayer|240581511|Hot for Slayer|Ali Hazelwood|https://i.gr-assets.com/images/S/compressed.photo.goodreads.com/books/1756061884l/240581511._SY75_.jpg|258642212], which had surprising depth, satisfying character arcs, and a conclusive ending, my expectations were clearly set high for the series overall. In comparison, this one felt underdeveloped—particularly in its final act.<br/><br/>The potential was there. The emotional groundwork was there. The execution at the end just didn’t quite follow through for me.<br/><br/>For now, I’ll mentally fantasize and give the characters the ending they deserve.",,,1,0
134119076,"Emily Wilde’s Map of the Otherlands (Emily Wilde, #2)",Heather Fawcett,"Fawcett, Heather",,"=""0593500202""","=""9780593500200""",4.0,Del Rey,Kindle Edition,370,2024,2024,2026/01/06,2025/12/02,"borrowed-library, book-digital","borrowed-library (#5), book-digital (#5)",read,"Emily Wilde’s Map of the Otherlands was just as fantastical as the first book, though notably less cozy in atmosphere. The moments of humor and calm between Emily and Wendell were present, but far more sparingly. The overall story had a sharper sense of tension and urgency which makes sense because poor Wendell got poisoned on his birthday of all days (no this isnt a spoiler it happens within the first two chapters).<br/><br/>Emily continues to be the novel’s greatest strength. Her intelligence and resourcefulness are repeatedly emphasized, especially in contrast to Rose, whose role as both antagonist and uneasy ally highlights how consistently capable Emily is. I did wish Ariadne had been more involved, but her limited role ultimately made sense—she remains too young to be pivotal until her fresh perspective becomes necessary to move the plot forward.<br/><br/>The underlying lore surrounding the missing scholars, De Grey and Eichorn, was intriguing, but it ultimately became my greatest frustration with the book. By the end, they felt more like the fae who tormented them than the scholars they once were. I had hoped they would represent a breakthrough—answers, clarity, or even active resistance—but instead we relied solely on Emily to figure it out by herself. She is brilliant, but I find it a tiny bit of stretch for her to solve a decades-old mystery in a couple of weeks. While this reinforced Emily’s strength as a protagonist, it made their long-anticipated presence feel underwhelming.<br/><br/>Speaking of underwhelming, I had not expected Wendell’s stepmother to be that careless especially after giving her grand speech of mortals being the dangerous ones despite Faeries having such power, numbers and strength. That whole interaction was well meaning to show how prepared Emily was, but still.. Maybe as a reader I had expected a longer fight between two mortals involved in Faerie court systems.<br/><br/>That said, the novel does an excellent job of setting the stage for what’s to come. With war looming and the next book poised to explore a fight for the throne, I’m eager to see how the suspicious “saviors” from the Summer Court will help—or harm—our protagonists when the stakes are no longer purely academic, but political and deadly.<br/><br/>While less cozy than its predecessor, Map of the Otherlands expands the world, sharpens its conflicts, and leaves the series on a compelling precipice that makes the next installment impossible not to anticipate.",,,1,0
219865808,Overruled,Lana Ferguson,"Ferguson, Lana",,"=""0593549406""","=""9780593549407""",3.0,Berkley,Kindle Edition,430,2025,2025,2026/01/12,2025/12/23,"borrowed-library, book-digital","borrowed-library (#4), book-digital (#4)",read,"It legitimately took me 3 weeks to get into just 20% of this book. It finally started picking up for me after seeing just how dysfunctional Ezra's family is and how he copes to keep me from losing it, coping with Dani's indecisions/defensiveness. I made several comments throughout the first and mid-part of the book about the characters honestly seeking therapy. Dani's inability to work through and face her abandonment issues and relationship trauma was frustrating to the point I could not enjoy the book for the longest part.<br/><br/>I honestly read the rest of the 80% in one day (crazy enough, the ball kept rolling once it started). I think I was being harsh with Dani's defensiveness and avoiding the issues she had head-on. Ezra's issues, I can see how hard he was cornered, especially with how unsupported he is professionally and personally. <br/><br/>The good about the book outweighed the rough start.<br/><br/>I'm glad the issues were worked through slowly but surely throughout the book with a satisfying ending. I liked the interactions between the two leads and their biting banter. I, would have loved a more charming first impression of Dani, but she got better as she started to process and unpack her traumas. When things got intense between the two of them, it got INTENSE. On a side note, I loved Nate and Vera's quips and supportive roles. I'll miss them when I think back on this book in the future. The case being solved and disputed was also very much satisfying to see close and open up new opportunities. The Casaragi case was a bit bland, but I adored Mrs.Casaragi's strength and resolve to bring that Lorenzo scumbag to his knees. It was genuinely satisfying to see how things unfolded and the plot thickened.",,,1,0
220341756,Not Quite Dead Yet,Holly  Jackson,"Jackson, Holly",,"=""0593977068""","=""9780593977064""",4.0,Bantam,ebook,385,2025,2025,2026/02/07,2025/10/23,"book-digital, borrowed-library","book-digital (#47), borrowed-library (#101)",read,"I knew how this would end. We were warned in the synopsis and again in the opening chapters. And still, when it finally happened, it shocked me and left me heartbroken.<br/><br/>Watching Jet fall apart—even as she kept reminding herself and us that she was dying—was devastating. The moment that hurt the most was her final realization about Billy: initially suspecting him, knowing deep down he wasn’t the one, and choosing peace over answers. He wanted to tell her something just so she could have closure, but Jet was already complete by then. That unrequited love between them made me bitter in the way only a hopeless romantic can be. She knew it wasn’t in their stars and wanted him to find new ones—and that acceptance hurt more than denial ever could. <br/><br/>Billy ended up being the emotional backbone of the story, and I regret my early impressions of him (a nerdy, quiet guy just trying to shoot his shot). I adored his own silent grieving and bonding with Jet till the end. Jet’s dark, copium humor pulled me in immediately, and I found myself relating to her more than I expected—the belief that there’s always more time, the way commitments get postponed, the restless search for something to do. I felt miserably hopeless alongside her, and it made her final days—so productive, so honest—feel both refreshing and unfair.<br/><br/>Her letters absolutely destroyed me. I truly cried the most when I read her handwritten letters for her family and loved ones. It tied up her story neatly, though not all answers would be given by the end of the book.<br/><br/>The ending is one I both love and hate. I hated the funeral. I hated that there was a funeral at all. I hated the small, irrational part of me that hoped for a miracle. But the more I sat with it, the more it felt inevitable—something Jet herself seemed to understand. Her heartbreak wasn’t just for herself, but for Billy and the ending of a story they never truly got to live.<br/><br/>I didn’t love how everything ""resolved"" at first, especially the final act of violence, but with time I appreciated the sense of consequence. I needed to let my mind stew on the consequences and climax at the end of the story, it truly went to shit there Billy... No one escapes untouched. Everyone moves toward the ending they’ve earned, whether on the page or implied beyond it. That quiet closure is what ultimately made it work for me. (spoilers here: <spoiler><br/><br/>Let's be honest, Jack deserved that bullet through his brain with no consideration or time to grieve his life coming to an end there. He easily took Jet's time, so he had no right or time to mourn his own death. (I find it hilarious he ran to Diane for help like he wasn't the reason why both her daughters died, and now her son is going to jail now. The man was fucking delusional lmao!) <br/><br/>It was unlikely Luke would go to jail for killing Emily or the tax evasion other crap he's pulled. So him pulling the trigger on Jack in broad day light infront of the doorbell camera was perfection. He deserves jail time.<br/><br/>Next Sophia is a cunty golddigger. So she can continue raising her and Luke's baby on her own while her hubby is in jail and lose any active income from her father-in-law's company.<br/><br/>I hope Jet's dad grows some balls, besides some healthier kidneys, and divorces his cheating wife, Diane, and officially sells whatever is left of Mason Construction to Nell. Buddy, hopefully you stick to your health and not join Jet in heaven a long, long time.<br/><br/>Diane, I personally hope the town finds out about your infedelity and kicks you to the curb for it. You'd better learn that you are the reason for how your life is turned out the way it did. Shifting blame won't work this time.<br/><br/>I hope JJ is acquitted and Henry Lim gets his health in check after coming forward to bury Luke legally with more incriminating facts and paperwork. They need a break from the Mason's Family drama. (I pray that the gun used won't cause them any issues but actually bring to light how bad the situation was between the two brothers vs Luke's shady business tactics)<br/><br/>Lastly, I hope Billy can find new stars and have their (Jet's and his) reunion in another life where their stars better align next time.  <br/><br/>Actually, truly last, Reggie, you're a good boy; so live your life happy and healthy until the end!<br/><br/>I hope everyone gets what's coming to them, good and bad.. </spoiler>)<br/><br/>I had fun retelling the story to my mom and siblings. It took not too long (about 3 days to read), but the story continues to stick long after. It’s bitter, painful, and deeply human—and even if it broke my heart, I’m glad I read it.",,,1,0
217203110,My Friends,Fredrik Backman,"Backman, Fredrik",Neil   Smith,"=""1982112840""","=""9781982112844""",5.0,Atria Books,Kindle Edition,435,2025,2025,2026/02/04,2025/12/31,"book-digital, borrowed-library, favorite-books","book-digital (#46), borrowed-library (#100), favorite-books (#9)",read,"I fell in love with the way this book is written—the way the words flow so naturally they feel less like prose and more like a quiet conversation between me and the page. There’s an intimacy to the narration that makes you forget you’re reading at all; instead, you’re listening, remembering, feeling alongside it.<br/><br/>I adored how the story is slowly chipped away and revealed, how moments echo across chapters, resurfacing later with deeper meaning. It’s the kind of storytelling that trusts the reader—to notice, to remember, to feel. I don’t even think I’m competent enough to fully articulate how emotional this book made me, or how deeply enamored I became with those teenagers on the pier, with Louisa and Ted, as their lives stretched across time and distance.<br/><br/>Reading [b:My Friends|217163697|My Friends|Fredrik Backman|https://i.gr-assets.com/images/S/compressed.photo.goodreads.com/books/1734625930l/217163697._SY75_.jpg|223642719] felt like being wrapped in a hug from my childhood. I craved this book like a swim on a hot summer day, a cold soda after a run, and a bedtime story under cozy, soft sheets. How the hell did I go my entire life without reading this masterpiece?<br/><br/>The way these people loved and lived was both awe-inspiring and devastatingly beautiful. I cried constantly while reading—grieving and cherishing the small, precious memories that stayed with Ted throughout his life: the bird they saved, the shopping cart rides, the art competition used as a distraction, and swimming in the sea. I felt Joar’s pain so sharply—the quiet devastation of being beaten down by a bitter, cripple-minded old man who projected his own insecurity and unhappiness onto a child. I ached over the way Ali chose to trust and believe in the boys after everything that had been done to her. I mourned alongside Ted and C. Jat, whose grief wasn’t physical but mental—a loss that consumed them through silence, memory, and distance. The emotional blocks and barriers these teens endured felt heartbreakingly real. I was right beside Lousia as we experienced everything in those moments that had already happened in our present together. <br/><br/>I completely broke down at the end, realizing I wouldn’t get to see them all grow old together, still smiling. I was right beside Lousia the entire time. <br/><br/>What I’m struggling to explain—what feels almost impossible to put into words—is that my heart hadn’t experienced this kind of feeling from a book before. The closest I can come is this: there is a life before My Friends, and now there is a life after it. And I don’t know how to endure the after without carrying this story with me.<br/><br/>I simply couldn’t put it down, and hands down, it will probably be my favorite book of the year.",,,1,0
203138417,"Apprentice to the Villain (Assistant to the Villain, #2)",Hannah Nicole Maehrer,"Maehrer, Hannah Nicole",,"=""1649375530""","=""9781649375537""",4.0,Entangled: Red Tower Books,Kindle Edition,436,2024,2024,2026/01/29,2026/01/22,"book-digital, borrowed-library","book-digital (#45), borrowed-library (#99)",read,"I picked up Apprentice to the Villain immediately after finishing [b:Assistant to the Villain|123257687|Assistant to the Villain (Assistant to the Villain, #1)|Hannah Nicole Maehrer|https://i.gr-assets.com/images/S/compressed.photo.goodreads.com/books/1702057336l/123257687._SY75_.jpg|144626864], and I knew exactly what I was getting into. The book definitely maintained the tone and charm of the first installment, and I was happy to spend more time with the side characters as their secrets slowly came to light. I like the small friendship between Blade and Trystan forming while Becky and Evie were starting to patch up their differences, too. That said, I couldn’t shake the feeling that there was a lot of missed potential. While romance was in the air, disaster was too, starting with too many things happening to the characters rather than happening because of them. Consequences felt light, and progression often came too easily, even when obstacles were introduced. <br/><br/>That issue became clearer with the book’s increasing reliance on destiny. Evie getting the job, surviving the death-fruit—both are retroactively framed as destiny’s interference rather than earned outcomes. By the epilogue, destiny is positioned as the driving force behind not just past events, but future ones as well. <spoiler>Gideon’s belief that the Story of Rennedawn may point to Evie as the unmasked Villain reframes the prophecy entirely, while the Creature of Destiny’s warning—that Trystan would be her undoing and she his making—pushes Trystan into the conclusion that separation is the only way to protect her but that may not mean anything if she's the prophesized villain.</spoiler> The result is a narrative where inevitability starts to overshadow agency, and character decisions feel less like choices and more like reactions to prophecy.<br/><br/>The pining between Trystan and Evie initially worked for me, but the prolonged ""will-they-won't-they"" separation started to wear thin. At a certain point, the “unrequited love” angle felt unbelievable—everyone around them could see they were clearly in love except for the two of them. It crossed from yearning into outright delusion. Evie, whom I previously admired for her communication, seemed to lose that strength entirely in this book, which was frustrating. Additionally, I also always saw Evie in a bloodthirsty type light, so her sudden bloodlust wasn't shocking to me as it seems to be to the others. I'm just holding out on her messing with Trystan in the next book to the point he has to admit to her he's in love. <br/><br/>Okay, but some of the iconic moments between Evie and Trystan that happened in this book still have me in a complete chokehold well after the ending. I can’t even believe I’m saying this, but Trystan is a massive green flag when it comes to consent. His vigilance around it genuinely made me feral in the best and worst way. The fact that he refused to kiss or take advantage of Evie when she was drunk—even when it felt like they might be facing their last moments—had me fuming and giggling through actual tears. It was infuriating. It was tender. It was everything. This sentiment is truly what carried me through the book. <br/><br/>Despite the irritation, the angst still hit hard. Some moments were truly heart-wrenching, even if a few pushed my patience to its limits. And honestly? I enjoyed the suffering enough that I’ll absolutely be picking up the next book. Flaws and all, I’m still invested.",,,1,0
123334051,"Assistant to the Villain (Assistant to the Villain, #1)",Hannah Nicole Maehrer,"Maehrer, Hannah Nicole",,"=""1649375522""","=""9781649375520""",4.0,Entangled Publishing: Red Tower Books,Kindle Edition,354,2023,2023,2026/01/21,2026/01/14,"book-digital, borrowed-library","book-digital (#40), borrowed-library (#97)",read,"I truly did not expect Assistant to the Villain to blow me away the way it did. The comedy is very tongue-in-cheek, and I genuinely had a good time with it. Most of the jokes were fun, and even when they didn’t fully land, they still earned a smile or scoff through sheer cringe, corniness, or deliberate stupidity.<br/><br/>That said, the secondhand embarrassment at the beginning was <b>rough</b>. I side-eyed nearly every decision Evie Sage made.  This girl was THIRSTING for The Villain when she and we readers practically knew nothing about him, including his name. The starting humor is kind of dirty-minded humor, but honestly, it’s still okay (barely) because it's all taken as lighthearted nonsense (because our gal Evie Sage just loves rambling). But slowly, very slowly, her infectious, cheery nature and earnestness won me over. I was concerned at my first impressions of her when she kinda shrugged off harassment, abuse, and sexism for the longest time. I’m looking back at the comments and highlights of the book, and I definitely started liking Evie around chapter 20. By the end, I could genuinely see myself being her friend if I lived in this world, which is wild now that I see all the harsh comments and judgment I was giving her in the first 20 chapters. <br/><br/>The Villain himself was interesting—but he wasn’t actually a villain. He was dark and broody with banter and sarcasm to boot, but it just wasn’t villainous enough. I really wish his backstory had been revealed much earlier, because learning it roughly five percent from the end made it difficult to fully understand his role in the story, the plot, and his relationships with other characters. (I watched a book review with The Book Leo and she’s so real for saying that he’s literally a badass like Uncle Iroh escaping the way he did). I didn’t think too much into how he monologued his past majority of the time, but it's kind of a cop out in a way to chop up his character like that to keep character moments short (the book was 60-some chapters, it's okay to have more pages describing characters more with more to them). His reactions and inner thoughts in response to Evie’s chaos were endlessly entertaining, but despite the title, he never actively commits any crimes within the book. Everything is framed as an action fantasy unfolding largely within an office setting—and I’ll admit, office romances are a soft spot for me, even though I don’t indulge in them often.<br/><br/>What truly sold me, however, was the restraint in Evie and the Villain’s relationship. The chaste, slow-burn affection they share—right up until the final moments—made every interaction feel intentional and meaningful. And the ending? I was outraged to the point of tears. I will be reading book two. That is a promise I’m holding myself to.<br/><br/>This book is very plot-driven, and the characters genuinely cannot catch a break—something is always happening, which I’m not mad about. It keeps my mind busy trying to juggle all the things going on as an overarching story takes place in the forefront. The mystery surrounding the mole in the office was a major highlight for me. I was pointing fingers just as wildly as Evie, if not more. The reveal had me ready to throw hands on her behalf.<br/><br/>I also appreciated how the book handled trauma. It’s approached with care and respect, without forcing emotional confessions just for dramatic payoff. Evie holds back until she’s ready, and when she finally opens up, it doesn’t feel rushed or pressured. The Villain—despite the title—is calm, attentive, and genuinely listens before reacting. He isn’t a cookie-cutter villain, but I wouldn’t call him deeply written either; much of his internal conflict comes from suppressing his affection for Evie and prioritizing revenge. Book two better not give me the “obvious ending”—I want the true villain exposed and our “Villain” to earn his redemption.<br/><br/>And I have to mention the two scenes that had me absolutely giggling. The goofy cover-up story Evie made to get everyone to safety had me dying. I was already smiling and laughing at her acting as the dramatic wife to the Villain, as he lay unconscious. But then he was starting to wake up and she's thinking “Frick he's gonna wake up and murder everyone, I need to shut him up now-” and kisses him without hesitation. THIS MAN LEGIT THOUGHT IT WAS A DREAM and CONTINUED  TO MAKE OUT PUBLICLY INFRONT OF STANGERS, HIS FAMILY, AND FRIENDS. The way I started cackling and tearing up from how publicly this man was enamored by Evie, and she was just like “oh thank gods you heard the made-up story I gave the knights to let us go.” He's shocked, going a 100 miles a minute, letting his soul catch up to how he just made out with Evie and called her his love in public with everyone to see. It was, in fact, not a dream at all. <br/><br/>The second was the hug they shared after the mole was revealed, which had my heart racing. It was deeply intimate without being smutty—just pure yearning. And I am an absolute sucker for yearning.<br/><br/>I really liked this book, but I can see how it might not be for everyone, especially because you’d have to tough it out for 25% of the book and be blind to its shortcomings in character depth.",,,1,0
43312297,"Witch Hat Atelier, Vol. 3",Kamome Shirahama,"Shirahama, Kamome",,"=""1632368056""","=""9781632368058""",3.0,Kodansha Comics,Paperback,190,2019,2018,2025/12/31,2025/12/30,"manga, borrowed-library","manga (#127), borrowed-library (#28)",read,Vol 3 along with my thoughts from each of the chapters:<br/><br/>Chapter 12 I am glad they could save coco from the knights moral.. though her life is now a live time bomb. I’m so glad she brought up the ink that fast!! She’s a very social and bright girl! I hope they solve the ink mystery fast<br/><br/>Chapter 13 Do I see a ship with Tartah and coco👀🥹. I do feel sad and upset for Tartah and his color blindness (silverwash) preventing him from becoming a witch. <br/><br/>Andddd I have a bad sinking feeling again with Qifrey’s obsession with finding the brimmed hat witches.. it’s harming poor innocent people like the shopkeeper grandpa. 🥺 <br/><br/>Chapter 14 I don’t even remember what happened in this chapter tbh with myself.. I guess it laid the foundation for the story as a whole with each of their dreams and characters. Then the exploration of how they’d go about achieving their goals. It’s nice but then suddenly with the dream sequence i can’t help but feel genuine sadness for coco’s situation. Last but not least there’s Qifrey at the end practically frothing at the mouth over the vial of ink he took from coco as a link to the brimmed hat witch. <br/><br/>Chapter 15 damn ok so this one was quick but I’m glad we’re actually getting to see Tartah confront Qifrey over his suspicions about the light and why his grandfather can’t remember anything about the light. <br/><br/>Chapter 16 I really do ship these two together because they understand each other and try helping each other without any sort of pressure to perform or compensate. It’s charming to see them being friends without being friends in title just yet.<br/><br/>Chapter 17 I’m loving that Tartah could see value in his vast knowledge of plants with Coco’s helpful nudge.. they are going to become the best of friends in the future. I’m glad we could get some resolve but Qifrey is lowkey putting me on edge since the moment he found about the enchanted ink bottles.  <br/><br/>I wonder how the next volume will be. Will it address the girls’ backstory’s? I wonder if they will become closer as friends more openly or further apart? It’s implied they will be taking the next test soon and when they do it might go awry bc of the brimmed hat witches.. lastly I wonder what’s up with Qifrey honestly.. he has me confused and uneasy about his obsession with forbidden magic.,,,1,0
61317868,"Insomniacs After School, Vol. 1",Makoto Ojiro,"Ojiro, Makoto",Andria Cheng,"=""1974736571""","=""9781974736577""",5.0,VIZ Media LLC,Paperback,192,2023,2019,2025/12/31,2023/03/06,"manga, borrowed-library","manga (#126), borrowed-library (#29)",read,I picked up the manga from my local library and it is really adorable. From the first few pages it felt like a spooky book with high school hauntings but it’s a tale for fellow insomniacs! Truly the best series for my tragically sleep deprived self for the new year to come! I hope to see more of our main characters Nakami and Magari as they come to protect their secret hideout and begin to thrive socially/healing their health together.,,,1,0
218014044,"Quicksilver (Fae & Alchemy, #1)",Callie Hart,"Hart, Callie",,"=""""","=""""",3.0,Grand Central Publishing,Kindle Edition,610,2024,2024,2025/12/31,2026/01/03,"borrowed-library, book-digital","borrowed-library (#3), book-digital (#3)",read,It’s hard to honestly say how I feel about this book. It’s going fine and then immediately soured so fast it’s laughable. I’m leaving this as 3 stars as a round up from 2.5 stars. The way things are just happening without any sort of reason and just happen to present themselves conveniently when needed is just hilarious (like Carrion for example). The vampires introducing to plot line was randomly thrown in for extra dramatization honestly at this point from how plot armor is working around our crew. How is it in a war that no one died like I’m genuinely shocked at what is going on from scene to scene. <br/><br/>Idk I’m struggling to really process this massive book even with reading it slowly throughout the month. Not sure I’ll pick up the next book but we’ll see.,,,1,0
42264867,"Witch Hat Atelier, Vol. 2",Kamome Shirahama,"Shirahama, Kamome",Stephen Kohler,"=""1632368048""","=""9781632368041""",4.0,Kodansha Comics,Paperback,190,2019,2017,2025/12/30,2025/12/30,"manga, borrowed-library","manga (#123), borrowed-library (#30)",read,"Volume 2 chapters 6-11 ended up broadening the characters and their relationships with one another. I particularly liked how coco and tetia bonded and came to share their passion of magic that brings happiness and joy to others during the dragon/maze chase. I’m unsure how to feel about the Watcher Eye guy, but he seems like he just wants the best for the gals. I am still not a fan of Agott to be honest. She has a lot to learn and grow if she really wants to be taken seriously, but coco still admires and seeks her as a friend regardless of their really rough relationship. I hope they continue being apprentices together if the ending wasn’t shocking enough 💀. Those brimmed witches are out for blood with the nonsense they are pulling with the dragon and storm.. they are further implicating coco into losing her memories outright.",,,1,0
40893782,"Witch Hat Atelier, Vol. 1",Kamome Shirahama,"Shirahama, Kamome",Stephen Kohler,"=""163236770X""","=""9781632367709""",5.0,Kodansha Comics,Paperback,204,2019,2017,2025/12/23,2024/12/29,"manga, borrowed-library","manga (#124), borrowed-library (#31)",read,I’ll be honest I really picked it up initially because of how beautiful the cover looked. The art as well was STUNNING. The story and magic system is what sold it for me though completely. In a world where everyone could potentially use magic it because clear that when anyone could do anything they would do anything. This led to essentially an all out war and it ended with powerful wizards/witches coming together to create the idea that you needed to be born with an affinity to magic to use it.. they erased everyone’s memories and created a system that certain magic that hurt people would never be practiced.<br/><br/>This is where our lead comes in to the story. Coco adores magic and buys a book and pen to learn it.. She wishes desperately to have the ability to use it but being told she wasn’t born with the power she copes with the shortcoming with fantasies. She stays with her mom and tailors clothes to perfection until one day she witnesses how magic is actually performed..<br/><br/>She pulls out the pen/wand and begins tracing the spells in the book and realizes she in fact can use magic. The whole situation sours immediately when a spell goes wrong and her mother is caught in the aftermath.. the book destroyed and her mother lost to magic she is forced to become a witch and recover the book and save her mother. <br/><br/><br/>The magical society is incredibly nuanced and deeply flawed in how it shelters itself but it’s reasonable to see why magic is gated and its knowledge not shared.. Coco faced prejudices and ostracized for her sudden apprenticeship due to her consequences of using forbidden magic unknowingly.. it makes for a really interesting story and I can’t wait to see how she flourishes using the skills her mother taught her and her potential to change the magical and non-magical society forever. (chapter 4 was my absolute favorite),,,1,0
199008911,"Wolves and Daggers (The Red Cape Society, #1)",Melanie Karsak,"Karsak, Melanie",,"=""""","=""""",2.0,Clockpunk Press,Kindle Edition,182,2023,2018,2025/12/06,2025/12/05,book-digital,book-digital (#6),read,"I was initially interested at this new twist retelling of Little Red Riding Hood. A lupine disease that turns humans into werewolves, but their weakness being silver still. Little Red Riding Hood herself is part of a secret special force under the Queen protecting people against threats. That’s unfortunately where my liking comes to end. <br/><br/>Louvel is stagnant as a character with literally no growth in character from start to finish. She complains constantly about not having a man to handle her needs, but proceeds to make no changes or progress towards alleviating her issues. She’s simply admiring her fellow/enemy werewolves and lusting for them while also keeping herself in check. It’s quite annoying to see her bring up wanting a man every other chapter and her friends in the force and her grand mere even mention eligible bachelors, but she declines due to work. At the end of the book, she basically promises to continue serving on the frontlines as soon as she recovers (pushing her directly and further into a work heavy lifestyle). She’s never getting a man nor is she ever making an effort to change it, but will 100% complain about it. <br/><br/>Agent Quinn made the most sense in the book to be honest. He worked hard and while doing that tried balancing his home life. He gets into a grave situation so much so that he outright makes a decision that I completely understand. His intentions, motivations and actions all made a lot of sense and were completely reasonable. I enjoyed his character the most and it’s kinda tragic knowing he was basically present for maybe 20% of the book at best?<br/><br/>I didn’t like how the author addressed and treated female werewolves in the prostitution business. I have some heavy highlights and comments on the chapter where Agent Louvel goes to the brothel and depicts all the workers as whores and tarts.. First of all that was highly uncalled for, she could have just easily explained her uncomfortable feelings about being there considering she has not had a man in a hot minute as she loves to complain about and how she would have wished they had some other kind of service rather than selling themselves. She then was assaulted by a customer who thought she was a new werewolf sex worker and she defended herself rightfully. However, rather than a  fellow female defending against the customer’s poor excuse for consent the female werewolves basically kick her out the door bc of the silver dagger in her hands. Like girl be for real right now. I get the werewolves on edge about the weapon, but at least talk it out..? In my opinion they should have told the customer off for his behavior and told her she is not welcome simply because of her weapon and inability to leave the weapons off their property. The way they all essentially kind of at the very least treat each other with bare minimum respect. <br/><br/><br/>I don’t know.. I just didn’t like how the story pacing was handled nor the nuances of social and political dynamics between the different characters. I won’t be continuing the series anytime soon.",,,1,0
22328546,"Red Queen (Red Queen, #1)",Victoria Aveyard,"Aveyard, Victoria",,"=""0062310631""","=""9780062310637""",3.0,HarperTeen,Hardcover,388,2015,2015,2025/12/01,2026/01/03,"borrowed-library, book-digital","borrowed-library (#1), book-digital (#1)",read,"For a politically dense fantasy novel, The Red Queen delivers a surprisingly smooth reading experience. The environment itself is one of the book’s strongest elements—the brutality between Silvers and Reds, the atmosphere of chaos, and the tension of a nation at war all feel vividly constructed. The way the Silvers treat the Reds as nothing more than expendable bodies for their war efforts is infuriating in the best way; the cruelty is portrayed so sharply that I often found myself angry on behalf of the Reds. The scale of the oppression, the segregation, and the systemic conditioning is shocking, yet the clever ways the Reds take advantage of the Silvers’ fear of the unknown add an undercurrent of resistance that I appreciated.<br/><br/>Despite how strong the world is, I absolutely despised Mare. She may have been cornered into her situation, but her behavior should have led her to be far more guarded—especially around Silvers who have victimized her entire life. Instead, she reveals everything far too easily. She's extremely naive despite the education she's finally receiving. To make matters worse, she isn’t the only one whose choices raised questions; the Red Guard accepting the prince’s target selections without deeper investigation, research, or surveillance made their operations feel reckless. It’s one of the few areas where the character decisions weakened the logic of the rebellion. I didn't understand Kilorn at all either. Why would he go out of his way to seek danger when he's never been the type to make those decisions before? So many people's decisions and actions did not sit well with me.<br/><br/>The twist, however, was executed extremely well. It crept up slowly, and once the full scope of the scheme came into view, the depth and reach of the betrayal hit hard.<br/><br/>Cal, on the other hand, left me with mixed emotions. As much as he operates with caution and thinks like a future king, he missed nearly every sign of the schemes unfolding around the throne. He genuinely wants to make a nation worth unifying and building stronger for everyone, but he couldn't protect his people. He was played the entire time, and I genuinely felt the worst for him—there’s a real sense of trauma in how thoroughly he was deceived. His sense of statesmanship completely failed him, and instead of spending so much time training, he should have been reading the political landscape, recognizing manipulation, and questioning his mother and brother rather than giving them the benefit of the doubt. What's done is done and now he needs to figure out how to take a stand for what he believes. <br/><br/>Despite these frustrations with the characters, the writing remains clean and accessible. The political depth, social hierarchy, and strategic tension give the story weight. I do wish the mutation behind Mare’s blood and her unique circumstances had been explained in greater detail, though that seems intentionally reserved for later in the series.<br/><br/>Overall, The Red Queen combines rebellion, romance, inequality, and political intrigue into a compelling narrative, made stronger by its world-building and sharper by its betrayals.",,,1,0
61317425,"Emily Wilde's Encyclopaedia of Faeries (Emily Wilde, #1)",Heather Fawcett,"Fawcett, Heather",,"=""""","=""""",4.0,Del Rey ,Kindle Edition,354,2023,2023,2025/11/29,2024/01/18,"borrowed-library, book-digital","borrowed-library (#25), book-digital (#7)",read,"Emily Wilde’s Encyclopedia of Faeries begins as a meticulous researcher’s field journal but gradually unfolds into a charming blend of scholarship, adventure, and emotional growth. It took time to truly settle into Emily’s voice—she presents herself as cold, detached, and wholly committed to her work—but that distance feels intentional. Yes, I do see why some may say it is overly written, but that's honestly the point because she means to use her journal as a means to define and recall details of her day-to-day events in her book and research later. Watching her writing gradually soften when she accepts companionship and recognizes that she no longer carries the weight of her life alone gave her arc a satisfying emotional payoff.<br/><br/>The story’s strength lies in how every plot element earns its place. Early observations, words of power, and seemingly simple interactions later thread directly into the major conflicts. Emily’s dog Shadow, Poe’s involvement in the unraveling mysteries, and the villagers’ resilience all play deliberate roles. Every detail matters, and the cumulative effect is rewarding.<br/><br/>Wendell Bambleby’s arrival is where the book truly comes alive. His banter, wit, and chaotic warmth contrast sharply with Emily’s precision, creating a dynamic that energizes every scene they share. The turning point in their relationship unfolds when he willingly follows her into danger to rescue the two girls and later helps return a changeling—moments that reveal his devotion beneath the theatrics. His choice to share more of his fae identity with her adds depth, sincerity, and a surprising vulnerability. Over time, he shifts from mildly tolerable to genuinely endearing, his presence adding charm without overshadowing Emily’s journey. Their connection is written with restraint yet undeniable chemistry, and Emily’s refusal to be swayed by surface-level charm only makes their growing bond more compelling.<br/><br/>The village setting adds both charm and tension: an isolated community haunted by fae threats, particularly in winter. Emily’s involvement shifts from professional curiosity to genuine care, and her bond with the villagers becomes one of the most touching aspects of the story. The women, in particular, stand strong—unyielding, practical, and shaped by hardship. There are no weak links here.<br/><br/>The writing style blends academic journaling with narrative progression in a way that feels fresh and accessible. The gaps and unreliable moments in Emily’s entries give the story texture without sacrificing coherence. The faerie lore itself is beautifully woven, filled with danger, enchantment, and folkloric logic that stays clear without over-explaining. The daring escape from the faerie king and the larger consequences for the region deliver a well-executed finale.<br/><br/>I do have to say that the ending feels intentionally unfinished. Emily’s response to Wendell, the looming ICODEF conference results, and the uncertain future of Wendell’s lost place at home all point toward larger stakes that remain unresolved. Those threads create anticipation rather than frustration, leaving plenty of room for their evolving partnership—personal, magical, and possibly political.<br/><br/>In all, this was an immersive and rewarding read—slow to start, but rich, clever, and full of character. I’ll gladly continue the series, especially to see where Emily and Wendell’s complicated bond leads next.",,,1,0
198100928,"The Pumpkin Spice Café (Dream Harbor, #1)",Laurie Gilmore,"Gilmore, Laurie",,"=""0008610673""","=""9780008610678""",3.0,One More Chapter,Paperback,360,2023,2023,2025/11/27,2025/11/05,book-digital,book-digital (#8),read,"The Pumpkin Spice Café was an easy, cozy fall read with some heat to it. I listened to the audiobook while reading the paperback, and the combination added a warm, atmospheric touch that suited the story’s autumn vibe perfectly.<br/><br/>This is a straightforward small-town romance: a new woman in town taking over a café, a very attractive farmer next door, and a slow shift from strangers to something more. I didn’t approach this book expecting depth or emotional weight—just something seasonal and fun—and it delivered exactly that.<br/><br/>Both main characters were surprisingly well-developed for a light read. Their chemistry sparks fast, but the conflicts and misunderstandings that follow felt believable within the story’s pace. I never felt annoyed or disconnected from their choices, which made it easy to stay invested. The cozy town setting and fall atmosphere were charming as well.<br/><br/>There were a few cheesy moments and some scenes that leaned a little too spicy for my taste, but overall, it was an enjoyable, warm seasonal read that fit perfectly with the autumn mood.<br/><br/>I’m leaning towards a 3.5 stars on this one leaning towards a 4. It was fun and I might pick up the other books in the series if I feel like it. Otherwise this was a good standalone.",,,1,0
150260787,"Ruthless Vows (Letters of Enchantment, #2)",Rebecca   Ross,"Ross, Rebecca",,"=""""","=""""",5.0,Wednesday Books,Kindle Edition,419,2023,2023,2025/10/31,2025/10/03,"favorite-books, borrowed-library, book-digital","favorite-books (#5), borrowed-library (#8), book-digital (#9)",read,"Ruthless Vows was everything I wanted in a sequel and ending. It picks up three weeks after Divine Rivals and drops you right back into the war that's brewing into something worse by the minute. It felt heavy in all the right ways — not everything was okay, but there was this sense of people trying to heal, both physically and emotionally, after everything Dacre’s tyranny destroyed.<br/><br/>The pacing was steady and deliberate. It picked up when it needed to, especially during the chaos of the western front or the underground battle scenes. Waiting for Roman to escape and find his way back to Iris felt unbearable at times — in a good way. Every delay, every near miss made the eventual resolution that much more rewarding.<br/><br/>Iris and Roman’s relationship starting over was so beautifully done. She remembers him, but he has to slowly rediscover what they had. Watching him fall for her again completely melted me. Their love feels timeless — that slow, old-fashioned yearning that so many stories skip over now. It’s patient, earned, and incredibly romantic.<br/><br/>I liked Tobias a lot, especially his quiet affection for Attie. I just wish we’d seen more of Forest and Sarah Prindle. There weren’t many light moments, but it makes sense — they’re still in the heart of war and all its aftermath. I wanted more happiness for them, but grief and recovery were part of the story’s truth.<br/><br/>Rebecca Ross’s writing was as emotional and lyrical as ever, but with more weight this time. Every choice mattered — saving someone, betraying someone, staying or leaving. I personally didn't hate Dacre much until his manipulation was clear and irrefutable. I held him in contempt for the rest of the novel. Her tone definitely shifted darker compared to Divine Rivals, showing how cruel Dacre really was and how desperately Enva fought to break free from him and free others from his grasp.<br/><br/>It’s not a perfect world by the end, but it’s a fitting one. The typewriters are gone, the scars remain, and yet there’s still something whole about the way it all closes. It’s bittersweet — but it feels right, extremely heartbreakingly sad, but right.<br/><br/>Honestly, both books stand side by side for me. Divine Rivals gave us the spark; Ruthless Vows gave us the weight of everything that spark had to survive. Easily one of my favorite duologies of the year.",,,1,0
203843537,The Banned Books Club,Brenda Novak,"Novak, Brenda",,"=""""","=""""",2.0,MIRA,Kindle Edition,369,2024,2024,2025/10/23,2025/08/27,"borrowed-library, book-digital","borrowed-library (#9), book-digital (#10)",read,"The Banned Books Club by Brenda Novak explores family, trauma, and resilience in a small town where silence often speaks louder than truth.<br/><br/>I’ll admit, it took me a while to get into this book. I used the audiobook to help push through the start since I wasn’t relating to Gia or her sister Margot at first. It was frustrating to see Gia abandon her family after the events with Mr. Hart, but as the story unfolded, I understood her decision better. No one had stood up for her, and the weight of that isolation made her flight believable. The same goes for Margot, trapped in a marriage with a manipulative, verbally abusive husband.<br/><br/>The pacing leaned heavily toward the emotional drama, while the romance subplot felt rushed and somewhat unearned. I found it surprising — even uncomfortable — that Gia fell in love with her former abuser’s son. The scenes that hit hardest for me were the trial transcript and the harassment sequences. The audacity of Mr. Hart continuing to lie after seventeen years, and the incompetence of the local cops (who were conveniently friends with Sheldon), genuinely infuriated me.<br/><br/>Gia herself grew on me slowly. Her impulsiveness annoyed me early on, but I respected how she faced her trauma head-on by standing up to Sheldon and protecting her sister from repeating the same mistakes. That full-circle moment brought closure and emotional payoff.<br/><br/>Thematically, the book handled trauma and small-town stigma realistically. It never felt melodramatic — just deeply frustrating in ways that mirror real life. The “banned books” club, however, was more symbolic than central. It represented Gia’s defiance and voice against oppression, but it barely appeared in the story (maybe three percent at most). As a title, it felt misleading.<br/><br/>In the end, I liked that all the loose ends tied up neatly though in a very rushed way. Ida and Leo’s scenes offered warmth and hope amid the heavier subjects. The story’s takeaway was clear: family is forged through loyalty, not blood, and speaking out against injustice is difficult but necessary.<br/><br/>This book will likely appeal to readers interested in stories about confronting trauma, family loyalty, and small-town hypocrisy. It’s light reading, but it does leave you with a sense of justice and emotional closure.",,,1,0
217936962,Forget Me Not,Stacy Willingham,"Willingham, Stacy",,"=""1250887984""","=""9781250887986""",4.0,Minotaur Books,Kindle Edition,331,2025,2025,2025/10/15,2025/10/10,"borrowed-library, book-digital","borrowed-library (#6), book-digital (#11)",read,"Stacy Willingham’s Forget Me Not is a slow-burning mystery-thriller that unravels generational trauma, buried secrets, and the long-reaching consequences of violence and corruption. At the heart of the story is Claire Campbell, an investigative journalist who returns to her hometown in South Carolina after 22 years, still haunted by the disappearance of her older sister, Natalie. Taking a summer job at Galloway Farm—the last place Natalie was seen—Claire uncovers a diary that points to a much darker legacy than she expected.<br/><br/>Overall, I really liked the plot. While the pacing was slow at times, it was also deliberate and rewarding. Each chapter gave me something new, and I found myself genuinely drawn in by how each revelation fit slowly and perfectly into place. The journal entries were especially well-placed; they gave depth and tension to the story without overwhelming Claire’s voice in the present.<br/><br/>Claire herself felt real, if sometimes frustrating. She was understandably sluggish in her investigation at first, weighed down by grief and emotional stagnation. But I couldn’t blame her—her life was shaped by an unresolved trauma, and Willingham did a great job of showing how that can twist memory and motivation. The whole small-town atmosphere added to the closed-door, locked-in feeling of the story. The supporting characters were varied and essential to the story, though I didn’t feel particularly connected to Ryan, whose role felt underdeveloped. I was far more invested in Claire’s journey to get closer to her sister’s truth. <br/><br/>One of the book’s strengths is its unflinching portrayal of difficult themes: trafficking, grooming, abuse, generational trauma, and the failures of systems meant to protect the vulnerable. Claire’s childlike obsession to be like her sister to understand her better becomes a complicated mix of guilt and misunderstanding following her 22 years. Characters like Marcia and Annie show how trauma never really leaves, even after escape. The corruption within the law enforcement system adds another layer of injustice, and I appreciated that the book never shied away from those hard realities.<br/><br/>And then there's Lily. From the moment she appeared in Marcia’s diary, I hated her—and that hatred only deepened. She embodied everything twisted and cruel about the world Claire was investigating, and my visceral reaction to her speaks volumes about Willingham’s ability to write compelling (and detestable) villains.<br/><br/>In the end, I was relieved to see justice served. It's a story that honors the weight of the past. It's like Natalie’s favorite flower, the forget-me-nots—delicate, persistent, and impossible to ignore, even after decades, the truth resurfaced. If you’re looking for a thriller that’s atmospheric, emotionally layered, and socially aware, this one is worth the read.",,,1,0
59729041,"One Dark Window (The Shepherd King, #1)",Rachel Gillig,"Gillig, Rachel",,"=""""","=""""",5.0,Orbit,Kindle Edition,419,2022,2022,2025/10/12,2024/10/19,"favorite-books, borrowed-library, book-digital","favorite-books (#4), borrowed-library (#21), book-digital (#12)",read,"One Dark Window by Rachel Gillig felt like stepping into a dark fairytale — cozy, mysterious, and filled with a lush, misty atmosphere that pulled me in from the first chapter. The story’s magical system and gothic world were beautifully woven together, almost like revisiting childhood stories but with higher stakes and a haunting undertone.<br/><br/>I genuinely enjoyed the dynamic between Elspeth and the Nightmare. He was equal parts witty, sarcastic, and strangely reliable — honestly, she should’ve listened to him more often. Elspeth’s hesitancy and lack of initiative sometimes grated on me, but considering how she was raised to hide and stay quiet, her behavior made sense. Their bond, though unconventional, became one of my favorite parts of the book — two beings relying on each other in ways that blurred the line between protector and partner.<br/><br/>Ravyn Yew irritated me at first, but somewhere along the way I warmed up to him. Their relationship was a slow burn that surprised me once things finally started moving. Elm and Jespyr added much-needed humor and heart, even if Jespyr sometimes felt underused. Ione, on the other hand, left me conflicted — her change after the card felt punishing and confusing in a way that lingered.<br/><br/>The Providence Cards were a fascinating piece of lore — each one carried a moral weight and consequence that tied beautifully into the story’s theme that magic always has a cost. That cost hits hard by the ending, which left me tense and a little heartbroken.<br/><br/>Overall, One Dark Window is a hauntingly beautiful tale of power, sacrifice, and self-acceptance. The writing style perfectly matched the gothic tone, and October turned out to be the perfect month to read it. I’d recommend it to anyone who loves YA fantasy, fairytales, and morally gray magic with emotional depth.<br/><br/>And yes — I’ll definitely be picking up Two Twisted Crowns.",,,1,0
57135515,Payback's a Witch (The Witches of Thistle Grove #1),Lana Harper,"Harper, Lana",,"=""""","=""""",2.0,Berkley,Kindle Edition,348,2021,2021,2025/10/02,2025/07/01,"borrowed-library, book-digital","borrowed-library (#14), book-digital (#13)",read,"I honestly didn’t like the main character at all. Emmy couldn’t make a coherent decision until the very last chapter, and she built her entire self-esteem and confidence around a crappy high school ex. To make matters worse, that ex is basically the town’s community bike—yet she’s the one spiraling about her own self-worth? <br/><br/>Honestly, i hated Emmy for hurting all of her family and Linden by leaving so abruptly/selfishly. I can't see a scenario of me leaving my childhood home, family and town i love dearly just bc of a man(nah a damn boy) others praise highly from my hs days. hell no he isn't the center of my universe to be making decisions around him. <br/><br/>I also didn’t see much genuine chemistry between the two leads outside of physical attraction and lust for about 60% of the book. Communication, which is such a key relationship skill, was completely absent—no one was ever cutthroat honest with Emmy, which made the romance feel flat let alone the town’s inhabitants relationship with her. Apparently it’s a close knit small town, but there's really just 3 girls(Linden, Talia and Emmy) and 2 boys (Rowan and Gareth) centering the whole book. Others either just popped in once every 6 chapters before disappearing again for long stretched.   <br/><br/>While the lore and magical contests for generational powers were fun, that aspect was overshadowed by Emmy’s self-centered and self-inflicted tragedies.<br/><br/>I don’t think I’ll continue with the series, but maybe I’ll give it another shot someday if I have nothing else to read or it’s conveniently available.",,,1,0
181569091,花と銀 1 [Hana to Gin 1],Hidebu Takahashi,"Takahashi, Hidebu",高橋秀武,"=""4834265374""","=""9784834265378""",3.0,集英社,Paperback,176,2023,,2025/09/29,2025/09/29,manga,manga (#122),read,"Vol. 1 (Chapters 1–10.5)<br/>Genre: BL, Romantic Comedy, Crime Drama<br/><br/>Let me start by saying—Hana and Gin are charming. Their chemistry is immediate, magnetic, and just the right mix of sweet and chaotic. This BL romantic comedy takes the familiar trope of opposites attract and layers it with crime drama, undercover work, and a heavy dose of unresolved tension. <br/><br/>The series follows two former police officers: Hanai, who’s joined the yakuza, and Gin, now a private detective. I wasn’t expecting the BL elements to be this strong—not just in subtext, but in almost every character dynamic. It’s wild how every man seems to want Hanai, but honestly… he is fine as hell, so I get it to a degree.<br/><br/>What surprised me most was how well the series handles emotional depth. Hanai, secretly still working undercover, adds an unexpected twist. His internal conflict—being torn between duty and his growing feelings for Gin—gives the story real weight. He's meant to keep his emotions in check while keeping tabs on his own yakuza clan and the other clans' actions in the meantime.. However, it's looking like those feelings for his buddy Gin are not just flirtation; there’s something sincere simmering beneath the surface.<br/><br/>Chapter 9 really stuck with me. When Hanai says, ""A man dying in love may not be such a bad thing,"" it hit different. He’s conflicted, sure, but it’s obvious he’s catching real feelings for the cute detective Gin. It's moments like that that give this series heart beyond its humor and hotness.<br/><br/>All in all, Volume 1 sets a solid foundation. It’s lusty, dramatic, and surprisingly thoughtful. I do hope there will be more light shed on Gin and his coming to accept his sexual orientation and working through his own feelings towards Hanai and getting them through. As it stands, Gin is pretty much happy-go-lucky but a flat character. We know little of his motivations and character other than loving Hanai. I’ll be continuing the series, even if it takes me a bit to dig into the next volume as it comes out slowly.",,,1,0
61884932,Thornhedge,T. Kingfisher,"Kingfisher, T.",,"=""1250244099""","=""9781250244093""",3.0,Tom Doherty Associates,Hardcover,116,2023,2023,2025/09/14,2025/09/12,book-digital,book-digital (#14),read,"What I loved most was the main character—quiet, gentle, and deeply layered. Rather than the typical hero who charges in with swords blazing, this story lingers in the gray areas of morality, asking what it means to protect others when your choices are limited. The conversations have a depth and heavy impact on our protagonists’ state of mind and eventually push her to some resolution. The prose is lyrical without being heavy, and the atmosphere builds a sense of unease while still carrying a thread of hope.<br/><br/>That said, while I thoroughly enjoyed it, I sometimes wished the story had been longer. The finale with the Goddess and the epilogue felt quite short. Certain parts felt like they ended just when I wanted more exploration, especially around the worldbuilding and side characters. Still, the restraint fits the fairytale tone—it’s sharp, concise, and intentional. <br/><br/>This was a great retelling of a classic fairytale. It was a short read so I recommend if you’re looking for something “sleeping beauty” but horror  slow burn edition.",,,1,0
212808709,Deep End,Ali Hazelwood,"Hazelwood, Ali",,"=""""","=""""",3.0,Berkley,Kindle Edition,464,2025,2025,2025/09/11,2025/07/11,"borrowed-library, book-digital","borrowed-library (#13), book-digital (#15)",read,"There were definitely parts of this book I enjoyed, but also plenty that didn’t work for me. Some characters were endearing and genuinely fun to read about, but unfortunately they only appeared briefly. The ones who had more page time often frustrated me in different ways.<br/><br/>Penelope, for example, was very easy to clock as superficial — not just in her relationships with others but also in how she viewed herself. Lukas felt like a copy-paste “green flag” character. While perfectly fine on paper, he didn’t stand out much until the end when we finally saw him fully commit to his new dream and goal. Scarlett, on the other hand, frustrated me with her tendency to run away from problems despite her need to always feel in control. On top of that, her sudden leaps in skill — doing better in German and effortlessly building neural networks from scratch — felt hollow and unearned. (When would a student athlete with premed learn about ml and NN ?? During their free time ? Cause last I checked it wasn’t a course typically offered to premed) <br/><br/>The climax showing up only in the last four or so chapters really irritated me. The buildup was smooth but dragged, and then everything important happened right at the end. The apology that followed did feel soothing, but I wish there had been more shown afterward to prove whether the words actually matched action when it came to our “villain.”<br/><br/>Overall, while there were glimpses of things I liked, the story often felt uneven or unfinished. I’ll take the resolution we got, but I can’t help but feel it could have been stronger or more impactful with deeper characters and more time breaking into the final resolution of the story.",,,1,0
181350367,"How to Solve Your Own Murder (Castle Knoll Files, #1)",Kristen Perrin,"Perrin, Kristen",,"=""0593474015""","=""9780593474013""",4.0,Dutton,Hardcover,358,2024,2024,2025/09/04,2025/09/02,book-digital,book-digital (#16),read,"I especially enjoyed the journal entries of Frances. While I often disliked her as a person, her complexity made her far more likable by the end of the novel. She was deeply flawed—just like everyone else—but her self-awareness and honesty were oddly charming.<br/><br/>The characters were written so well that even the mere mention of certain names could evoke strong emotions. Emily, for example, infuriated me. I hated her, yet I couldn’t help but feel sorry for her. My sympathy didn’t excuse her actions, but I understood Frances’ perspective by the end of the story: no one deserves to have their story told for them, and no one deserves to have it cut short.<br/><br/>It was difficult to like anyone in this book. Every attempt to trust a character was met with hostility, deceit, or corruption, which was both frustrating and fascinating. The town being open to questions and to help Annie solve the murder felt believable, but I was shocked by just how deep the corruption ran. I’m surprised no one pulled the plug on it all.. but it is a book in which money holds a lot of weight.<br/><br/>The ending for me became clear as Frances started building relationships and pouring her energy into solving Emily’s disappearance. I wasn’t terribly surprised by the final twist, but I was stunned by Frances’ recklessness. The idea of a frail writer deliberately putting herself in danger—simply because she had a “plan”—felt both bold and unrealistic.. a bit longer and the story would have had an entirely different ending and meaning.<br/><br/>My biggest issue with the story was the pacing after the climax. The resolution felt rushed, moving too quickly through moments that deserved more emotional weight, particularly the family drama and reunion and long time fortunes finally ending. I had hoped for a slower, more reflective ending, maybe with Annie developing her own writing style inspired by Frances.<br/><br/>Overall, I’d give this book a 4/5. It delivered exactly what I expected from the synopsis: a gripping, character-driven mystery. I only wish the conclusion had taken more time to breathe. <br/><br/><br/>A tiny footnote: it’s crazy how obsession bloomed into something so unhinged and unhealthy. And how history repeats itself in strange and unexpected ways",,,1,0
62202008,"Divine Rivals (Letters of Enchantment, #1)",Rebecca   Ross,"Ross, Rebecca",,"=""""","=""""",5.0,Wednesday Books,Kindle Edition,356,2023,2023,2025/08/29,2025/01/28,"favorite-books, borrowed-library, book-digital","favorite-books (#3), borrowed-library (#18), book-digital (#17)",read,"I couldn't put this book down—I read it every chance I got. My thoughts are completely out of order but I’ll start expressing my feelings anyway I can. <br/><br/>The banter between Iris and Roman was absolute perfection. They really do have a way with words both in conversation and in the letters exchanged. The style of writing is honestly beautiful and easy to read. I could literally feel the tension between them electrically shifting from enemies to lovers. It was gratifying to see unfold throughout the story. <br/><br/>The rivals-to-lovers arc? A masterpiece. The atmosphere lingered in my mind all day. The stakes were perfectly set — forcing them to meet under harsh circumstances, only to be tested further as their choices grew more complicated and intertwined with the war. Watching them confront both themselves and each other was deeply satisfying.<br/><br/>It was a treat watching Iris fall for C-(no name spoilers!) without realizing it was Roman, all while actively hating him and wanting nothing to do with him. Their deep-rooted insecurities shaped them, but watching them slowly open up and help each other grow into better versions of themselves was beautiful.<br/><br/>I loved that the hardships they had experienced were brought up again and again in references to what thwarts them from moving on. Some authors seem to forget about how something traumatic might still affect someone even in mundane ways after it’s happened, but this one? PTSD HITS HARD. Guilt from a loved one’s passing and grenades all bring some sort of night terror or guilt riddled grief frequently for both characters. It made them more humane and real to me seeing how they slowly become more whole despite what happened in the past and continues happening.<br/><br/><spoiler> I only wish they had been married longer... one single night, seriously?! But I get how it served as a way to set up the impending disaster that war brings💀</spoiler><br/><br/>I am raging at Forest, Iris' brother-he single-handedly ruined my entire mood. I had so many expectations and how it played out was not it. <br/>My heart shattered (my heart is still wrenching about it the next day) imagining how desperate Roman must have been to run after her on that injured leg for so long. I shed so many tears from dread, and that cliffhanger left me appalled.<br/>I've never so desperately prayed to get the second book into my hands faster.<br/><br/>This may very well end up being my favorite book of the year. It's a stunning mix of fantasy, suspense, and beautifully crafted characters and worlds. The slow burn romance was intentional and exquisite-it had me yearning for a Roman<br/>C. Kitt of my own.",,,1,0
61189319,Grandmaster of Demonic Cultivation (The Comic / Manhua) Vol. 1,Luo Di Cheng Qiu,"Qiu, Luo Di Cheng",Mò Xiāng Tóng Xiù,"=""1638585237""","=""9781638585237""",5.0,Seven Seas Entertainment,Paperback,216,2023,2020,2020/09/01,2023/06/04,light-novel-translations,light-novel-translations (#29),read,,,,1,0
61884820,"Cursed Princess Club, vol. 2",LambCat,"LambCat, LambCat",,"=""1990778402""","=""9781990778407""",5.0,WEBTOON Unscrolled,Paperback,352,2023,2023,2024/04/12,2024/04/12,official-translations,official-translations (#16),read,Just finished this following season one and the art and plot is so consistent and very cute/entertaining to read. Self love is a concept that really takes practice and I love how all the characters take their role seriously in trying to learn and better themselves. I'm quite hooked to the love life of Princess Gwyn and Prince Fredrick and hope to see it flourish soon. I really do wonder if Gwyn is cursed or not though... only time will tell! (I hope she isn't somehow though.. it undermines her struggles and what really is driving the plot.),,,1,0
123029113,A Witch's Guide to Magical Innkeeping,Sangu Mandanna,"Mandanna, Sangu",,"=""""","=""9780593439388""",0,Berkley,ebook,352,2025,2025,,2026/02/11,to-read,to-read (#438),to-read,,,,0,0
26247042,"Orange: The Complete Collection, Volume 2",Ichigo Takano,"Takano, Ichigo",,"=""1626922713""","=""9781626922716""",5.0,Seven Seas,Paperback,523,2016,2016,2020/08/01,2020/08/03,"manga, borrowed-library","manga (#91), borrowed-library (#75)",read,,,,1,0
25667474,"Orange: The Complete Collection, Volume 1",Ichigo Takano,"Takano, Ichigo",,"=""1626923027""","=""9781626923027""",5.0,Seven Seas,Paperback,523,2016,2016,2020/08/01,2020/08/03,"manga, borrowed-library","manga (#92), borrowed-library (#74)",read,,,,1,0
4671,The Great Gatsby,F. Scott Fitzgerald,"Fitzgerald, F. Scott",,"=""0743273567""","=""9780743273565""",5.0,Scribner,Paperback,180,2025,1925,2020/01/01,2020/08/03,"book-physical, borrowed-library","book-physical (#60), borrowed-library (#66)",read,,,,1,0
25689074,"Stars Above (The Lunar Chronicles, #4.5)",Marissa Meyer,"Meyer, Marissa",,"=""1250091845""","=""9781250091840""",4.0,Feiwel & Friends,Hardcover,400,2016,2016,2021/07/11,2021/06/11,"book-physical, borrowed-library","book-physical (#4), borrowed-library (#106)",read,,,,1,0
13206900,"Winter (The Lunar Chronicles, #4)",Marissa Meyer,"Meyer, Marissa",,"=""0312642989""","=""9780312642983""",5.0,Feiwel & Friends,Hardcover,827,2015,2015,2021/06/06,2021/05/25,"book-physical, borrowed-library","book-physical (#6), borrowed-library (#105)",read,"Fantastic book! I was honestly a little worried about Winter from her introduction in the last book but surprisingly she turned out one of my favorite characters. Thorne and his charming self holds a spot in my heart. I have a lot to unpack about the ending, but since [b:Stars Above|25689074|Stars Above (The Lunar Chronicles, #4.5)|Marissa Meyer|https://i.gr-assets.com/images/S/compressed.photo.goodreads.com/books/1472473049l/25689074._SY75_.jpg|45517469] is available to read as a continuation to the series, I'm looking forward to its true end. Still I'm satisfied in a way for how each character got his or her justice in due time. I loved [b:Cress|13206828|Cress (The Lunar Chronicles, #3)|Marissa Meyer|https://i.gr-assets.com/images/S/compressed.photo.goodreads.com/books/1470057005l/13206828._SY75_.jpg|18390772] a whole lot (in part due to Thorne) but this one definitely comes 2nd of all the book in the series thus far. ",,,1,0
22489107,"Fairest (The Lunar Chronicles, #3.5)",Marissa Meyer,"Meyer, Marissa",,"=""1250060559""","=""9781250060556""",4.0,Feiwel & Friends,Hardcover,272,2015,2015,2021/06/08,2021/06/06,"book-physical, borrowed-library","book-physical (#5), borrowed-library (#104)",read,"I already knew Levana needed to have some sort of twisted past for her turning out how she did even till the very end. Levana's twisted cruel nature didn't happen overnight but through years and years of manipulation, pressure, and lack of self-love and understanding. I truly felt for her younger self as she really did have the best interest for Luna in her engagement in politics but her social reputation just diminished with the years. This doesn't really shed light on who Levana is now, but the book definitely goes out of its way to inform us that her karma was coming.<br/><br/>It's honestly a shame knowing that she was the better ruler for Luna but her mistrust and self-consciousness drove her to extreme measures when she could have had a much easier/happier life... I'm not sure ""love"" was the right word for what she felt for Evret, more like obsession and possession. Overall really unhealthy especially when she never trusted him with how she really looked even 10 years into marriage! <br/><br/>This book was quite exhausting because of all the small mistakes building up more and more that unfortunately could have been avoided if approached in a healthy way or like an intervention of some sort. Levana till the end had no one and was as alone from the start to the end...<br/><br/>It's safe to say her parents weren't a great influence considering that she needed to mention their blood on the bedroom floors were to make a nice color on her lips and that she had to pretend to grieve at their funeral. Channary was psychotic and how could one consider their torturer a good mentor and figure to model after... Evret honestly has so much warranted hate towards Levana that he really did not feel the need to guide Levana to the ""right"" path. All I've learned is that most of what was revealed to us is that anything can be justified whether right or wrong because it's subjective. <br/><br/>Again very good villain and stellar writing. It was jarring from start to end, keeping me wanting more. ",,,1,0
13206828,"Cress (The Lunar Chronicles, #3)",Marissa Meyer,"Meyer, Marissa",,"=""0312642970""","=""9780312642976""",5.0,Feiwel & Friends,Hardcover,552,2014,2014,2021/05/25,2021/05/18,"book-physical, borrowed-library","book-physical (#7), borrowed-library (#103)",read,"The best book thus far of the series! A huge part of it was due to Thorne and Cress. They are just so adorable together in their interactions. I'm looking forward to more of them in the next book I can barely wait to get started on it (""Winter"" by Marissa Meyer).<br/>Some huge Plot Twists I enjoyed: <spoiler><br/>-Thorne's background is hilarious in contrast to Cress's initial views/expectations of him. Though, I also do think Thorne's a good guy.<br/>-I wish we had more time for Dr. Erland and Cress's father-daughter relationship to improve and get better. It was heartbreaking as these moments in books are always so frustrating. Saying you love someone doesn't come easy. Dr's last moments singing that lullaby for Cress was heartbreaking.<br/>-The Dr figuring out that Letemosis was biological warfare that started from former Queen Chanary was surprising. Lunars were developing this for far longer than I thought...<br/>-POOR SCARLET AND WOLF (TT_TT) They need each other and I feel heartbroken for Wolf and extremely worried for Scarlet.<br/>-Princess Winter gives me weird vibes... Seeing the walls bleed yikes.. but I'm glad scarlet is getting medication.<br/> </spoiler>",,,1,0
13206760,"Scarlet (The Lunar Chronicles, #2)",Marissa Meyer,"Meyer, Marissa",,"=""0312642962""","=""9780312642969""",4.0,Feiwel & Friends,Hardcover,454,2013,2013,2021/05/18,2021/05/17,"book-physical, borrowed-library","book-physical (#8), borrowed-library (#102)",read,I loved Scarlet and Wolf's story quite a lot. Wolf's innocent self and Scarlet's sharp tongue definitely added to the experience of their traveling together and bonding.  It was adorable though a bit rushed on the romance (this is a fairytale so haha as to be expected). They were so sappy but I love a bit of fluffy here and there. I started to look forward to their bit of the story more and more over Cinder's as it was getting irritating to see her so frustrated all the time over what she literally couldn't control. Her being Lunar and Cyborg was something she needed to accept in herself (<spoiler>at least by the end of the book but at least she makes a plan to move forward to find out more information about herself and practice becoming stronger for her people(lunars) as future Queen.</spoiler>) Hands down I can picture Thorne as Flynn Rider from Tangled. His sass and comments give me life from time to time and I think having him introduced and presented alongside Cinder really enhanced how fun of a character he is. Cinder and he will get along well and no wonder Kai is jealous of the two... They have some good chemistry (as friends together). Overall enjoyed this book a lot more than Cinder as it traveled at a faster pace and the side stories coming together at the end just really was satisfying. ,,,1,0
32075671,"The Hate U Give (The Hate U Give, #1)",Angie Thomas,"Thomas, Angie",,"=""0062498533""","=""9780062498533""",5.0,Clarion Books,Hardcover,454,2017,2017,2021/02/17,2020/08/03,"book-physical, borrowed-library, favorite-books","book-physical (#23), borrowed-library (#62), favorite-books (#10)",read,"The Hate U Give - THUG<br/>Just like how Tupac is still relevant this book remains relevant even to this current day even more so with the police brutality issues, the peaceful protests, and marches for black lives. <br/><br/>“What's the point of having a voice if you're gonna be silent in those moments you shouldn't be?”<br/><br/>One of the most captivating, heartwrenching books I've read that have brought me to tears from time to time. The tensions of confrontation and the silencing of outspoken words were breathtaking. It's also very frustrating as I know very well that the change Starr is looking towards in the future will one day come but slowly. We will always have people like Hailey being racist and we will always have the underlying problems of drugs and corrupt society. Still, there's also always someone willing to bring out their weapon, their voice, to speak out against those that try to silence them. <br/>PS. I love Chris for all he is by treating her right and being so open to listen and understand. We need to be more like him in being willing to talk and understand rationally rather than be swayed by the opinions of others, pushing their own agenda onto others, and carelessly ""joking"" about matters that aren't jokes like Hailey.",,,1,0
52556989,Here Goes Nothing: A Novel,Eamon McGrath,"McGrath, Eamon",,"=""1770414436""","=""9781770414433""",1.0,a misFit book,Paperback,112,2020,,2023/03/09,2023/03/09,"borrowed-library, book-digital","borrowed-library (#44), book-digital (#39)",read,"I liked the accompanying sounds in the 3hr audiobook but it's just not my type of story... it's a little story about a band on tour absolutely chock full of all the usual drugs, sex, and partying. I can't say I found much value from the read outside of don't make rash decisions when wrecked and delirious. And even if you're completely sober, it's not like the world will still bend to your will and appeal to your choices. <br/><br/>Welp there went nothing..",,,1,0
167006698,"Everyone on This Train Is a Suspect (Ernest Cunningham, #2)",Benjamin   Stevenson,"Stevenson, Benjamin",,"=""006327907X""","=""9780063279070""",5.0,Mariner Books,Hardcover,320,2024,2023,2024/11/23,2024/11/13,book-digital,book-digital (#28),read,I adore this style of narration; it’s so meta. I love the way this sequel follows up with realistic moments that haunt and follow Ernest through the book.<br/><br/>--<br/>This is a follow-up to the review I wrote a while back. This series got me back into the crime-mystery train (pun-intended) again after so many years. It had been a while since the old Professor Layton games on Nintendo that I realized I missed cozy crime mysteries like these. It brought back that spark in reading the genre again. I'm looking out for more works like this!<br/><br/>,,,1,0
60879779,"Everyone in My Family Has Killed Someone (Ernest Cunningham, #1)",Benjamin   Stevenson,"Stevenson, Benjamin",,"=""0063279029""","=""9780063279025""",5.0,Mariner Books,Hardcover,384,2023,2022,2024/11/10,2023/03/05,"book-digital, favorite-books","book-digital (#29), favorite-books (#8)",read,I loved how the book not only unfolded but the commentary along side the main story being told by Ernest Cunningham. He is by far one of the most reliable narrators I’ve come across and I’d like to say I’ve become a fan of Benjamin Stevenson’s style of storytelling. I’ll definitely read his next book Everyone on this Train is a Suspect. I wish I had come across it earlier to read during Halloween season. A well written whodunit crime mystery novel.,,,1,0
215534034,Meet My Brothers,Red Thirteen,"Thirteen, Red",,"=""""","=""""",1.0,,Unknown Binding,,,,,2024/10/30,did-not-finish,did-not-finish (#1),did-not-finish," -DNF on September 8, 2024-<br/><br/>Read Up to Chapter 82 on a random webnovel site and just never got back to it since I just picked it up from all the ads on social media talking about it 🤷🏽‍♀️ not the greatest book but entertaining to read if you’re not serious about it or a grammar police. <br/>There’s many, MANY, errors and continuity issues that come from poorly translated texts. So honestly, be aware if you want to pick it up for those sleep-deprived night vibes.",,,1,0
101673373,A Winter in New York,Josie Silver,"Silver, Josie",,"=""0593724933""","=""9780593724934""",1.0,Delacorte Press,Hardcover,372,2023,2023,,2024/02/03,"book-physical, did-not-finish, borrowed-library","book-physical (#69), did-not-finish (#3), borrowed-library (#22)",did-not-finish," -DNF on March 23, 2024-<br/><br/>This book just wasn’t for me. The main character’s constant lies frustrated me to the point that I couldn’t enjoy or finish it. The plot started losing direction — scenes felt disconnected, and the reasoning behind certain choices didn’t add up. What should’ve been emotional or romantic often came off as confusing and inconsistent.<br/><br/>Honestly, she could’ve just told the truth from the start instead of pretending to recreate the recipe over and over. The entire situation felt unnecessarily dragged out — like everything that happened afterward could’ve been roll credits.<br/><br/>As the story spiraled further into chaos, I found myself caring less about what happened next. I’m calling it quits for now — maybe I’ll try again another day, but at the moment, this just isn’t the book for me.",,,1,0
35121240,"The Hazel Wood (The Hazel Wood, #1)",Melissa Albert,"Albert, Melissa",,"=""1250147913""","=""9781250147912""",1.0,Flatiron Books,Kindle Edition,368,2018,2018,,2025/11/12,"book-digital, borrowed-library, did-not-finish","book-digital (#44), borrowed-library (#98), did-not-finish (#4)",did-not-finish," -DNF on Feb 1 2026-  I can’t get into the book at all. I was starting to wonder if I’d ever like Alice or her life or even the others in her miserable life. It was starting to grate on me considerably and I literally just got through 50 pages. <br/><br/>Alice acts condescendingly towards everyone and only respects one person, her mother, Ella, whom she refers to with her first name despite her praises and worship of her. Ella isn’t a great person or even anyone shockingly exceptional, considering she didn’t even teach Alice basic life skills like “stranger danger”. Ella smokes and drinks and had her daughter making her martinis at the wave of her hand and had her addicted to smoking from a young age. <br/><br/>Alice lives her life on the road till her minor literary celebrity grandmother dies alone in her estate in the Hazel Wood. After her elusive grandmother’s death, her mother and she settle into New York, getting by working odd jobs. (The only thing I learned from Ella was to not hold serving trays higher than your waist because guys will take the chance to ogle your chest... in my opinion, that shit just sounds like the “you were asking for it” nonsense rather than teaching her how to call creeps out for their disgusting actions.) <br/><br/>Her mother bags a wealthy man 4 months into knowing him and gets Alice enrolled into a private school while Alice also works part-time at a pretentious cafe that turns into a bar in the evenings. Alice is both a very aggressive and an unagreeable person, making it hard not only for the other irritating people around her to like her but as a reader too. I couldn’t stand the literary snob vibes she’d give in addition to the anger issues (which she has no reason to dump on us like it’s world-building exposition).<br/><br/>The only part of the book I found remotely interesting and tolerable was the sparse tidbits of information on her grandmother Althea Proserpine’s life before she became a fairytale cult leader and hid herself away in her secluded estate in the woods. I got Alice’s obsession with wanting to know more about her family and her history, but that fizzled away faster than stale soda on a hot summer day. <br/><br/>Finch is a classmate at her private school; she used to think he was attractive until he opened his mouth, talking about her grandmother’s elusive book. After that revelation, she’d buried any affection she may have had into the dirt, which makes zero fucking sense to me. Like, girl, you want to read the damn book, right? Why don’t you ask him for his fucking copy? Or not whatever. <br/><br/>There’s nothing I like about Alice to the point I couldn’t care less about her or anyone else in the book. They all seem miserable and annoying to deal with. The only person whom I would be rooting for (Althea) already kicked the damn bucket. So I’m basically done. I don’t think I’ll be back to read this book anytime soon, not after how miserable it made me feel just 50 pages in.",,"did not finish Feb 1, 2026 ",1,0
76703559,"Throne of Glass (Throne of Glass, #1)",Sarah J. Maas,"Maas, Sarah J.",,"=""163973094X""","=""9781639730940""",0,Bloomsbury Publishing,Hardcover,406,2023,2012,,2026/01/28,to-read,to-read (#437),to-read,,,,0,0
38715000,"Caraval (Caraval, #1)",Stephanie Garber,"Garber, Stephanie",,"=""""","=""""",0,Flatiron Books ,Kindle Edition,361,2017,2016,,2026/01/25,to-read,to-read (#436),to-read,,,,0,0
198972842,"Not in Love (Not in Love, #1)",Ali Hazelwood,"Hazelwood, Ali",,"=""0593550439""","=""9780593550434""",0,Berkley,ebook,384,2024,2024,,2025/08/12,"on-hold, borrowed-library, book-digital","on-hold (#3), borrowed-library (#12), book-digital (#42)",on-hold,,,,1,0
214195609,Jane Austen's Bookshelf: A Rare Book Collector's Quest to Find the Women Writers Who Shaped a Legend,Rebecca Romney,"Romney, Rebecca",,"=""1982190264""","=""9781982190262""",0,Simon & Schuster,Kindle Edition,464,2025,2025,,2025/07/11,"on-hold, borrowed-library, book-digital","on-hold (#5), borrowed-library (#11), book-digital (#41)",on-hold,,,,1,0
58458305,"남편을 만렙으로 키우려 합니다 1 [Nampyeon-eul Manlev-euro Kiuryeo Habnida 1] (Leveling Up My Husband to the Max [Webtoon], Season 1)",Nuova,"Nuova, Nuova",,"=""""","=""""",4.0,네이버 만화,Unbound,,2021,2021,2022/12/25,2021/10/19,"manhwa, favorite-manhwa-manga, official-translations","manhwa (#85), favorite-manhwa-manga (#18), official-translations (#87)",read,"Season 1 completed: chapters 1-65!<br/><br/>'Leveling Up My Husband to the Max' is a misleading title as it's definitely not a game in which one's levels increase. It is a sweet fantasy romance. The main female lead Amber went back in time to take revenge on those who've wronged her and actually live through her hardships. In the process, we see her make strides in progressing her relationship with Carlx and make improvements to the quality of life for her people and those she cares about. I enjoyed it and hope to see more sweet moments and character progression between the leads in the next season! ",,,1,0
55781909,재혼 황후 2 [Jaehon Hwangho 2],Herelee,"Herelee, Herelee","히어리, Sumpul, 숨풀, Alphatart, 알파타르트","=""""","=""9791190153485""",5.0,영컴,Paperback,264,2020,2020,2022/12/25,2021/11/04,"manhwa, official-translations","manhwa (#78), official-translations (#86)",read,,,,1,0
57300687,재혼 황후 3 [Jaehon Hwangho 3],Herelee,"Herelee, Herelee","히어리, Sumpul, 숨풀, Alphatart, 알파타르트","=""1190153653""","=""9791190153652""",0,영컴,Paperback,288,2021,2021,2022/12/25,2023/01/05,"manhwa, official-translations","manhwa (#134), official-translations (#85)",read,,,,1,0
57300792,재혼 황후 4 [Jaehon Hwangho 4],Herelee,"Herelee, Herelee","히어리, Sumpul, 숨풀, Alphatart, 알파타르트","=""""","=""9791167790101""",0,영컴,Paperback,256,2021,2021,2022/12/25,2023/01/05,"manhwa, official-translations","manhwa (#135), official-translations (#84)",read,,,,1,0
58144123,재혼 황후 6 [Jaehon Hwangho 6],Herelee,"Herelee, Herelee","히어리, Sumpul, 숨풀, Alphatart, 알파타르트","=""""","=""9791167790453""",0,영컴,Paperback,272,2022,2022,2022/12/25,2023/01/05,"manhwa, official-translations","manhwa (#137), official-translations (#83)",read,,,,1,0
57549410,재혼 황후 5 [Jaehon Hwangho 5],Herelee,"Herelee, Herelee","히어리, Sumpul, 숨풀, Alphatart, 알파타르트","=""""","=""9791167790194""",0,영컴,Paperback,256,2021,2021,2022/12/25,2023/01/05,"manhwa, official-translations","manhwa (#136), official-translations (#82)",read,,,,1,0
63340670,재혼 황후 7 [Jaehon Hwangho 7],Herelee,"Herelee, Herelee","히어리, Sumpul, 숨풀, Alphatart, 알파타르트","=""""","=""9791167791689""",0,YOUNGCOM(영컴) ,Paperback,256,2022,2022,2022/12/25,2025/12/15,"manhwa, official-translations","manhwa (#138), official-translations (#81)",read,,,,1,0
75634516,재혼 황후 8 [Jaehon Hwangho 8],Herelee,"Herelee, Herelee","히어리, Sumpul, 숨풀, Alphatart, 알파타르트","=""""","=""9791167791818""",0, YOUNGCOM(영컴) |,Paperback,256,2022,2022,2022/12/25,2025/12/15,"manhwa, official-translations","manhwa (#139), official-translations (#80)",read,,,,1,0
7864437,"The Death Cure (The Maze Runner, #3)",James Dashner,"Dashner, James",,"=""0385738773""","=""9780385738774""",2.0,Delacorte Books for Young Readers,Hardcover,325,2011,2011,2021/04/02,2021/03/04,"borrowed-library, book-physical","borrowed-library (#58), book-physical (#75)",read,"I did not like this book... I felt a bit upset when Thomas refused to get his memories back. It would have been so interesting to figure out really the motives of WICKED through a lens (Thoma's perspective) we've become accustomed to figuring things out from together. It's a shame that the memories that had been surfacing didn't mean anything and the ex deus machina involved <spoiler> like when he was on the operating table and chancellor paige just happened to rescue him while he was out cold </spoiler> did not sit well with me. There were too many situations that could have just easily been avoided if Thomas had just laid low or listened to his friends. There could have been so much more to this book than any of the previous books, but it's just unfortunate that nothing new was learned or discovered due to what seems to be rushing on Dashner's part. ",,,1,0
7631105,"The Scorch Trials (The Maze Runner, #2)",James Dashner,"Dashner, James",,"=""0385738757""","=""9780385738750""",3.0,Delacorte Press,Hardcover,362,2010,2010,2021/03/03,2021/02/27,"borrowed-library, book-physical","borrowed-library (#60), book-physical (#74)",read,"I've picked up this second book just to see how it will continue past the Maze Trials and it's safe to say that if all the nonsensical words didn't tick you off in the first book, the number of times Thomas faints in this book definitely will. <br/><br/>The plot is still quite interesting despite having nothing to do with puzzles like the first book and the setup is nice and mysterious, however, the actual reading experience dragged it through the ground. It felt like the whole journey could be chalked up to some simple points but there are some highlights that kept me going. The No-nose guy was TERRIFYING. Gosh, I got chills reading his part, a real shame he didn't get more time. I especially loved Minho and Newt more and more after the first book. They become more fleshed out every time they speak. <br/><br/>About that ending:<br/>I don't really understand the ending, but I'm glad Thomas took initiative in what his guts were telling him about Teressa. I wouldn't have tolerated her at all after all of what she did. Though it seems like he's walking into a trap by pushing her away after being ""betrayed"" by her, it seems natural to be wary of her. ",,,1,0
6186357,"The Maze Runner (The Maze Runner, #1)",James Dashner,"Dashner, James",,"=""0385737947""","=""9780385737944""",3.0,Delacorte Press,Hardcover,384,2009,2009,2021/02/26,2021/02/19,"borrowed-library, book-physical","borrowed-library (#61), book-physical (#73)",read,"I actually listened to the audiobook of this and gosh it hadn't been read to me I would have lost my mind with all the nonsensical words. The story dragged along slowly and honestly though it seems a ton of my questions as I read through the book had been answered I was felt with more to wonder and mull over in the end. It's a nice YA book though I wouldn't say it's overly special. I've had it sitting around in my TBR for such a long time and felt the push to finally go ahead and take the plunge. It's pleasant when the story starts moving faster but it's a bit unbearable in the first half. I dislike the ending, but I'm sure it will be solved with the next books in the series. I'm not sure what I expect is the setup for the series and if I'll consider the next books... ",,,1,0
55880616,unTouchable Season 2,NOT A BOOK,"BOOK, NOT A",,"=""""","=""""",4.0,LINE Webtoon,,,,,2020/10/14,2021/12/04,"manhwa, official-translations","manhwa (#66), official-translations (#79)",read,,,,1,0
23556704,unTouchable Season 1,NOT A BOOK,"BOOK, NOT A",,"=""""","=""""",4.0,LINE Webtoon,ebook,,,2014,2020/10/14,2021/12/04,"manhwa, official-translations","manhwa (#67), official-translations (#78)",read,A solid 4 hour read for a college student that doesn’t have much time to spare. I really love this spin on touching and it’s importance in a relationships but not it’s reliance on it.. it’s hilarious that Sia Lee (mc) was struggling so much to contain herself from touching the main male lead but I love that it deeper than just physical attraction/“quality of prey” (at least later on).,,,1,0
39985115,unTouchable (Webtoon),NOT A BOOK,"BOOK, NOT A",,"=""""","=""""",4.0,,ebook,4118,2017,,2020/10/21,2020/10/21,"manhwa, official-translations","manhwa (#105), official-translations (#77)",read,A solid 4 hour read for a college student that doesn’t have much time to spare. I really love this spin on touching and it’s importance in a relationships but not it’s reliance on it.. it’s hilarious that Sia Lee (mc) was struggling so much to contain herself from touching the main male lead but I love that it deeper than just physical attraction/“quality of prey” (at least later on). ,,,1,0
57865566,"장르를 바꿔보도록 하겠습니다 1 [Genrereul Baggwobodorog Hagessseubnida 1] (The Villainess Flips the Script! [Webtoon], Season 1)",NOT A BOOK,"BOOK, NOT A",,"=""""","=""""",5.0,연담,ebook,,2021,2021,2021/11/12,2021/11/04,"manhwa, favorite-manhwa-manga","manhwa (#79), favorite-manhwa-manga (#21)",read,"""It's time to change the genre!"" <br/><br/>Tall men with black hair-- just thank you Ruediger for existing in this (though you're a bit dense but sweet). <br/><br/>I have my suspicions SPOILER <spoiler>that Luca knows more than he's letting on especially with how he acts around others and how he instantly picked up mannerisms/learning whereas he struggled in the past.</spoiler> but it's like your usual Tragic Webtoon spinoff (turned comedy?) <br/><br/>The villainess here is not originally an integral part of the main story. She raises her sister's son until a member of the father's side of the family comes to pick the son up. In the original story, Luca (the son, heir to Winterwald) and Judith (the Villainess, Luca's Aunt) didn't have a great relationship. They would be pretty distant and bicker over everything and Judith would blame her lack of love/fortune in life on having to raise a child (Luca). With Luca's uncle (Ruediger) taking Luca away in the original leaving Judith with a handful of money as compensation was just the start of the tragedy as she becomes more and more greedy looking to make Luca into a cash cow essentially (eventually resulting in death).<br/><br/>I won't go into detail but after reincarnating into Judith's body the first thing she does is try and make amends with Luca before he leaves. However, he doesn't just leave, he brings Judith along this time as his ""mother"" (lol). The small changes that begin in the story soon snowball into a larger change in the genre... (to what I'm looking forward to is a Romantic Comedy).<br/><br/>Overall, it's a lovely first season and I can't wait to read season 2 when it's up!",,,1,0
57376609,"원수를 사랑하라 2 (To Love Your Enemy, Season 2)",NOT A BOOK,"BOOK, NOT A",,"=""""","=""""",3.0,Naver Webtoon,Webtoon ,,2021,2021,2021/12/19,2021/11/24,"manhwa, official-translations","manhwa (#68), official-translations (#76)",read,"Finale season complete chapters 51-102!<br/><br/>I did not expect the twists this took. Main Female lead was not aware of her being involved in the pyramid schemes as we had originally thought. She was as naive as those she was scamming... So it contradicts all of what we were set up to expect about her. All of the ""her parents were scammers and committed fraud she is the exact same.."" blah blah it wasn't true? It wasn't her character, she was just tricked like anyone else. I just didn't enjoy that.. making her seem like she was really lying to -> oh no, I wasn't aware either. <br/><br/>There's a religious cult arc. It goes by super fast which was surprising considering how much slower the first season had been. <br/><br/>I do not like Sora or the manager. Every time I see them, I get irritated especially the professor. He was far too invasive(?) in Yeonhee's business. Like seriously, she doesn't want to be involved with you so back off... People need to understand some of these fundamental things like what ""no"" means.  <br/><br/>I don't completely understand the point of the breakup? It was out of left field for me. I couldn't grasp the point of that was at all. The ending was also so abrupt... It wasn't a satisfying end. It seems like the author forgot about the many loose ends that were still left untied. ",,,1,0
61201573,Marry My Husband,LICO dan Sungsojak,"Sungsojak, LICO dan",,"=""""","=""""",0,2022,,,2022,22,2022/12/25,2022/12/12,"manhwa, favorite-manhwa-manga, official-translations","manhwa (#49), favorite-manhwa-manga (#17), official-translations (#75)",read,,,,1,0
56535944,엔딩 후 서브남을 주웠다 [Ending Hu Subnam'eul Juwossda] (I Picked Up the Second Male Lead After the Ending),Do-Tol Hwang,"Hwang, Do-Tol","Isle, 황도톨, 아일레","=""""","=""""",5.0,페리윙클,ebook,,2020,2020,2021/11/14,2021/11/12,"manhwa, official-translations","manhwa (#76), official-translations (#74)",read,"Completed! Chapters 1~89<br/><br/>review for:<br/>currently @49 on the manhwa. <br/><br/>The art style is different from most webtoons out there, however, the soft colors and harsh dark scenes really give it so much warmth. I originally didn't like the main FL since she was so dense/stubborn needlessly. But her sweetness really does rub off on you. Not gonna lie the supporting characters are so sweet too (her personal maid and the cook in the kitchen). I haven't gone very far into the story but things are definitely not what they seem like. The original story has ended and honestly, I thought the main leads from the original would be wanting more revenge on the poor Richt but they are sweet too.<br/><br/>Overall it's so wholesome so far and I'm not looking for that to end.<br/><br/>final review: <br/>Highly recommend it to new webtoon readers. Its art style is cute and refreshing. The author isn't shy to delve into some pretty dark stuff and has the characters overcome deep trauma in healthy ways. The romance is endearing and the ups and downs of the relationship between the two leads have my heart racing. The ending tied everything up quite nicely though I'm sad to see it end so quickly. I loved every moment and it is a surprise I remember the plot very well without having seen the webtoon in over a year or so. It is a very memorable and sweet romance story I'd love to reread some time again later.",,,2,0
23155501,QQスイーパー 1 [QQ Sweeper 1],Kyousuke Motomi,"Motomi, Kyousuke",最富キョウスケ,"=""4091363164""","=""9784091363169""",5.0,Shogakukan,Paperback,184,2014,2014,2023/02/04,2023/02/05,"manga, borrowed-library","manga (#42), borrowed-library (#96)",read,"You can find peace in the mundane activities of everyday life. <br/><br/>Fumi is abandoned by her guardians and is left at her new school with just her bedding and personal items. She stumbles upon a room that has been taken care of and feels it's like a home and falls asleep on the couch. She awakes to Kyutaro who had gone to clean the place in the morning and at this point, the story begins. <br/><br/>All in all though the plot moves quickly, the story takes a lot of consideration for the simple moments and interactions between different characters. You can tell a lot from the way everyone acts around one another and how they think about events that shape their mental state. I really needed to read this book. ",,,1,0
58450407,"My Happy Marriage (Light Novel), Vol. 1",Akumi Agitogi,"Agitogi, Akumi",Tsukiho Tsukioka,"=""1975335007""","=""9781975335007""",5.0,Yen On,Paperback,160,2022,2019,2023/07/20,2023/07/18,"light-novel-translations, book-digital","light-novel-translations (#1), book-digital (#38)",read,"—will edit later—<br/><br/>Alright so volume 1 is the precursor to a phenomenal tale and lovely wholesome love story. Miyo, our FL, is being mistreated and abused by her so called family. The abuse runs deep and I love the emphasis that a simple sorry and dowry would not be enough to heal those wounds. <br/><br/>I’m a sucker for falling in love at first sight stories so this one got me on page one. Having said that I was rooting for that childhood friend for a good minute before I dropped him for Mr.Kiyoka Kudou. <br/>I’m satisfied with the childhood friend’s ending in the relationship. As sincere as his feelings for Miyo were, his flaws prevented him from truly being there for her. He knew his shortcomings very well also considering he quickly got Kudou when things were going south. He basically forfeited the challenge before it started. <br/><br/>I love the fantasy laced into the story. It’s the sole reason why Miyo was abused in the first place. The magic is what connects her to her memories and dreams of her mother (happier times). It’s not as prominent in this volume but I’m sure we’ll see more of it later on. Especially with that foreshadowing at the ending as Miyo bids her mother’s cherry tree goodbye and steps towards her new life. <br/><br/>—<br/>I’m not too happy with the anime adaptation. As beautiful as it is, there’s just so much not emotionally available in the scenes being portrayed. The inner workings of the characters and Miyo’s struggles with social interactions and herself shapes a lot of the story. It feels kind of silent throughout the episodes as we continue to watch without a ton of her inner monologue. I’ll be staying up to date with the anime as it posts but I highly recommend reading the novel over watching it at this point in time.",true,,1,0
61255061,Maybe Meant to Be,honeyskein,"honeyskein, honeyskein",,"=""""","=""""",0,,ebook,,2022,,2023/10/28,2022/12/12,"manhwa, official-translations","manhwa (#50), official-translations (#73)",read,,,,1,0
61316049,"오늘도 사랑스럽개 9 (A Good Day to Be a Dog, Vol. 9)",Lee Hye,"Hye, Lee",이혜,"=""1190427540""","=""9791190427548""",5.0,,,262,2020,,2023/12/27,2023/12/27,"manhwa, official-translations","manhwa (#8), official-translations (#72)",read,,,,1,0
61316043,"오늘도 사랑스럽개 8 (A Good Day to Be a Dog, Vol. 8)",Lee Hye,"Hye, Lee",이혜,"=""1190427532""","=""9791190427531""",4.0,,,254,,,2023/12/27,2023/12/27,"manhwa, official-translations","manhwa (#9), official-translations (#71)",read,,,,1,0
61316038,"오늘도 사랑스럽개 7 (A Good Day to Be a Dog, Vol. 7)",Lee Hye,"Hye, Lee",이혜,"=""1190427524""","=""9791190427524""",4.0,,,,2020,,2023/12/27,2023/12/27,"manhwa, official-translations","manhwa (#10), official-translations (#70)",read,,,,1,0
61316035,"오늘도 사랑스럽개 6 (A Good Day to Be a Dog, Vol. 6)",Lee Hye,"Hye, Lee",이혜,"=""1190065509""","=""9791190065504""",5.0,,,284,,,2023/12/27,2023/12/27,"manhwa, official-translations","manhwa (#11), official-translations (#69)",read,,,,1,0
61316022,"오늘도 사랑스럽개 5 (A Good Day to Be a Dog, Vol. 5)",Lee Hye,"Hye, Lee",,"=""1190065495""","=""9791190065498""",4.0,,,282,,,2023/12/27,2023/12/27,"manhwa, official-translations","manhwa (#12), official-translations (#68)",read,,,,1,0
61316019,"오늘도 사랑스럽개 4 (A Good Day to Be a Dog, Vol. 4)",Lee Hye,"Hye, Lee",이혜,"=""1190065487""","=""9791190065481""",4.0,,,,,,2023/12/27,2023/12/27,"manhwa, official-translations","manhwa (#13), official-translations (#67)",read,,,,1,0
61316014,"오늘도 사랑스럽개 3 (A Good Day to Be a Dog, Vol. 3)",Lee Hye,"Hye, Lee",이혜,"=""""","=""9791162209165""",5.0,,Paperback,,2018,2018,2023/12/27,2023/12/27,"manhwa, official-translations","manhwa (#14), official-translations (#66)",read,,,,1,0
61316006,"오늘도 사랑스럽개 2 (A Good Day to Be a Dog, Vol. 2)",Lee Hye,"Hye, Lee",이혜,"=""""","=""9791162209158""",5.0,,,322,2018,,2023/12/27,2023/12/27,"manhwa, official-translations","manhwa (#15), official-translations (#65)",read,,,,1,0
56475924,"남편을 만렙으로 키우려 합니다 6 [Nampyeon-eul Manlev-euro Kiuryeo Habnida 6] (Leveling Up My Husband to the Max [Novel], #6)",Nuova,"Nuova, Nuova",누오바,"=""""","=""9791132580874""",5.0,루시노블,ebook,490,2020,2020,2024/01/01,2024/01/12,"manhwa, official-translations","manhwa (#2), official-translations (#64)",read,,,,1,0
56475906,"남편을 만렙으로 키우려 합니다 5 [Nampyeon-eul Manlev-euro Kiuryeo Habnida 5] (Leveling Up My Husband to the Max [Novel], #5)",Nuova,"Nuova, Nuova",누오바,"=""""","=""9791132580867""",5.0,루시노블,ebook,407,2020,2020,2024/01/01,2024/01/12,"manhwa, official-translations","manhwa (#3), official-translations (#63)",read,,,,1,0
56475901,"남편을 만렙으로 키우려 합니다 4 [Nampyeon-eul Manlev-euro Kiuryeo Habnida 4] (Leveling Up My Husband to the Max [Novel], #4)",Nuova,"Nuova, Nuova",누오바,"=""""","=""9791132580850""",5.0,루시노블,ebook,385,2020,2020,2024/01/01,2024/01/12,"manhwa, official-translations","manhwa (#4), official-translations (#62)",read,,,,1,0
56475896,"남편을 만렙으로 키우려 합니다 3 [Nampyeon-eul Manlev-euro Kiuryeo Habnida 3] (Leveling Up My Husband to the Max [Novel], #3)",Nuova,"Nuova, Nuova",누오바,"=""""","=""9791132580843""",5.0,루시노블,ebook,396,2020,2020,2024/01/01,2024/01/12,"manhwa, official-translations","manhwa (#5), official-translations (#61)",read,,,,1,0
56475890,"남편을 만렙으로 키우려 합니다 2 [Nampyeon-eul Manlev-euro Kiuryeo Habnida 2] (Leveling Up My Husband to the Max [Novel], #2)",Nuova,"Nuova, Nuova",누오바,"=""""","=""9791132580836""",5.0,루시노블,ebook,414,2020,2020,2024/01/12,2024/01/03,"manhwa, official-translations","manhwa (#6), official-translations (#60)",read,,,,1,0
61109069,The London Séance Society,Sarah Penner,"Penner, Sarah",,"=""""","=""""",2.0,Park Row,Hardcover,352,2023,2023,2024/01/13,2024/01/02,"borrowed-library, book-digital","borrowed-library (#27), book-digital (#37)",read,"I needed to mull over this for a while before making my conclusion. <br/><br/>I was hoping for a more... creepy, moody, seance-filled book. It felt a little shallow and short of expectations. The murders and conflicts of this era are all pointing solely to male perpetrators and female victims. It just upsets me that the female point of view told by Leena is really hard to relate to. She isn't exactly experiencing any sort of character development either. The men written were all lustful, greedy and one-dimensional. There are better villains in this world that make you want to really root for their reasoning, but get let down by their execution of those morals they hold. These villains are just men (not even spectacular).. with weakly written female characters unable to throw hands. Not that they aren't strong, just nothing is backing them or making me feel they have what it takes.<br/><br/>I did like Vaudeline. She was a bada**, but Leena not so much. I started to like Mr. Morley's part more than the females... in a book meant to center and revolve around empowered women taking things into their own hands.<br/><br/>I was let down by the execution of it.",,,1,0
61326735,"Love, Theoretically",Ali Hazelwood,"Hazelwood, Ali",,"=""1408725797""","=""9781408725795""",4.0,Sphere,Paperback,389,2023,2023,2024/01/22,2024/01/18,"borrowed-library, book-digital","borrowed-library (#26), book-digital (#36)",read,"I liked it and the audiobook helped me get through it whenever I had some free time. <br/><br/>I do have to say that the strings of cursing caused me to flinch and cringe whenever they happened. Additionally, the random inappropriate quips got me slightly disappointed from time to time as well. It felt like secondhand embarrassment like when she said <i>""Daddy""</i>  with such conviction at a work party where others could have been listening. It's just whiplash whenever it happens that I need a break and breather from the book. Lastly, several people are complaining about the italics, but in audio, it's not an issue truly so I'll give that a pass. <br/><br/>Now to review the characters. I liked Jack a lot. He was sensible and all his actions made sense from start to finish. Elsie was harder to follow and relate to... even when I'm also a woman in STEM (computer engineering and electrical engineering). So it was pleasant to dig into Jack's background and mentality through his every move. <br/><br/>The twist was great! I liked the betrayal, it just took forever to get to that point. Sure there were signs, but nothing truly off-putting to start warning and alerting readers of the red flags. It was a slow burn. I liked the final conclusion, but it left a lot to be answered like Elsie's family situation.",,,1,0
60653961,"하루만 네가 되고 싶어 4 [Haruman Naega Doego Sip-eo 4] (Your Throne, #4)",SAM,"SAM, SAM",삼,"=""8954684173""","=""9788954684170""",5.0,문학동네,Paperback,300,2021,2021,2024/03/25,2024/02/16,"manhwa, official-translations","manhwa (#144), official-translations (#59)",read,"Chapter 36 - 47<br/><br/>Alright so as I've said from the previous reviews these two girls are stunning and so damn strong. I love them with my heart and soul. Nothing can console me if something were to happen to either of them. I need to keep reading this as much as i can without delay as I've been hooked. <br/><br/>This volume follows the concerning past of Psyche and her secrets. And Gal got secrets, big groundbreaking secrets. We see the two switch bodies and get confused and closure on just how it was possible. We follow our beloved Medea as she takes charge and takes full swings. I need more of her involved in the story essentially if it's cutting her father's throat.<br/><br/>Prince Eros disgusts me. I hate him but that's probably putting it lightly. The way I wish i could just wring his neck through the screen of my tablet. Even hanging him won't be serving the girls any justice though.",,,1,0
63898011,"하루만 네가 되고 싶어 5 [Haruman Naega Doego Sip-eo 5] (Your Throne, #5)",SAM,"SAM, SAM",삼,"=""895468923X""","=""9788954689236""",5.0,문학동네,Paperback,288,2022,,2024/04/01,2024/03/29,"manhwa, official-translations","manhwa (#133), official-translations (#58)",read,Medea is formulating a plan and it involves the recruiting of a familiar red head. Helios needs to start loving himself. He killed his own ship with Medea with saying that she is his god. That cup is one you don't want to be drinking from.. The new duo is changing my perception of the situation. <br/><br/>Psyche stay strong <3 don't fall back into the same trap this manipulator is setting up again. <br/><br/>How dare Eros call Medea his empress and a wench in the same breath. Disgusting.,,,1,0
209577005,"Spy x Family, Ofiicial Databook Eyes Only",Tatsuya Endo,"Endo, Tatsuya",,"=""8410213486""","=""9788410213487""",4.0,Editorial Ivrea España,Paperback,220,2024,2022,2024/05/23,2024/05/21,"borrowed-library, manga, book-physical","borrowed-library (#34), manga (#138), book-physical (#72)",read,Spent a casual 2hrs 38min on this read.<br/><br/>It was a fantastic way to recap and summarize all the chapters and concepts covered up until volume 9. The art work is stunning and the analysis of every single character is well worth recapping on if it’s been a while since you’ve read the volumes. Im my case I’ll be re-reading and recording the days it takes to cover all the volumes again on goodreads since I didn’t the first time around.,,,1,0
204145410,"Liz’s Proposal (Better than the Movies, #1.1)",Lynn Painter,"Painter, Lynn",,"=""""","=""""",4.0,Independently Published,ebook,15,2023,2023,2024/05/27,2024/05/27,book-digital,book-digital (#35),read,🥹 Wes really was best boy from page one. He was hardcore simping for Libby well before this gal even considered him in her life in the first place. I’m beyond grateful for these insights to Wes’ point of view m.,,,1,0
199078687,"Wes Bennett's Vivid Dream (Better than the Movies, #1.4)",Lynn Painter,"Painter, Lynn",,"=""""","=""""",5.0,Independently Published,ebook,6,2023,2023,2024/05/27,2024/05/27,book-digital,book-digital (#34),read,WES IS DELULU AND IM HERE FOR IT 😭😍😂<br/><br/>how to get a real life Wes of my own? 😔 <br/><br/>This one is truly just Wes being a teenager fantasizing 😂 it’s quite understandable that he’s just trying to sleep in again at the end,,,1,0
199046275,"Basketball Night (Better than the Movies, #1.3)",Lynn Painter,"Painter, Lynn",,"=""""","=""""",5.0,Independently Published,ebook,23,2023,2023,2024/05/27,2024/05/27,book-digital,book-digital (#33),read,This one was by far my favorite of the Wes POV versions of event retellings. I adore Wes and the way his mind works. I love the wholesome and humorous moments and all of the little things that she did to make his heart race just as he made hers race too. I’m melting from how adorable he is with her. ,,,1,0
133126470,"The Party (Better than the Movies, #1.2)",Lynn Painter,"Painter, Lynn",,"=""""","=""""",4.0,Independently Published,ebook,21,2023,2023,2024/05/27,2024/05/27,book-digital,book-digital (#32),read,😭😂 every line was gold.. man admits it himself saying he’s a hopeless simp for Lizzie 😂 I can only dream of having his strength in these situations. He truly is cuffed for this gal and the simplest moments were beyond gratifying to watch between them. This gal really was blind from day one at how this fool was for her. The things he did for her happiness is wild.,,,1,0
181539042,I'm the Queen in This Life,Lefalzimp,"Lefalzimp, Lefalzimp",,"=""""","=""""",3.0,YONDER,ebook,,2022,2020,2024/05/27,2022/12/26,"light-novel-translations, manhwa, official-translations","light-novel-translations (#34), manhwa (#111), official-translations (#57)",read,"Webtoon chapter 83 currently... I'll come back to this again in the future if it interests me or progresses further in the plot line.<br/><br/>My thoughts so far I do love the art style very much and the premise of being reincarnated to change the future of one's life. I do love it, but I'm not sure how I feel about the main leads. Their beliefs and notions are throwing me off. <br/><br/>Adriana accuses and blatantly puts down a priest who advocated for the accessibility of the religion's scriptures and ideologies to the common folk rather than being blocked by a payway. I'm not sure how to feel about the main leads further pushing apart the social status between the common folk and the nobles. It seems extremely counterintuitive to the current day's standards and ideals... Granted it is the past this story takes place in, but I can't stomach the segregation of classes of people being so commonly celebrated and enforced directly through the leads' actions. <br/><br/>She isn't hero material but extremely selfish. I don't like her sister Isabella any better. The same can be said for the other male leads. They are a pretty face with weak moral compasses. They rely on their hearts more than political demands and don't take action fast enough. The twisted relationships between all the characters are starting to wear me down. I'm not liking this one much but I'll keep this in mind for another chance later.",,,1,0
57415475,Better Than the Movies,Lynn Painter,"Painter, Lynn",,"=""1665902248""","=""9781665902243""",4.0,Simon & Schuster Export,Paperback,368,2021,2021,2024/05/27,2023/03/09,book-digital,book-digital (#31),read,"It was a lovely read to get me out of my reading slump for the summer after a long first half of the year. It was a light and low-stakes cute romcom. It wasn't 🌟 spicy 🌟, nor did it need to be. I enjoyed it for what it was without really digging into it. <br/><br/>I heard there was a Wes' version. I'm immediately picking it up 'cause how can I not? There were plot points that hurt/wore me out a little, but we needed to speed up the impending doom somehow and get clarity for all the characters involved. I did love all Wes and Lib's interactions together leading up to the tragic prom-posal. I wish we got to see a bit more play out before the conclusion. <br/><br/>I will settle for all of Wes' versions of the previous events. ",,,1,0
62053108,"Better than the Prom (Better than the Movies, #1.5)",Lynn Painter,"Painter, Lynn",,"=""""","=""""",4.0,,ebook,30,2022,2022,2024/05/28,2024/05/27,book-digital,book-digital (#30),read,You complete me. Ugh this line had no right being perfect there. <br/><br/><br/>Communication and actually being honest is so damn cute. I truly love this for them. Makes me want to daydream my perfect guy now.. These were the perfect additions to the original book!,,,1,0
56035326,폭군님은 착하게 살고 싶어 [Poggunnim'eun Chaghage Salgo Sip'eo] (The Tyrant Wants To Live Honestly),Ramgeul Geul,"Geul, Ramgeul",글 람글,"=""""","=""""",5.0,네이버 시리즈,Unbound,,2020,2020,2024/06/13,2023/10/22,"manhwa, favorite-manhwa-manga, official-translations","manhwa (#20), favorite-manhwa-manga (#3), official-translations (#56)",read,"Chapters 0-32 on webtoon<br/>Alright, so I have caught up on this webtoon and will update as I continue reading.<br/><br/>So far, I love the reincarnation/re-do of life that went horribly wrong. I'm glad that she is using this life for good and also as therapy essentially. Her to-do list includes goals on how to live a good honest life. <br/><br/>Her circumstances are depressing, but the people surrounding her are healing her little by little and it's so endearing. <br/><br/>—<br/>chapters 33-47: <br/>There's a time skip these couple chapters but they hold so much value. The first steps to healing really start with rebuilding the relationship between siblings and this was perfect. Ray is smarter than he lets on. Emotionally he's been there for his sister from day one and I’ll always root for both of their happiness!<br/><br/>—<br/>Season one complete! Chapters 1-60 + 1 special episode <br/><br/>5* fantastic writing! I am still quite on the edge with the ML reveal on the LEGIT LAST CHAPTER. But hey I’m not as mad as I thought I would be with it. Dorothea is trying her best to heal from her scars of the past by atoning and making amends. She has done a fantastic job of it honestly. I’m rooting for her relationship with her brother to get better and more stable in the coming season. I’m excited to see what will happen next 🥹.",,,1,0
62339069,Summer Reading,Jenn McKinlay,"McKinlay, Jenn",,"=""0593545729""","=""9780593545720""",4.0,Berkley,Paperback,435,2023,2023,2024/12/23,2024/01/27,"borrowed-library, book-digital","borrowed-library (#23), book-digital (#27)",read,I got distracted at some point in the year reading this book. I actually used an Audiobook (about 11 hours). It was fitting way to read the book as Sam struggles with dyslexia. Overall good read just didn’t live how he had to leave ‘leave’ to make a point. It doesn’t make sense at all.,,,1,0
180633984,A Crane Among Wolves,June Hur,"Hur, June",,"=""1250858100""","=""9781250858108""",5.0,Feiwel & Friends,Kindle Edition,363,2024,2024,2024/12/23,2024/05/28,book-digital,book-digital (#26),read,"I got worried for the ladies at the end there, I won’t lie. My heart had hurt for a good while when I realized there was less than 30 minutes left in the book. I enjoyed the read and how interesting the history of King Yeonsan’s reign terror may have been and the horrific nature of men in the time period and the charming side of some of them as well. I’m looking forward to picking up another book by June Hur soon I hope 😌.",,,1,0
176443178,Expiration Dates,Rebecca Serle,"Serle, Rebecca",,"=""1982166827""","=""9781982166823""",2.0,Atria Books,Hardcover,272,2024,2024,2024/12/25,2024/11/26,book-digital,book-digital (#25),read,"So I’ve finished this book a little while back and I’ve got to say that I had expected a bit of a different twist to it. It was written well just had expectations for something like the time travelers wife or like lovely runner when I heard the synopsis of the book is all. I had expected the ending from how bland the chemistry was between main gal and her partner to be “forever” evidently. It was a good book, just not what I had expected/hoped for.",,,1,0
40121378,Atomic Habits: An Easy & Proven Way to Build Good Habits & Break Bad Ones,James Clear,"Clear, James",,"=""""","=""""",5.0,Avery,Kindle Edition,319,2018,2018,2025/01/23,2024/10/21,"borrowed-library, book-digital","borrowed-library (#20), book-digital (#24)",read,I started this year with really no idea of what I wanted to do or accomplish. I had a vague idea of what I wanted to really pursue but felt pressured to do it all in a certain way that I knew would be difficult to maintain and master. This book has been a delightful read in really setting up what I wanted truly and what I needed to do to achieve my goals. Here’s to a successful year and many more to come!,,,1,0
60018635,The Very Secret Society of Irregular Witches,Sangu Mandanna,"Mandanna, Sangu",,"=""059343935X""","=""9780593439357""",4.0,Berkley,Paperback,336,2022,2022,2025/02/03,2023/03/08,"borrowed-library, book-digital","borrowed-library (#33), book-digital (#23)",read,I have to admit I was having a hard time getting into the book for a while because of the internal conflicts Mika Moon was having within herself and society (as a whole). She felt her passions and identity of a witch had to be buried deep within and could not share it with others other than with a facade of an internet witchy influencer. <br/><br/>It was only really when she talked about her upbringing that I started to understand and empathize with her situation and feelings. Having no real roots and lack of connection with anyone in her life other than Primrose (who kept things from her and actively encouraged distancing themselves from one another) that Mika felt she had no home in the vast world. <br/><br/>I adored every character who brought  part of themselves into this tiny world built in Nowhere House. I loved the communication of the characters! Miscommunication is the bane of my existence but this book tackled it head first and it was gratifying to see someone I’d grown to understand and admire take a stand for others when they’ve been raised to be mistrustful and weary of everyone. <br/><br/>This book felt like a warm cup of tea on a rainy day with the fire crackling. ,,,1,0
203751835,The Specimen,Jaima Fixsen,"Fixsen, Jaima",,"=""1728294908""","=""9781728294902""",4.0,Poisoned Pen Press,Paperback,416,2024,2024,2025/05/21,2025/01/10,"borrowed-library, book-digital","borrowed-library (#19), book-digital (#22)",read,Wow ok so I started reading this little by little every so often I went out for a drive picking my sibling up. It was a really really slow burn suspenseful experience. I enjoyed the story and the diverse characters and how the story developed slowly with every page. It had many moments that hit hard emotionally in a tearful way and one that made me want to drive a pitchfork through the antagonist. I had hoped for a side story developing the found family theme but overall I’m content with how the story unfolded and had wrapped up. It was a great read following the true crime story of the infamous Burke and Hare murders whose killings supplied an anatomy school’s operations and research. <br/><br/>Made me grateful for the more strict medical/ human rights laws we have in place in modern day to prevent and protect us from tragedies as in the book. <br/><br/>I recommend it to those looking to sink their teeth into something unsettling and touching. I retold the book to my family at most sittings when they had asked for a follow up to the tale and it was fun to watch and hear about their reactions to certain parts of the story as it unfolded for us. ,,,1,0
58724626,"What Moves the Dead (Sworn Soldier, #1)",T. Kingfisher,"Kingfisher, T.",,"=""1250830753""","=""9781250830753""",3.0,Tor Nightfire,Hardcover,165,2022,2022,2025/05/31,2025/05/24,"borrowed-library, book-digital","borrowed-library (#16), book-digital (#20)",read,"What Moves the Dead is a gothic horror retelling of Edgar Allan Poe’s “The Fall of the House of Usher,” this novella stands firmly on its own with eerie brilliance and a fresh, modern voice. It was unsettling, immersive, and laced with slow creeping dread. The pacing is almost perfect, with tension that builds steadily through eerie details and clever foreshadowing.<br/><br/>The protagonist, a sharp-witted female soldier, brings a refreshing perspective. Her subtle commentary and occasional, well-placed personal insights give the story emotional weight while also emphasizing the horror of her surroundings. Her character challenges social conventions without the narrative ever feeling preachy especially with the interactions between Ms. Potter and Easton. <br/><br/>While the dry sarcasm adds some levity, it sometimes feels overdone. The ending, too, feels a little too neat—lacking the urgency or chaos that the story seemed to be heading toward. I had hoped the antagonist had put up more of a fight rather than to simply claim “a peace existence (though they had claimed the life of someone already and had wrecked the local ecosystem).<br/><br/>Still, this is a chilling, memorable read with atmosphere to spare. But man reanimated corpses definitely weren’t on my 2025 bingo card 😅.",,,1,0
60860679,"마른 가지에 바람처럼 5 (Like Wind on a Dry Branch, Vol. 5)",Dalsaeowl,"Dalsaeowl, Dalsaeowl","Hwaeum, 달새울, 화음","=""""","=""9791167790682""",4.0,영컴,Paperback,272,2022,,2025/06/08,2025/06/08,"manhwa, official-translations","manhwa (#132), official-translations (#55)",read,Vol. 5<br/>Episode 49 ~ 60<br/><br/>There was quite a bit of lore in this volume and also a twist in the story. There’s more sides to rieta every single volume… though we get to see her shine more brightly and fit in happily to a routine in Axias we also see her see her hero saintess in another light. Rieta is highly suspicious considering she knows way more than she initially lets on until push comes to shove.. <br/><br/>I do like the sweet moments between Killian showing off his care and awe of Rieta more in this volume we also see how he’s keeping a respectful distance for her sake. She is after all a grieving mother and widow whom has experience far too much trauma that one would in a typical lifetime. ,,,1,0
60860672,"마른 가지에 바람처럼 4 (Like Wind on a Dry Branch, Vol. 4)",Dalsaeowl,"Dalsaeowl, Dalsaeowl","Hwaeum, 달새울, 화음","=""""","=""9791167790507""",5.0,영컴,Paperback,296,2021,2021,2025/06/08,2025/06/08,"manhwa, official-translations","manhwa (#131), official-translations (#54)",read,"Vol. 4<br/>Episode 35 ~ 48<br/><br/>43 being the title episode has my heart. The pacing the illustrations 💕 love for them is like wind on a dry branch.. man the sweet fluttering tension between Rieta and Killian is going to be the end of me. <br/><br/>The new title art on 44 is ok (it is symbolic though at least). It’s showing the gradual transition from the dead branches in winter to the more stylistic foliage blooming from the title.<br/><br/>I do have to say the traumatic moments of Rieta’s upbringing and her life struggles coming to light little by little have my heart aching for her. Her flinching and being scared of the sweet Abbot.. her fears of that wretched manservant of her abuser from chapter 1 getting a beat down was gratifying.. <br/><br/>She has endured a lot..<br/><br/>Hopefully things will begin to improve and allow Rieta for some much needed self care and healing. She looks so much more lively and competent with herself at least in regards to her mannerisms by the 48th chapter. <br/><br/>The slow burn romance is like a single candle in a dark room, slowly burning dimly lit but the light is warm and inviting..<br/><br/>",,,1,0
60860667,"마른 가지에 바람처럼 3 (Like Wind on a Dry Branch, Vol. 3)",Dalsaeowl,"Dalsaeowl, Dalsaeowl","Hwaeum, 달새울, 화음","=""""","=""9791167790392""",5.0,영컴 ,Paperback,288,2021,2021,2025/06/08,2025/06/08,"manhwa, official-translations","manhwa (#130), official-translations (#53)",read,Vol. 3<br/>Episode 25 ~ 34<br/><br/>Gods this was the most heartbreaking volume I’ve ever read on webtoons. My soul felt wrecked by the sheer amount of pain Rieta experienced from her PTSD reliving the nightmare that was loss from a pandemic. Killian has so much depth to his character.. his actions in choosing to slap her to her senses was so devastating to see. You can tell his first choice of actions in the situation (as with others I’m sure) has always been brute force and being gentle as an afterthought. You can tell he immediately regrets his actions in the panels that proceed when she comes to.<br/><br/>I applaud the author for their ability to convey this level of sentiment and understanding of trauma and grief riddled guilt into this volume. I cried dearly at every single detail.. like Irene at the window wearing black. She didn’t have to since no one would see her.. but she did grieve just the same.<br/><br/>I love how Killian is also displayed in more way now. We all know of his intelligence and wits in leadership and taking charge against his step mother. But now we see how his past’s deeds are helping him out now in current day. <br/><br/>The line “no I believe it is I who beholds a god amongst men” goes hard. <br/><br/>Side note Abbot is 100% Galdalf. And he is officially the Killian X Rieta ship club president. ,,,1,0
60860660,"마른 가지에 바람처럼 2 (Like Wind on a Dry Branch, Vol. 2)",Dalsaeowl,"Dalsaeowl, Dalsaeowl","Hwaeum, 달새울, 화음","=""""","=""9791167790132""",5.0,영컴,Paperback,272,2021,2021,2025/06/08,2025/06/07,"manhwa, official-translations","manhwa (#129), official-translations (#52)",read,Vol. 2<br/>Episode 14 ~ 24<br/><br/>Honestly the story took a turn I had not expected in the least but it was spectacular. Rieta is brilliant and so quick witted and the complexity of the tension between both her and killian is thick thick. This is truly a slow slow burn and here for it completely.<br/><br/>The banter between killian and the empress has me on my toes and the cunning schemes *chefs kiss*. <br/><br/>The ending of this volume!! Criminal. She better be alright..,,,1,0
62351809,"마른 가지에 바람처럼 6 (Like Wind on a Dry Branch, Vol. 6)",Dalsaeowl,"Dalsaeowl, Dalsaeowl",,"=""""","=""9791167791054""",3.0,YOUNGCOM(영컴),Paperback,272,2022,,2025/06/10,2025/06/08,"manhwa, official-translations","manhwa (#128), official-translations (#51)",read,Vol. 6<br/>Episode 61 ~ 71<br/><br/>So this volume was a lot less stakes and more understanding each lead’s point of view and the on going story following the plague that afflicted Axias. We see the numbers gradually reducing and Rieta while pleased with the results she mentioned how the East Palace serves to deceive the women whom were not in on Killian’s plans and deserve to be told the truth and given the opportunity to leave peacefully. They should not repeat the mistakes that Irene had made.. <br/><br/>We also get to learn more about the Knighthood and also the history of Axias through Killian’s Books and governance/practices. <br/><br/>I don’t give authors enough credit for drawing horses but damn they drew horses beautifully in this WEBTOON. <br/><br/>Rieta and Killian have gotten to know each other extremely well whether they are likely to admit it or not.. but that last scene where Rieta essentially tells Killian she can tell he’s lying had me absolutely shocked.. we got to see Killian’s story a little more and make some guesses at how he ended the way he is and how his attraction to Rieta is slowly growing and getting the better of him in a way.<br/><br/>Overall this was considerably more lax of a volume compared to the previous ones. ,,,1,0
63898051,"마른 가지에 바람처럼 7 (Like Wind on a Dry Branch, Vol. 7)",Dalsaeowl,"Dalsaeowl, Dalsaeowl",Hwaeum,"=""1167791770""","=""9791167791771""",3.0,YOUNGCOM(영컴),Paperback,272,2022,,2025/06/18,2025/06/10,"manhwa, official-translations","manhwa (#127), official-translations (#50)",read,Vol. 7<br/>Episode 72 ~ 83<br/><br/> I can’t say this is my favorite volume but I do love the way the author intentionally juxtaposes specific scenes or moments to its exact counterpart to really drive home a message for the readers. <br/><br/>For example: A mother carrying for its child and child caring for its mother is very reasonable idea to grasp.<br/><br/>Now pairing this idea to making a choice between saving mother or child is a much more complex situation..<br/><br/>On one side we have Rieta a mother who’s lost her child and can’t live without the grief of her family circumstances bearing down on her. She without hesitation would chose the child live rather than the mother. She herself living with the loss of her baby makes her feel guilty for continuing to live without her child..<br/><br/>One the other hand we have Killian who had his mother killed <spoiler/> twice <spoiler> and who do anything in his power to save her. He chooses the mother.<br/><br/>We eventually find out it’s actually a father saving his child but I digress the idea still stands and honestly it makes it even better. I love that this WEBTOON does not shy away from portraying such deep values emotions and concepts. ,,,1,0
54386622,"A Court of Thorns and Roses (A Court of Thorns and Roses, #1)",Sarah J. Maas,"Maas, Sarah J.",,"=""""","=""""",3.0,Bloomsbury Publishing,Kindle Edition,441,2020,2015,2025/07/07,2022/12/12,"borrowed-library, book-digital","borrowed-library (#32), book-digital (#19)",read,"A Court of Thorns and Roses tested my patience more than once. I liked it — but just barely. The Stockholm syndrome undertone was loud and persistent, and honestly, it wore me down.<br/><br/>Lucien and Rhysand completely stole the show. By the end, they outshined Tamlin by a mile. Tamlin’s silence “for her sake” was… fine, I guess. But then he turns around and puts her in danger in one reckless moment? Wildly unattractive. I lost all respect for him then and there. Rhysand was by far way more deserving of praise than he received by putting his neck on the line for her and others several times. Though to be completely clear he has no damn concept of consent and is willing to humiliate Feyre at any time and will torture and torment anyone insignificant to him. Soo yeah no man in this book is fantastic, outstanding or exceptional on any count. <br/><br/>Feyre being illiterate made every scene involving written words agonizing. With all that downtime, she still couldn’t pick up reading or writing at a reasonable pace. Watching her struggle was like dragging a boulder uphill — frustrating and slow.<br/><br/>Nesta, though, redeemed the book halfway through. She was a breath of fresh air: sharp, assertive, and unapologetic. I understood her coldness toward her family — she resisted the system in her own way, and her complexity and stubbornness made her compelling. The sisterly bonding moments were among the most heartfelt in the book.<br/><br/>The father, on the other hand, could kick rocks. His last-minute vanishing act during Feyre’s farewell summed up his character: passive, cowardly, and absent. He never stepped up for his family, never took true accountability, and never showed any real growth or remorse. Makes my mouth taste bitter thinking about how he told feyre to go to her death at the start was honestly just for his sake in the end despite relying on her skills and trade heavily.. <br/><br/>Overall, it was an ok read — boosted a lot by TikTok hype — but it’s definitely not for everyone.",,,1,0
57147089,"My Love Mix-Up!, Vol. 1",Wataru Hinekure,"Hinekure, Wataru","Aruko, Jan Cash","=""1974725278""","=""9781974725274""",5.0,VIZ Media LLC,Paperback,176,2021,2019,2025/07/09,2023/03/03,"manga, official-translations, favorite-manhwa-manga, borrowed-library","manga (#111), official-translations (#24), favorite-manhwa-manga (#2), borrowed-library (#95)",read,I picked up the first book on whim at the library today and literally blazed through the first volume. I didn’t realize it was a BL manga till I started reading and honestly I don’t hate it. <br/><br/>The characters are cute and well written. I adore how the story developed and how Ida took Aoki’s feelings seriously. I love how the class also just kinda accepted Aoki as Cinderella for the play without questioning it even a little. Though didn’t take much to start teasing them after the fact.. I can see why Aoki is starting to lose his mind catching feelings for Ida.<br/><br/>The plot twist at the end had me shook shook. I thought it was kinda like a From Me to You situation but the revelation at the end 🤩🎉🤣 lovely. ,,,1,0
156480764,The Book of Doors,Gareth  Brown,"Brown, Gareth",,"=""1787637247""","=""9781787637245""",4.0,Transworld Publ. Ltd UK,Kindle Edition,418,2024,2024,2025/08/11,2025/05/31,"borrowed-library, book-digital","borrowed-library (#15), book-digital (#18)",read,"I’m still not sure how to put my shock and delight into words when it comes to The Book of Doors. It’s not a cozy romance, and it’s not bone-chilling horror—it sits somewhere in between, constantly defying expectations. The story doesn’t even unfold in order most of the time, yet I could easily read it again and still gasp audibly at the plot twists that drop every few chapters.<br/><br/>The villains are truly vile—evil in a way that makes your skin crawl—while the good characters are like the soothing relief of ice water on a sweltering day. The concept is a mind-bender, often posing impossible questions without clear answers. I felt genuine rage when the wicked walked free and frustration when the good paid the price.<br/><br/>And that ending? It tied the whole story together in a perfect loop, like a song you can’t help but replay. A fascinating, unpredictable read that lingers long after you close the book.",,,1,0
178020165,"마른 가지에 바람처럼 9 (Like Wind on a Dry Branch, Vol. 9)",Dalsaeowl,"Dalsaeowl, Dalsaeowl",Hwaeum,"=""""","=""9791167792426""",0,YOUNGCOM(영컴),Paperback,288,2023,,,2025/08/17,"manhwa, on-hold, official-translations","manhwa (#123), on-hold (#4), official-translations (#49)",on-hold,,,,1,0
124931930,"마른 가지에 바람처럼 8 (Like Wind on a Dry Branch, Vol. 8)",Dalsaeowl,"Dalsaeowl, Dalsaeowl","Hwaeum, 달새울, 화음","=""""","=""9791167792150""",5.0,YOUNGCOM(영컴) ,Paperback,288,2023,,2025/08/17,2025/06/18,"manhwa, official-translations","manhwa (#122), official-translations (#48)",read,"Volume 8<br/>Chapters 84 ~ 98<br/><br/>It took me a while to get into this volume after I got busy, but it’s so refreshing to see this beautiful story build up to some clarity and a confession (with its share of misunderstandings)! <br/><br/>I love how the clergy immediately jumped onto the ReitaXKillian ship after they got to know of her and her wonderful feats. <br/><br/>I know I have to brace myself for the next volume. My heart aches for the two of our leads and wish them ever lasting peace and happiness. I know better than to expect it to happen suddenly. All good things come slow and steady. (Also congrats to the artist for getting married during this volume!!) I particularly loved how the artist did a title drop with showing wind on a branch after Killian Confessed that one chapter. It was beautiful. ",,,1,0
63898022,"하루만 네가 되고 싶어 6 [Haruman Naega Doego Sip-eo 6] (Your Throne, #6)",SAM,"SAM, SAM",삼,"=""8954689248""","=""9788954689243""",5.0,문학동네,Paperback,280,2022,,2024/04/01,2024/04/01,"manhwa, official-translations","manhwa (#117), official-translations (#47)",read,The way the last episode goes down is like butter.<br/>So very satisfying.<br/><br/>I'm not sure ill do now with the rest of the volumes not on goodreads...,,,1,0
144993908,"Cursed Princess Club, vol. 3",LambCat,"LambCat, LambCat",,"=""1990778879""","=""9781990778872""",5.0,WEBTOON Unscrolled,Paperback,288,2024,2024,2021/04/11,2024/04/12,official-translations,official-translations (#6),read,"Alright!!! Season 3 just finished on webtoons man I have a ton of emotions surrounding this. <br/>Gwen’s mother is such a mystery <spoiler> especially her 3 dying wishes and what had caused her to ask her beloved husband for that </spoiler> . <br/>The CPC has really developed a lot since the start... Calpernia is starting to grow up and her past catching up to her has started to really push her to her full extent ( <spoiler> Whitney is looking like he's developing a small crush on Calpernia and though I'd love to see it grow, I'd like to see them both truly forgive and trust each other first and become friends before anything </spoiler> ) Monika needs some help or therapy for her temptations on stealing and obsessing unhealthily over shiny things. Aurelia is most definitely reading it. Though I have a feeling that <spoiler> the diary is actually a complete misunderstanding and taken completely out of context. At least that is my hope as it breaks my heart knowing just how miserable Gwen's mother may have been in her days of passing. </spoiler> <br/>The very last upload. My girl gwenie... being selfish is one thing, but in a relationship, it's more about honesty and communication. Skipping ahead to a happy ending is not it. <spoiler>It broke my heart after seeing Gwen regress after all the love she gave herself and seeing all those cracks grow back larger than before... I have a feeling that season 4 is going to start off on a very very sour note. </spoiler>",,,1,0
224082503,"The Mafia Nanny, Vol. 2",SH00,"SH00, SH00",Violet Matter,"=""1998341364""","=""9781998341368""",5.0,WEBTOON Unscrolled,Paperback,288,2025,2025,2025/03/18,2025/09/07,official-translations,official-translations (#46),read,"Chapters 13-26!<br/><br/>I won't lie, I sped through this and am sitting on chapter 63, the season finale. Any updates after this point would have to wait for Goodreads to update its catalogue for the book. <br/><br/>Overall, I do love how the characters act in the face of any issues and developments. I'll keep an eye out for new chapters and update when I can. ",,,1,0
91274427,What You Are Looking for Is in the Library,Michiko Aoyama,"Aoyama, Michiko",Alison Watts,"=""1335005625""","=""9781335005625""",3.0,Hanover Square Press,Hardcover,304,2023,2020,2025/01/01,2026/01/03,"borrowed-library, book-digital","borrowed-library (#2), book-digital (#2)",read,I absolutely adored and hated this book. It got too real with me for a while and I could see myself in the pages of the book. I can’t remember why I picked the book up aside from the cute cover on the pages of the kindle. It was a cute cat I will 100% pick it up. I want to just say that I had waited for this book for almost 2 months and the timing I received it couldn’t have been better. I graduated from college recently with computer engineering and just felt lost. My favorite and most hated places in the world were no longer in my daily life. My favorite people I’d no longer see daily. My dorm life suddenly ended and so did the classes I had earnestly attended and enjoyed(and hated). I came back home to a house I hadn’t lived in any longer than for some weeks during the summer (I still get the light switches wrong). I felt quite out of place and I needed to get out. I took my kindle to the local library and enjoyed the environment which felt closest to my usual life before graduation. I adored this book and I fell in love with myself again after it. I’m stepping into 2025 feeling a bit better without anxiety.,,,1,0
75302266,"A Study in Drowning (A Study in Drowning, #1)",Ava Reid,"Reid, Ava",,"=""0063211505""","=""9780063211506""",0,HarperTeen,Hardcover,378,2023,2023,,2026/01/15,to-read,to-read (#435),to-read,,,,0,0
16101128,"The 5th Wave (The 5th Wave, #1)",Rick Yancey,"Yancey, Rick",,"=""0399162410""","=""9780399162411""",5.0,G.P. Putnam's Sons Books for Young Readers,Hardcover,457,2013,2013,,2020/08/03,"book-physical, borrowed-library","book-physical (#27), borrowed-library (#94)",read,,,,1,0
7090447,"The Red Pyramid (The Kane Chronicles, #1)",Rick Riordan,"Riordan, Rick",,"=""1423113381""","=""9781423113386""",4.0,Disney Hyperion,Hardcover,528,2010,2010,,2020/08/03,"book-physical, borrowed-library","book-physical (#34), borrowed-library (#93)",read,,,,1,0
6752378,"City of Fallen Angels (The Mortal Instruments, #4)",Cassandra Clare,"Clare, Cassandra",,"=""1442403543""","=""9781442403543""",4.0,Margaret K. McElderry Books,Hardcover,425,2011,2011,,2020/08/03,"book-physical, borrowed-library","book-physical (#44), borrowed-library (#92)",read,,,,1,0
15881,"Harry Potter and the Chamber of Secrets (Harry Potter, #2)",J.K. Rowling,"Rowling, J.K.",Mary GrandPré,"=""""","=""""",4.0,Arthur A. Levine Books,Hardcover,341,1999,1998,,2020/08/03,"book-physical, borrowed-library","book-physical (#41), borrowed-library (#91)",read,,,,1,0
48855,The Diary of a Young Girl,Anne Frank,"Frank, Anne","Eleanor Roosevelt, Susan Massotty, Γιάννης Θωμόπουλος, Barbara Mooyaart-Doubleday, Otto H. Frank, Mirjam Pressler","=""""","=""""",4.0,Bantam,Mass Market Paperback,283,1993,1947,,2020/08/03,"book-physical, borrowed-library","book-physical (#31), borrowed-library (#90)",read,,,,1,0
3777732,"City of Glass (The Mortal Instruments, #3)",Cassandra Clare,"Clare, Cassandra",,"=""1416914307""","=""9781416914303""",5.0,Margaret K. McElderry Books,Hardcover,560,2009,2009,,2020/08/03,"book-physical, borrowed-library","book-physical (#45), borrowed-library (#89)",read,,,,1,0
1381,The Odyssey,Homer,"Homer, Homer","Robert Fagles, Bernard Knox","=""0143039954""","=""9780143039952""",4.0,Penguin Classics ,Paperback,541,2006,-750,,2020/12/01,"book-physical, borrowed-library","book-physical (#13), borrowed-library (#88)",read,,,,1,0
6,"Harry Potter and the Goblet of Fire (Harry Potter, #4)",J.K. Rowling,"Rowling, J.K.",Mary GrandPré,"=""0439139597""","=""9780439139595""",5.0,Scholastic,Paperback,734,2002,2000,,2020/08/03,"book-physical, borrowed-library","book-physical (#54), borrowed-library (#87)",read,,,,1,0
136251,"Harry Potter and the Deathly Hallows (Harry Potter, #7)",J.K. Rowling,"Rowling, J.K.",,"=""""","=""""",3.0,Arthur A. Levine Books,Hardcover,759,2007,2007,,2020/08/03,"book-physical, borrowed-library","book-physical (#40), borrowed-library (#86)",read,,,,1,0
2,"Harry Potter and the Order of the Phoenix (Harry Potter, #5)",J.K. Rowling,"Rowling, J.K.",Mary GrandPré,"=""0439686520""","=""9780439686525""",4.0,Scholastic Inc.,Paperback,576,2004,2003,,2020/08/03,"book-physical, borrowed-library","book-physical (#53), borrowed-library (#85)",read,,,,1,0
2767052,"The Hunger Games (The Hunger Games, #1)",Suzanne Collins,"Collins, Suzanne",,"=""0439023483""","=""9780439023481""",5.0,Scholastic Press,Hardcover,374,2008,2008,,2020/08/03,"book-physical, borrowed-library","book-physical (#38), borrowed-library (#84)",read,,,,1,0
28194,"Inkheart (Inkworld, #1)",Cornelia Funke,"Funke, Cornelia",Anthea Bell,"=""""","=""""",5.0,Scholastic Paperbacks,Paperback,563,2005,2003,,2020/08/03,"book-physical, borrowed-library","book-physical (#37), borrowed-library (#83)",read,,,,1,0
3636,"The Giver (Giver, #1)",Lois Lowry,"Lowry, Lois",,"=""0385732554""","=""9780385732550""",5.0,Ember,Paperback,208,2006,1993,,2020/08/03,"book-physical, borrowed-library","book-physical (#58), borrowed-library (#82)",read,,,,1,0
5,"Harry Potter and the Prisoner of Azkaban (Harry Potter, #3)",J.K. Rowling,"Rowling, J.K.",Mary GrandPré,"=""043965548X""","=""9780439655484""",5.0,Scholastic Inc.,Mass Market Paperback,547,2004,1999,,2020/08/03,"book-physical, borrowed-library","book-physical (#50), borrowed-library (#81)",read,,,,1,0
256683,"City of Bones (The Mortal Instruments, #1)",Cassandra Clare,"Clare, Cassandra",,"=""1416914285""","=""9781416914280""",4.0,Margaret K. McElderry Books,Hardcover,485,2007,2007,,2020/08/03,"book-physical, borrowed-library","book-physical (#51), borrowed-library (#80)",read,,,,1,0
2429135,"The Girl With the Dragon Tattoo (Millennium, #1)",Stieg Larsson,"Larsson, Stieg",Reg Keeland,"=""0670069019""","=""9780670069019""",4.0,Viking Canada,Hardcover,480,2008,2005,,2020/08/03,"book-physical, borrowed-library","book-physical (#57), borrowed-library (#79)",read,,,,1,0
38709,"Holes (Holes, #1)",Louis Sachar,"Sachar, Louis",,"=""0439244196""","=""9780439244190""",5.0,Scholastic,Paperback,272,2000,1998,,2020/08/03,"book-physical, borrowed-library","book-physical (#36), borrowed-library (#78)",read,,,,1,0
1582996,"City of Ashes (The Mortal Instruments, #2)",Cassandra Clare,"Clare, Cassandra",,"=""1416914293""","=""9781416914297""",5.0,Margaret K. McElderry Books,Hardcover,464,2008,2008,,2020/08/03,"book-physical, borrowed-library","book-physical (#46), borrowed-library (#77)",read,,,,1,0
53099519,"Ghost Teller Season 1 (Ghost Teller, #1)",NOT A BOOK,"BOOK, NOT A",,"=""""","=""""",5.0,,ebook,,2018,2017,2020/01/01,2020/10/05,"manhwa, official-translations","manhwa (#106), official-translations (#45)",read,"The scariest stories are ones that don't include monsters, demons, or magic. It includes humans. ",,,1,0
28954189,"Scythe (Arc of a Scythe, #1)",Neal Shusterman,"Shusterman, Neal",,"=""""","=""""",5.0,Simon & Schuster Books for Young Readers,Hardcover,435,2016,2016,2020/01/01,2020/08/03,"book-physical, borrowed-library","book-physical (#39), borrowed-library (#76)",read,,,,1,0
22663515,"Nearly Found (Nearly Gone, #2)",Elle Cosimano,"Cosimano, Elle",,"=""0698189426""","=""9780698189423""",4.0,Kathy Dawson Books,Kindle Edition,384,2015,2015,2020/01/01,2020/08/03,"book-physical, borrowed-library","book-physical (#32), borrowed-library (#73)",read,,,,1,0
25111004,November 9,Colleen Hoover,"Hoover, Colleen",,"=""1501110349""","=""9781501110344""",2.0,Atria Books,Paperback,310,2015,2015,2020/01/01,2020/08/03,book-physical,book-physical (#29),read,,,,1,0
18692431,"Everything, Everything",Nicola Yoon,"Yoon, Nicola",David  Yoon,"=""0553496646""","=""9780553496642""",5.0,Delacorte Books for Young Readers,Hardcover,312,2015,2015,2020/01/01,2020/08/03,"book-physical, borrowed-library","book-physical (#24), borrowed-library (#72)",read,,,,1,0
16143347,We Were Liars,E. Lockhart,"Lockhart, E.",,"=""0385741278""","=""9780385741279""",4.0,Delacorte Press,Paperback,320,2018,2014,2020/01/01,2020/08/03,"book-physical, borrowed-library","book-physical (#22), borrowed-library (#71)",read,,,,1,0
16126395,"Orange 1 (オレンジ, #1)",Ichigo Takano,"Takano, Ichigo",高野苺,"=""408846804X""","=""9784088468044""",5.0,集英社,Paperback,192,2012,2012,2020/01/01,2020/08/03,"manga, borrowed-library","manga (#84), borrowed-library (#70)",read,,,,1,0
9969571,"Ready Player One (Ready Player One, #1)",Ernest Cline,"Cline, Ernest",,"=""030788743X""","=""9780307887436""",5.0,Crown Publishers,Hardcover,480,2011,2011,2020/01/01,2020/08/03,"book-physical, borrowed-library","book-physical (#20), borrowed-library (#69)",read,,,,1,0
20820994,I'll Give You the Sun,Jandy Nelson,"Nelson, Jandy",,"=""0803734964""","=""9780803734968""",5.0,Dial Books,Hardcover,371,2014,2014,2020/01/01,2020/08/03,"book-physical, borrowed-library","book-physical (#25), borrowed-library (#68)",read,,,,1,0
6148028,"Catching Fire (The Hunger Games, #2)",Suzanne Collins,"Collins, Suzanne",,"=""0439023491""","=""9780439023498""",4.0,Scholastic Press,Hardcover,391,2009,2009,2020/01/01,2020/10/21,"book-physical, borrowed-library","book-physical (#16), borrowed-library (#67)",read,,,,1,0
13409664,"Nearly Gone (Nearly Gone, #1)",Elle Cosimano,"Cosimano, Elle",,"=""0803739265""","=""9780803739260""",5.0,Kathy Dawson Books,Hardcover,386,2014,2014,2020/01/01,2020/08/03,"book-physical, borrowed-library","book-physical (#33), borrowed-library (#65)",read,,,,1,0
19063,The Book Thief,Markus Zusak,"Zusak, Markus",,"=""""","=""""",5.0,Alfred A. Knopf,Kindle Edition,592,2006,2005,2020/11/20,2020/08/03,"book-physical, borrowed-library","book-physical (#67), borrowed-library (#64)",read,,,,1,0
55779380,My Daughter is a Zombie,Yun-Chang Lee,"Lee, Yun-Chang",,"=""""","=""""",5.0,Webtoons,ebook,,2020,,2020/11/26,2020/11/26,"manhwa, favorite-books, favorite-manhwa-manga, official-translations","manhwa (#103), favorite-books (#6), favorite-manhwa-manga (#15), official-translations (#44)",read,"Jeongwha Lee was a flawed man but a truly devoted and loving father to have simply wanted to protect his daughter (who wasn't even his own but his sister's daughter). He went through hell and back taking care and training Su-ha Lee like she was his everything. She was everything to him up to the last moment. My heart broke the moment Su-ha became cured due to her father's antibodies to the virus and she asked ""Where.. is my father?"" I fell in love with all the characters good and bad; I won't lie I thought the cat's backstories were more heartfelt than the mayor's to an extent. He was a necessary death, but it still broke my heart to have needed it to resolve his one wish of getting Su-ha better again. He promised that much to his sister years before and he was able to do just that by dying to protect Su-ha. Dongbae got his girl at last too, just needed to do what was right first. He was a good friend and Jeongwha would be proud. That scumbag of a birth father Su-ha had if he had a Zuko arc i might have flipped. I expected a violent end to him and personally, I'm happy he got it. He never once felt remorse for his late wife and even abused her in the time she lived with him. He came back to Su-ha only for money so I'm glad he's dead. It's unfortunate that his death caused the downfall all of Jeonghwa's efforts (on surface value) making it known there's a zombie in the area. To conclude this huge review, FANTASIC story in its story and character building as well as the little morals building up to the final climax. Great read for comedy and sad feels (balances very well). ",true,,1,0
3,"Harry Potter and the Sorcerer's Stone (Harry Potter, #1)",J.K. Rowling,"Rowling, J.K.",,"=""0439554934""","=""9780439554930""",4.0,Scholastic Inc,Hardcover,309,2003,1997,2021/02/14,2020/08/03,"book-physical, borrowed-library","book-physical (#62), borrowed-library (#63)",read,Rereading for 2021,,,1,0
53718701,Nice to Meet You,Wishroomness,"Wishroomness, Wishroomness",,"=""""","=""""",5.0,Line Webtoon,,,2020,,2021/03/04,2021/03/04,"manhwa, official-translations","manhwa (#97), official-translations (#43)",read,"Alrighty! Season 1 finale finally aired and all I can say is that the cute ditzy girl I became so invested in at the start has become very close to my heart. She’s grown stronger and learned to lean into love with our beloved ML. Though our ship has finally sailed, I feel upset knowing that our captain isn’t on board anymore.. season 2 will bring second lead syndrome I can just feel it... <br/><br/>Can’t wait for the new content that season 2 will bring! Hopefully more ships will sail rather than sink 🍀🍀 stay strong main leads!! (I’ll re-update this for next season’s finale!)",,,1,0
18222767,A Death-Struck Year,Makiia Lucier,"Lucier, Makiia",,"=""0544164504""","=""9780544164505""",3.0,Houghton Mifflin Harcourt,Hardcover,282,2014,2014,2021/03/09,2021/03/09,"book-physical, borrowed-library","book-physical (#9), borrowed-library (#59)",read,"I don't think all the characters were well fleshed out and there was little character development as I saw it. I felt a bit disconnected from all of the Spanish Flu descriptions. They told me how bad the disease had been but not showing it as how painful it had been etc. I enjoyed the doctor-in-training Edmund but not sold on Cleo's growing relationship with him. <br/>Though I love a female taking initiative and providing help where she sees it necessary, this historical fiction book left me wanting a bit more from the characters and in the end fell a bit short of my expectations of how it would end. ",,,1,0
13556014,Noblesse: Season 1 Set (Noblesse #1-3),Jeho Son,"Son, Jeho",Kwangsu Lee,"=""8901130114""","=""9788901130118""",4.0,naver,,820,,2010,2021/03/28,2021/03/30,"manhwa, official-translations","manhwa (#95), official-translations (#42)",read,The humor is quite enjoyable and the fight scenes that followed were very fun to read. I enjoy the group of mismatched friends interacting with forces unknown really build up their friendship and character. I practically fangirl every time Frankenstein or Rai show up on screen haha.. It's wholesome how Rai treats others (friends and enemies alike). I pity Frankenstein's house and how much he endures for the sake of his master. It's adorable! The daily pass is something I'm not too patient with on webtoons but it's definitely worth picking up for those patient enough for the read.,,,1,0
31837647,NOT A BOOK: Ghost Wife 귀각시,Se Jeong,"Jeong, Se",,"=""""","=""""",5.0,Naver Webtoon,,250,2016,,2021/03/30,2021/03/30,"manhwa, official-translations","manhwa (#96), official-translations (#41)",read,"I didn't know that I needed this book in my life. It was a creepy romance that was just filled to the brim with swirling emotions. It broke my heart and built it up again. The characters were so well fleshed out and I enjoyed each turn of events that came towards our beautiful ghost wife. It's rare for me to be completely pleased with a book's ending. Unfortunately though I really enjoyed the outcome, I think there should have been a bit more... It was kind of lacking in the last few moments but the journey overall was incredible and well worth the read. The relationship the two had truly blossomed in a beautiful flower (that bloomed a bit too short).<br/>Spoiler below...<br/><spoiler>The part where we are shown the tragic fate of Gi Sin's past 'wife' was truly heartwrenching. Her brother reincarnating and wishing for her to be his sister in the next life was beautiful. Gi sin watched her grow up and fell for her in the next life was such a nice touch. I didn't realize just how adorable and sad their fates are together but I'm glad that it was for the best. I honestly want more content!!!! The ending where FL said ""hi"" first brought a smile to my heart. Was she waiting for Gisin or drake? I'm curious about their son Noah. He's not human or a demon but just as damn strong... I would like to see him grow up and have his own wife now ! </spoiler>",,,1,0
36381037,"Cinder (The Lunar Chronicles, #1)",Marissa Meyer,"Meyer, Marissa",,"=""""","=""""",4.0,Feiwel & Friends,Hardcover,400,2012,2012,2021/04/13,2020/08/03,"book-physical, borrowed-library","book-physical (#48), borrowed-library (#57)",read,"Cinder is a cyborg. The setting is Asian. There are conflicts that have lasted decades between two peoples Lunar and Earthen. To settle the impending war, the Lunar Empress requires marriage to the Emperor of the Eastern Commonwealth (once current-day Beijing). Though the strange mesh of ideas clashes together, it was an enjoyable read. I liked the retelling of a classic cinderella with such brazen twists like this. It was a fresh take on the topic of part human - part robot discussion. Though I did want to know more about her being ""inhumane"" as she felt really human-like to me as I read. I was not off-put by the lack of her tears or blushing as much as the wrenching of her wires in her legs as she replaced her foot. I wish we got to see more of that robotic tendency or lack of emotions like love that everyone was fast to hate/despise/ and belittle. People were quick on degrading cyborgs(once human before an accident) from the status of human to someone worth throwing away as a test subject. So I'm curious why it really got so bad in such prejudices. I'll be reading more of the series but this was a good stepping point into a new world open to many new ideas and interesting twists on the classics.",,,1,0
54958244,스위트홈 1 [Sweet Home 1],Carnby Kim,"Kim, Carnby","김칸비, Youngchan Hwang, 황영찬","=""1190630273""","=""9791190630276""",5.0,위즈덤하우스,Paperback,324,2020,2020,2021/10/19,2025/07/08,"manhwa, official-translations","manhwa (#87), official-translations (#40)",read,"Okay, so I have a ton of emotions regarding this webtoon. It is horrifying, heartbreaking, and more times than not I'd find myself despairing my own desires. It's a slow-burning story that you travel with Hyun to the very end. Every step of the way I found myself within each of the characters (minus a select few). I can understand the fear, the pain, all the characters could feel for each other. (Let's just say the for the Netflix adaption, all of the characters are a nice fit for who they are playing but in the end, the overall story put down on paper for sweet home was a far more satisfying end.)<br/>The song at the end UGH TEARS!!!! I shed tears endlessly reading this through the daily pass on Webtoon. It was thought-provoking and I wouldn't have liked a better result. I understand that this is going to go on a big franchise for Films but the beauty of it on the original webtoon I'll critic it separately. This is one of those stories that put you on edge. It will make you uncomfortable and it will make you look deeper within yourself. I highly recommend this to anyone looking to pick it up.. Don't expect it to be the same as the TV recreation (cause in my opinion the webtoon is superior).",,,1,0
54833603,"원수를 사랑하라 1 (To Love Your Enemy, Season 1)",NOT A BOOK,"BOOK, NOT A",,"=""""","=""""",5.0,Naver Webtoon,Webtoon,,2020,2019,2021/12/19,2021/11/21,"manhwa, official-translations","manhwa (#70), official-translations (#38)",read,Season 1 chapters 1-50 completed!<br/><br/>I enjoyed the setup of all those misunderstandings with each other. It's a cute story with an interesting conflict. Seems like a lot of internal issues with the main female lead and her past haunting her present. I do think that the second season will be a lot faster in pacing because of the character that shows up in the last scene. I'll be looking forward to it. ,,,1,0
61052481,외모지상주의 1 [Oemojisangjuui 1],Pak Taejun,"Taejun, Pak",박태준,"=""1133428851""","=""9791133428854""",5.0,대원앤북(대원씨아이) ,Paperback,248,2017,2017,2021/12/23,2025/07/02,"manhwa, official-translations","manhwa (#94), official-translations (#37)",read,"I haven't picked this since around chapter 309. Not sure I even follow the story anymore from how long it's been. <br/><br/>What I can say though is that no one character is perfect. All of them have flaws that they continuously fall back into or learn from. I hate how I learned to love so many of these characters over time but then also learned to hate some of them with passion. I remember the times I spent reading and rereading arcs. They had a solution, but there was always a realistic solution to each one. I can't with Vasco.. <br/>Sorry every time, I see him on screen I have to take a moment to myself. <br/>He's attractive inside and out and it makes me unbelievably envious that I don't live in the same world (but also kinda grateful that I'm in the real world instead).  Just kinda, since the issues and conflicts that Lookism discusses and touches on are all very much topics and issues that persist in this world as well (just not so violent right in front of my face).<br/>It's all too heavy to really embrace and read during the time of a pandemic. It gets heavy and often times I found myself crying for the characters I loved and hated. <br/><br/>I do encourage you to read this, but brace yourself. It's not a happy tale and you'll realize that sooner than later with the first few chapters.",,,1,0
52143787,The Witch and The Bull,Moonsia,"Moonsia, Moonsia",,"=""""","=""""",5.0,,Webtoon,,,,2022/01/15,2020/11/18,official-translations,official-translations (#13),read,"Season 2 Finale ended and I've caught up! (1/15/2022) <br/>The story is absolutely breathtaking from the art to the conflicts that arose. The storyline is as hilarious as it is eye-opening. It's a must-read if you haven't picked it up. <br/><br/>Aro is such a stunning person inside and out. She is headstrong and clever. Her strength doesn't come from her magical bow and arrows but from her big heart. She is able to break through the stereotypes put on her and actively works to improve the lives of both humans and witches alike by bringing the War to an end. Her magic was a big reason to why the War between witches and humans have persisted and by finding a way to reverse this magic/curse is why Aro continues to work so hard. <br/><br/>As of Season 2's finale, we are left to watch Aro and Tan's ship set sail (figuratively and literally). It's setting the stage up for some big changes. Ultimately the answer to reversal magic for the Zodiac curse as well as revealing some harsh truths/new revelations about some of the characters. It's going to be something and I'm here for it! I'll update when the 3rd season comes to pass next!  ",,,1,0
56970131,"아빠, 나 이 결혼 안 할래요! 1 [Appa, Na I Gyeolhon An Hallaeyo! 1] (Father, I Don't Want This Marriage [Webtoon], Season 1)",Yuri .,"., Yuri",,"=""""","=""9791191145175""",5.0,씨엔씨레볼루션,Webtoon ,,2021,2022,2022/01/16,2022/01/16,"manhwa, official-translations","manhwa (#59), official-translations (#36)",read,"Alright so season one is 1-53 and it is fantastic! <br/><br/>I have read the novel and the art for each memorable scene is just stunning!!! The miscommunication for this is painful but honestly that's the point. Its supposed to be this complicated for everyone in the story. Our little mouse Jubelian is so cute and pure. She definitely deserves all the love in the world and I am happy to see it all unfold starting with that psychotic ex's demise. <br/><br/>Max is such a cat. He lounges about and has that arrogant air around him. He's quite the looker and the art is just a blessing to your eyes. I'm a sucker for these Male leads... It's no surprise now. <br/><br/>It's heartbreaking to see how each of the characters (Jubel, Max and Jubel's dad) are all changing little by little as every scene unfolds. We the readers can see how much Jubel's father loves her so dearly, but poor Jubel can't see it at all. Max on the other hand is learning to love Jubel and eventually its getting to be on par with how much her father loves her. Honestly the competition for this female lead's love haha gotta love it. The sweetness of father-daughter love and the heartjerking cuteness of romantic love between Max and Jubel is all you need from this. <br/><br/><br/>Can't wait to see season 2! ready to see all the excitement unfold from the pages of the novel in beautiful art soon~",,,1,0
58198006,His Majesty's Proposal,Seunghyun Cha,"Cha, Seunghyun","Bloomy, INUS","=""""","=""""",4.0,Webtoon,,,2021,2021,2022/01/16,2021/11/22,"manhwa, official-translations","manhwa (#69), official-translations (#35)",read,"Alrighty so I'll consider 1-34 as vol 1 currently. <br/><br/>While I do enjoy the old lady moments Penny has from time to time, it isn't her all the time. She has her moments being the odd old woman stuck from the past but it doesn't look like it really impacted her way of life.  The real kicker was definitely the coma she was in and when she really sat down and did a deep dive into her perspective on life. I really enjoyed those conversations she shared between her old self and current self. <br/><br/>I can't say I'm highly invested in her or Bart's (lol this name) romance but it is sweet. I do love how accepting each of them are to each other, but it's not anything outside of the cliche romance. Bart is also a ""Consent Icon""! He is not like a certain blonde hair blue-eyed Duke we know from another webtoon (talking about The First Night with the Duke). I will keep up with the series as it updates but it is again nothing too groundbreaking. It is like most cliche royal romance webtoons in its setup and plot ultimately. Read it if your looking for a sweet and cozy romance but don't get too hung up about how predictable the story is.",,,1,0
58679358,"One of Us Is Lying (One of Us is Lying, #1)",Karen M. McManus,"McManus, Karen M.",,"=""0593565371""","=""9780593565377""",5.0,Delacorte Press,Hardcover,416,2021,2017,2022/01/28,2022/01/28,"book-physical, borrowed-library","book-physical (#2), borrowed-library (#56)",read,This was such a fascinating read! It was hard to put down. The characters were all well put together and that plot slowly crumbling down was just so satisfying. I have to say that plot twist was very well done. I did not catch on until that last second when everything started to unravel. It was amazing and well worth the time of day to read through it. I highly recommend it (it gives me some nostalgia of the Nearly gone series by Elle Cosimano).,,,1,0
15724396,"The Sword of Summer (Magnus Chase and the Gods of Asgard, #1)",Rick Riordan,"Riordan, Rick",,"=""1423160916""","=""9781423160915""",4.0,Disney-Hyperion Books,Hardcover,491,2015,2015,2022/04/11,2022/04/11,"book-physical, borrowed-library","book-physical (#1), borrowed-library (#55)",read,"The Sword of Summer, Sumarbrander, is a talking sword. Its sole purpose is to kill its' former owner and the only ones capable of owning the weapon are anyone from the Frey descendants. That list is short with only Magnus Chase on it. However, the sword is still destined to be stolen from him at some point to start Ragnarok. <br/><br/>I did like the ending but the journey in between was just very repetitive in a way. There's a problem then it's given a partial solution, then another problem that leads to yet another partial solution. Finally when it looks like there's a definitive solution we are all back at the start with little to no change. <br/><br/>Though I did like the characters and all the gods and how they all acted/interacted, they all were not that memorable. I seriously hated Jack (Sumarbrander's ""new"" name) throughout the majority of the book. As helpful as he was, he did get on my nerves a bit with his commentary and lack of guidance (?) in the journey. Loki on the other hand was somehow very much intriguing. He had my heartstrings for a moment just talking about his past and how his punishment came to be. He's charming in a dangerous sort of way. Too bad he's still a villain. <br/><br/>It was still very easy to read and comprehend without much trouble outside of just being unable to pronounce Norse words (but that's a personal problem). I do love the lore and all the new worlds that open up to us readers. But it can get a bit complicated to keep up in terms of where they are in the journey through the worlds and on the quest all at once. I'll probably pick up the next book to see how it goes but I'll have to do that sooner than later if I don't want to forget all that's happened already. <br/><br/>",,,1,0
59911521,어느 날 공주가 되어버렸다 5,Spoon,"Spoon, Spoon","Plutus, 플루토스, 스푼","=""1129378586""","=""9791129378583""",0,캐롯툰,Paperback,280,2021,2021,2022/05/26,2025/12/15,manhwa,manhwa (#143),read,,,,1,0
59911498,어느 날 공주가 되어버렸다 6,Spoon,"Spoon, Spoon","Plutus, 스푼, 플루토스","=""1129387380""","=""9791129387387""",0, 캐롯툰,Paperback,284,2021,2021,2022/05/26,2025/12/15,manhwa,manhwa (#142),read,,,,1,0
58552946,I'll Save this Damned Family!,Munirang,"Munirang, Munirang",,"=""""","=""""",5.0,Manta,,,,2020,2022/05/26,2022/05/20,"manhwa, favorite-manhwa-manga","manhwa (#52), favorite-manhwa-manga (#19)",read,"Currently, 1-81 are completed! This webtoon is on hiatus at the moment. <br/><br/>Tara Elias is such a wonderfully built character. She starts off with a plan and sticks to it. She grows with every challenge that comes her way and tackles it head-on, unlike other female leads that whine. She isn't the type to wait around for someone to save her so best believe she's capable of saving herself and those she cares for. And even when she is not yet skillful enough to handle the situation, she has the determination to learn how to approach situations like that better for the next time. Her power is in having the ability to adapt and learn for the better. <br/><br/>I don't particularly like the main male lead but he isn't as bad as I thought initially. Bad meaning, unlikeable not like he had any unforgivable faults.<br/><br/>I can't wait to see where this is going as of currently the opening scene hasn't played out yet. Additionally, I'd like to mention how much I love how the author depicts the change in Tara's appearance slowly. It's not abrupt and the amount of work she puts into changing her physique is admirable and inspiring. She works out and slowly starts to change her unhealthy diet and I respect the author for not glazing over how Tara lost weight.  ",,,1,0
53441754,어느 날 공주가 되어버렸다 4,Spoon,"Spoon, Spoon","Plutus, 스푼, 플루토스","=""""","=""9791129352569""",0,캐롯툰,Paperback,280,2020,2020,2022/05/26,2025/12/15,manhwa,manhwa (#141),read,,,,1,0
51067178,어느 날 공주가 되어버렸다 3,Spoon,"Spoon, Spoon","Plutus, 스푼, 플루토스","=""1129345580""","=""9791129345585""",0,CARROTOON,Paperback,288,2020,2020,2022/05/26,2025/12/15,manhwa,manhwa (#140),read,,,,1,0
52950513,SPY×FAMILY 2,Tatsuya Endo,"Endo, Tatsuya",遠藤達哉,"=""4088821203""","=""9784088821207""",5.0,集英社,Paperback,194,2019,2019,2022/05/26,2025/12/15,"manga, borrowed-library","manga (#125), borrowed-library (#54)",read,,,,1,0
52757974,"Spy x Family, Vol. 1",Tatsuya Endo,"Endo, Tatsuya","Casey Loe, Rina Mapa, Jimmy Presler","=""1974715469""","=""9781974715466""",5.0,VIZ Media LLC,Paperback,220,2020,2019,2022/05/26,2022/05/06,"manga, borrowed-library","manga (#55), borrowed-library (#53)",read,"My only regret is not picking this up sooner. I fell in love with Anya, Loid and Yor on the big screens and I just needed more. (The anime is worth the weekly wait for new episodes, I highly recommend it.)<br/><br/>Volume 1 is consistent of Missions 1-5. <br/><br/>To put into perspective of the plot there is an ongoing cold war between two countries Westalis(west) and Ostana(east). The opening of the manga is a diplomat from the western country is having his driver take him to the embassy quickly only to discover the brakes failed and they crash. Westalis intelligence view this as Ostana sparking conflict. Westalis place the operation to prevent war from erupting in the hands of their most capable spy, Twilight. <br/><br/>Twilight, Loid (fake name), is given Operation Strix which entails him making a family and having his child enroll in a prestigious school for elites of society, Eden College. There he is tasked with keeping tabs on Ostana's elites particularly Donovan Desmond, the leader of a political power group in Ostana.<br/><br/>His first objective is to adopt a child with enough intellect to enroll at Eden College. This leads him to start his search in a pretty dingy part of town in a run-down orphanage. It's safe to say kids from this place had shady and rough childhoods and Anya is no exception. She is one of those characters that are just so charming. She is in fact a telepath and her ability to read minds is amazing, but her own mental capabilities handicap her powers. Just imagine how overpowered mindreading can possibly be with a spy father by your side as you infiltrate a school of prestigious rich kids whose parents own massive brands or are part of secret organizations and are government authorities. Just imagine that, but now picture that power is in the hands of a child whose intelligence is not enough to actually use her powers to their true potential. <br/><br/>Anya is my favorite because believable her child characteristic is portrayed.  She's absolutely lovable and stupidly endearing. I love her dearly and her faces are just amazing to watch.<br/><br/>Yor is the mother of the family. She, unbeknownst to Loid, is an assassin for hire in Ostana. Even with her shocking occupation, she dreams of romance and sweet life with a loving family. Loid and Anya are that for her and I just crave this relationship. Though built on deception (Loid for his mission and Yor to ease her brother's worries), the memorable moments that follow after through making this fake family will always have a place in my heart. Yor's kindness hasn't diminished regardless of her job and upbringing but only increased it looks like. Her connection to Anya almost immediately is so heartwarming and I do wish all the happiness for them all.  <br/><br/>Please watch or read this if you haven't picked it up. You'll only regret not doing so earlier. <br/>",,,1,0
48729531,SPY×FAMILY 3,Tatsuya Endo,"Endo, Tatsuya",遠藤達哉,"=""4088821831""","=""9784088821832""",0,集英社,Paperback,194,2020,2020,2022/05/27,2025/12/15,"manga, borrowed-library","manga (#139), borrowed-library (#52)",read,,,,1,0
60653008,"True Beauty, Vol. 1 (True Beauty, #1)",Yaongyi,"Yaongyi, Yaongyi",,"=""1990259898""","=""9781990259890""",2.0,WEBTOON Unscrolled,Paperback,288,2022,2020,2022/11/13,2023/01/01,"manhwa, official-translations","manhwa (#31), official-translations (#34)",read,,,,1,0
60242241,원수를 사랑하게 된 이유에 대하여 [Wonsureul Saranghage Doen Iyue Daehayeo] (Falling for the Enemy [Webtoon]),Manta Comics,"Comics, Manta","스르륵코믹스, Mieun Lee, 이미은","=""""","=""9791166649158""",4.0,스르륵코믹스,ebook,,2022,2021,2022/11/28,2023/03/01,"manhwa, official-translations","manhwa (#21), official-translations (#33)",read,"I had previously dropped the WEBTOON for a while since classes started up again. Now that I’ve returned, I saw that it had been completed and raced to finish the last 17 chapters (30-47). <br/>It was very very sweet at the start but also managed to get darker/sadder as necessary. The challenges everyone faced helped them grow for the better and it was endearing to see how far they came. <br/><br/>One big thing I must mention is that the different timeline was actually pivotal to the story (similar effect to Orange by Ichigo Takano). It added to the story and pushed it along to show the truths and discrepancies of each timeline. It was not just another gimmick but quite necessary to the story when it came to making the characters uncomfortable as well as making them on guard. <br/><br/>The WEBTOON was refreshing and easy to follow along. I enjoyed it and do recommend picking it up if you want some sweetness in a short story.",,,1,0
57650087,"흑막 여주가 날 새엄마로 만들려고 해 1 [Heugmag Yeojuga Nal Saeeommaro Mandeulryeogo Hae 1] (Tricked into Becoming the Heroine's Stepmother [Webtoon], Season 1)",MOKGAMGI,"MOKGAMGI, MOKGAMGI","HARIHEEN, 목감기, 하리힌","=""""","=""9791165845827""",5.0,엠스토리허브,ebook,,2021,2021,2022/12/12,2022/04/04,"manhwa, official-translations","manhwa (#58), official-translations (#32)",read,I can't believe I forgot to update this list until just now. <br/><br/>Daisy is innocent and quite unique to this world. She's one of the authors (yes one of the few); she and her friends made the whole novel up in attempt to live their dreams and fantasies in the pages of a book since they don't have the money or fictional characters in irl to romance. <br/>Dane is cold but that very quickly fades. He's one of the sweetest male leads I know from so many webtoons. It's a guarantee that he's good with kids and it just warms my heart a lot. <br/>Chestnut is the most precious little child in the world. She is so precious. The romance of Daisy and Dane blooming is just so adorable as well!!,,,1,0
26029465,QQスイーパー 3 [QQ Sweeper 3],Kyousuke Motomi,"Motomi, Kyousuke",最富キョウスケ,"=""4091376282""","=""9784091376282""",5.0,小学館,Paperback,172,2015,2015,2023/02/05,2023/03/05,"manga, borrowed-library","manga (#39), borrowed-library (#51)",read,I finished this a month ago but never got around to writing the review for it. I just have to say that this was really touching. I love the way they all communicate and try to figure out how to move forward not at the cost of anyone's happiness. I really want Nishioka to have a forever home and people to love and care for without that dreaded curse hanging over her. I want to best for all of them and can't wait to look into the Queen's Quality Series. I'm grateful that I ran into such a beautiful and sweet manga and learned so much from it. I'll be looking forward to the next books in the series and Ms. Motomi's other works. ,,,1,0
24864744,QQスイーパー 2 [QQ Sweeper 2],Kyousuke Motomi,"Motomi, Kyousuke",最富キョウスケ,"=""4091368190""","=""9784091368195""",5.0,小学館,Paperback,170,2015,2015,2023/02/05,2023/02/05,"manga, borrowed-library","manga (#41), borrowed-library (#50)",read,We all had our suspicions about Fumi's obscure background but I love how it all played out in such a healthy and positive way. The communication in this one is STRONG. I love the comfort everyone provides to each other and extends it to others as well. I strongly encourages me to go clean my room and it's a nice feeling. <br/><br/>That last scene between Kyutaro and Fumi had my heart skip a beat there... ,,,1,0
125644933,"The First Night with the Duke, Vol. 1",Teava,"Teava, Teava","MSG, Hwang DoTol","=""1600099408""","=""9781600099403""",0,NETCOMICS,Paperback,296,2023,2020,2023/02/08,2020/11/30,"manhwa, official-translations","manhwa (#101), official-translations (#31)",read,,,,1,0
20890584,"Ajin: Demi-Human, Vol. 1",Gamon Sakurai,"Sakurai, Gamon","西本英雄, Tsuina Miura, Ko Ransom","=""1939130840""","=""9781939130846""",4.0,Vertical Comics,Paperback,228,2014,2013,2023/03/06,2023/03/06,"manga, borrowed-library","manga (#35), borrowed-library (#49)",read,"It's an interesting premise. Demi-humans that are not considered humans anymore and are hunted down. The gore scenes are literally everywhere so if you're sensitive to it all, I wouldn't recommend. <br/>There's a small population of demi-humans and high schooler, Kei Nagai, is struck dead by a truck soon discovers he's part of that population. Instantly everyone turns on him and he needed to escape. <br/><br/>I do like how his sister remembers the exact moment Kei ""turns"", or maybe its been inside him this entire time and it just came out then. Regardless it is very cool and creepy so far.<br/><br/>I just wish that we got to see the two <spoiler> his childhood friend Kai </spoiler> continue their journey together without the guilt setting in on Kei.",,,1,0
20517048,"ノラガミ 3 (Noragami: Stray God, #3)",Adachitoka,"Adachitoka, Adachitoka",あだちとか,"=""4063713237""","=""9784063713237""",4.0,講談社,Paperback,200,2012,2012,2023/03/06,2023/03/07,"manga, borrowed-library","manga (#32), borrowed-library (#48)",read,I got the edition with Volumes 1-3 in one. ,,,1,0
20504346,"ノラガミ 2 (Noragami: Stray God, #2)",Adachitoka,"Adachitoka, Adachitoka",あだちとか,"=""4063713083""","=""9784063713084""",3.0,講談社,Paperback,200,2011,2011,2023/03/06,2023/03/07,"manga, borrowed-library","manga (#33), borrowed-library (#47)",read,I got the edition with Volumes 1-3 in one. <br/><br/>This volume fell in comparison to the first when it comes to the introduction of the other gods and yato's competition/goals. They are .. interesting. ,,,1,0
17835727,"Noragami 01 (Noragami: Stray God, #1)",Adachitoka,"Adachitoka, Adachitoka",Ai Aoki,"=""3770479440""","=""9783770479443""",5.0,Egmont,Paperback,194,2013,2011,2023/03/06,2022/01/09,"manga, borrowed-library","manga (#67), borrowed-library (#46)",read,"Noragami means ""Stray God"" and its quite fitting. <br/><br/>The set up is everything. I watched the anime years ago yet failed to ever pick this manga up despite that cliffhanger.. <br/><br/>Needless to say, I love the panels and stunning art work. I love the characters and their complexities. They make the world of Noragami so much more. The insight each character add gives to building the world and its problems and I love the slow burn of it. <br/><br/>Yato the stray god has fallen out of favor as times have changed; however, he hasn't given up and faded from existence. He lives on through the small favors and wishes requested of him. It's honest work and it's touching how he yearns for recognition (even if it is just one single person). <br/><br/>I love the plot twist Hiyori adds to the already full plate Yato has. She becomes half-dead too easily (her body falls asleep and her spirit roams free) and it poses a risk of her accidentally putting herself in danger. Not only is her tail the only thing keeping her tethered to the world of the living but also attracts too much attention from the other spirits (the corrupted ones).  Yukine is adorable as a little spirit but very angsty as a teen. He's still very adorable. I cant wait to see how this develops and grows each of them through their adventures together.",,,1,0
21544955,"Ajin: Demi-Human, Vol. 2 (Ajin: Demi-Human, #2)",Gamon Sakurai,"Sakurai, Gamon",,"=""1939130859""","=""9781939130853""",5.0,Vertical Comics,Paperback,200,2014,2013,2023/03/07,2023/03/07,"manga, borrowed-library","manga (#34), borrowed-library (#45)",read,"I think I liked this volume a lot more than the first. It dove straight into what exactly everyone's motives were and how this society views Demi-Humans. <br/><br/>First, let's discuss Kei. Let's keep in mind he's 17 and just a high schooler with dreams of becoming a doctor. He gets into an accident and ""becomes a monster"". We have reasons to believe he's almost always had this inside him and after dying and returning, he knows now what he is. He hasn't left humanity which is probably the most significant ""obstacle"" for the majority of the other characters. He cares for his little sister (who is later revealed to have an extremely rare disease that he wants to cure her of by becoming a doctor). He cares for his childhood friend who he even left behind thinking he would be endangering him. There's so much depth to him that hasn't been broken and that's where the heartbreak begins.<br/><br/>He's betrayed by his fellow demi-humans and is let experimented on... It's unnerving to read about and see happening. I can't imagine his anguish and pain. Yet he doesn't kill anyone. He doesn't do it even when he was that close, because he's afraid to disappoint those he loves and cares for. He would become a monster only then. It's heartbreaking to see and I had wondered if there was any one who even cared for him the way he did. He genuinely saw and treated others as his own fellow humans because he saw himself as one as well. He wasn't acting differently to hide something he didn't know he was. <br/><br/>I liked the tiny segment of his former classmate signing a petition and sympathizing with the demi-humans (though I guess it was a bit fruitless and it was really just for Kei only).<br/><br/>I do really like seeing Nakamura's current state and past. He doesn't flinch at death and uses it to his advantage... It's scary. It's clear that he's disconnected from humanity and it's what makes him such a powerful opponent. That fight scene was something of awe and its just as terrifying to think that's who you'd be messing with. <br/><br/>""Be more human than the humans."" Yet his every action is getting further and further from that ideal moto of his... <br/><br/>Nakamura's back story was tragic. I just could not believe that twist. <spoiler>His helmet.HAD HIS HEAD IN IT. MY JAW DROPPED. He didn't notice...he genuinely thought he just lost his arm..</spoiler> I just stopped and stared speechless. The loss he experienced in that moment would have been tremendous and the fastest way to break his soul. It puts into perspective how he is wired and how he came to develop his mindset. I'm officially hooked now after this volume. <br/><br/>I can't wait to read the next one. <br/><br/> ",,,1,0
23128407,"Ajin: Demi-Human, Vol. 4 (Ajin: Demi-Human, #4)",Gamon Sakurai,"Sakurai, Gamon",,"=""1941220444""","=""9781941220443""",4.0,Vertical Comics,Paperback,194,2015,2014,2023/03/10,2023/03/09,"manga, borrowed-library","manga (#30), borrowed-library (#43)",read," I instantly liked that duo of the firefighter and that teen. I have a serious growing hate for Sato (Nakamura). I don't like how things are progressing and this is just the first chapter. The firefighter isn't wrong with it becoming a witch hunt further with a public terrorist attack on innocent people. <br/><br/>I'm dead that the teen, Nakano, is essentially saved by his caring neighbor who calls in for an ambulance at the right moment. He dies and notices the oozing of matter that fixes him. It immediately reminds him of what he saw in the train in the distance. It's nice details that I crave. Immediately after the doctors just let him go.. It's the most unrealistic thing I've see in this Manga yet.<br/><br/>AHH The part Tanaka tells the girls not to go see the cops guarding the building.. He's subconscious self knew he doesn't want innocents to die..  The plane hijacking... This is going to be an all-out war and disaster on so many levels for everyone... <br/><br/>""The thrill of it."" <br/><br/>That's the voice of someone who's too far gone and beyond saving at this point. ",,,1,0
23995545,"Ajin: Demi-Human, Vol. 5 (Ajin: Demi-Human, #5)",Gamon Sakurai,"Sakurai, Gamon",,"=""1941220452""","=""9781941220450""",5.0,Vertical Comics,Paperback,194,2015,2014,2023/03/15,2023/03/13,"manga, borrowed-library","manga (#29), borrowed-library (#42)",read,"There's a lot of character-building in this volume. Sato declares war on the humans and we get to see how the SAT handles him. If tranquilizer guns are illegal they needed to keep killing Sato fast enough to not let him react. That doesn't, however, take into account other demi-humans being involved.<br/><br/>On the other hand, we get to see how Kai handles the news (which is pretty cold in my opinion). The kid that was saved by the firefighter is trapped in the truck which is mundane but we realize the biggest plot hole would have been him using an IBM (or Black Ghost). We later find out that he can't conjure one for some reason but he can see them. <br/><br/>The demi-humans (Sato) write up a hit list and soon after the targets realize that it's not in order. That any one of them can be next and it put Tosaki into a panic. Kai reaches out to Tosaki and proposes the idea of an immortal army in exchange for victory on their terms. The deal only goes through because of Nakano. He's earning a spot on the ""best boy"" title. <br/><br/>It's a good volume and it leaves me wanting to see more action again. It was a lot of violence at the start and then it simmers down with some hiding and finally a car ride with many questions hanging in the air. ",,,1,0
23995547,"Ajin: Demi-Human, Vol. 6 (Ajin: Demi-Human, #6)",Gamon Sakurai,"Sakurai, Gamon",,"=""1941220886""","=""9781941220887""",4.0,Vertical Comics,Paperback,194,2015,2015,2023/03/18,2023/03/17,"manga, borrowed-library","manga (#28), borrowed-library (#41)",read,"""Let your heart guide you and you face ruin""; I've finally read this infamous line. It's a classic spin on  ""emotions are weaknesses and they lead you down an unreliable path"". <br/><br/>Kaito is back and.. he's in prison... for helping a demi-human escape. But there we meet someone really interesting... <br/><br/>It seems Kai is making allies and Kei has no clue how much his friend cares for his sorry butt. ",,,1,0
25673700,"亜人 7 (Ajin: Demi-Human, #7)",Gamon Sakurai,"Sakurai, Gamon",桜井画門,"=""4063880982""","=""9784063880984""",3.0,Kodansha,Paperback,202,2015,2015,2023/03/26,2023/03/26,"manga, borrowed-library","manga (#27), borrowed-library (#40)",read,"How does Kai survive all the time and what is this safe place he always talks about getting to...? Is it really important for Nagai Kei to go there or not?<br/><br/>Regardless this volume was just giving me more assurance that Sato is crazy from the start and he's a terrifying monster to go up against. I seriously feel for that Vietnam soldier who went on that rescue mission that could have gone perfectly if Sato hadn't snapped... Or maybe that was the intent, make it seem like it was going perfectly to give everyone a sense of peace before risking it all for that rush and forcing everyone around him to accept his help still in the situation he caused. <br/><br/>In the end, I just really hate everyone involved with Sato. Including that IT guy who could have lived a nice life working at The Forge, but decided to just end it all by going awol... It ticks me off a lot being so intelligent but choosing stupidity.<br/><br/>That Tanaka guy needs a serious backbone and figure out what he wants other than trying to figure Sato's plans out. It won't end well for him at this point.<br/><br/>",,,1,0
61725550,My Clueless First Friend 01,Taku Kawamura,"Kawamura, Taku",,"=""164609204X""","=""9781646092048""",5.0,Square Enix Manga,Paperback,288,2023,,2023/05/07,2023/05/07,"manga, favorite-manhwa-manga","manga (#21), favorite-manhwa-manga (#16)",read,"Volume 1 Chapters 1-18 Completed!<br/>Gosh, Taiyo Takada is literally warm sunshine on a cold winter day. He is the absolute sweetest. Nishimura is also so cute and all the little kids are brats for being so mean despite not knowing her. They tease her, make fun of her relentlessly, and isolate her in class. Everyone needs a Taiyo or needs to be a Taiyo. <br/>He's living his best life not caring a bit about others' prejudice and becoming friends with those who are kind to him. His using the bully's words against them is also so satisfying. It gives him leverage against them by using their words against them. Nishimura and Takada will be great friends so a long time (Hopefully, no unintentionally friend-zoning each other but in a safe healthy loving relationship in whatever form that might be).",,,1,0
18667307,"Tokyo Ghoul, Tome 1 (Tokyo Ghoul, #1)",Sui Ishida,"Ishida, Sui",,"=""2723495612""","=""9782723495615""",5.0,Glénat,Mass Market Paperback,224,2013,2012,2023/06/17,2023/05/09,"manga, borrowed-library","manga (#12), borrowed-library (#39)",read,Gosh I’m so happy to have picked this up! I needed to know what I would be getting myself into when watching/reading Tokyo Ghoul and this has been a perfect introduction. Not only do I see psychological analysis and deeper reflection shown through his eyes but also the internal conflict and resolve he reaches at the end of Vol 1. The perfect set up for a half human and half ghoul. The struggles of hiding in plain sight and also learning to control his insatiable appetite. The struggles of becoming something different than before and learning to accept it at the cost of losing his previous life. ,,,1,0
20743809,"東京喰種トーキョーグール 2 (Tokyo Ghoul, #2)",Sui Ishida,"Ishida, Sui",石田スイ,"=""4088792912""","=""9784088792910""",4.0,集英社,Paperback,208,2012,2012,2023/06/19,2023/06/19,"manga, borrowed-library","manga (#4), borrowed-library (#38)",read,"I felt this volume went a bit slower now that the climax was reached in Volume 1 setting the stage for Kaneki to work in the cafe as a part human - part ghoul. There's trouble in the 20th Ward now setting up a new problem for Kaneki and all the other ghouls living in ""peace"". Investigators are ghouls' number one enemies (outside of cannibalizing their own kind) and they have their targets on the ghouls residing in Ward 20. <br/><br/>The two investigators are creepy asf. The senior guy looks like he's lost a few screws since the 1800s and the other guy looks like an arrogant try-hard. They both piss me off every time they're on screen.<br/><br/>I'll continue reading~",,,1,0
20748818,"東京喰種トーキョーグール 3 (Tokyo Ghoul, #3)",Sui Ishida,"Ishida, Sui",石田スイ,"=""4088793579""","=""9784088793573""",4.0,集英社,Paperback,192,2012,2012,2023/06/27,2023/06/19,"manga, borrowed-library","manga (#3), borrowed-library (#37)",read,Finally got around to finishing the volume. So a lot happened in this one to set the stage and give more context. <br/><br/>Hinami is a sweetheart and I feel so sad that she lost everyone dear to her and all she wanted was to be consoled. Revenge didn’t give her relief from her loss and it took them all too realize that. <br/><br/>The back story to Mado gives a ton of context to how twisted of a person he is and what he’s been teaching others. <br/><br/>I have to say this one got really intense the last few chapters but the build up was worth it. We got to see what becomes of ghouls that come into contact with investigators. We see how they fight and investigate. The war between ghouls and humans rages on.. ,,,1,0
22447379,"東京喰種トーキョーグール 4 [Tokyo Guru 4] (Tokyo Ghoul, #4)",Sui Ishida,"Ishida, Sui",石田スイ,"=""4088794206""","=""9784088794204""",4.0,集英社,Paperback,192,2012,2012,2023/07/16,2023/06/27,"manga, borrowed-library","manga (#2), borrowed-library (#36)",read,,,,1,0
24733452,Granny Square Crochet for Beginners US Version,Shelley Husband,"Husband, Shelley",,"=""1311678964""","=""9781311678966""",5.0,Shelley Husband,Kindle Edition,128,2015,2015,2023/09/30,2023/09/30,magazines-guides-diys,magazines-guides-diys (#3),read,<strong>Really easy to follow for beginners</strong><br/><br/>I figured I would learn something new about how to sew in ends and also joining granny squares in this book. Although it did teach making the granny squares very well the ending was left with me with still looking for how to seamlessly join squares together. Overall a good simple book though. Teaches the basics with picture guides and well written directions. ,,,1,0
22447384,"東京喰種トーキョーグール 5 [Tokyo Guru 5] (Tokyo Ghoul, #5)",Sui Ishida,"Ishida, Sui",石田スイ,"=""4088794788""","=""9784088794785""",4.0,集英社,Paperback,200,2012,2012,2023/10/04,2023/07/16,"manga, borrowed-library","manga (#1), borrowed-library (#35)",read,This volume took a while for me to dig into. The gourmet just irked me a lot and his taste palette too. Though I have to say that I really really loved the moments given to further development to Nishiki Nishio's character. His past and his values. I like him a lot more than before. He almost seems more human now that we've seen him at his absolute worst.,,,1,0
61096867,오늘도 사랑스럽개 1,Lee Hye,"Hye, Lee",이혜,"=""""","=""9791162209141""",5.0,Wisdom House,Paperback,0,2018,,2023/12/27,2023/12/27,"manhwa, favorite-books, favorite-manhwa-manga, official-translations","manhwa (#16), favorite-books (#1), favorite-manhwa-manga (#8), official-translations (#30)",read,,,,1,0
59664380,Leveling Up My Husband to the Max Vol. 1 (novel) (English Edition),Nuova,"Nuova, Nuova",,"=""""","=""""",5.0,Wordexcerpt,Kindle Edition,,2022,2020,2024/01/04,2024/01/03,"manhwa, favorite-manhwa-manga, official-translations","manhwa (#7), favorite-manhwa-manga (#7), official-translations (#29)",read," -ill come back to this as soon as i can to edit but brief points to touch on: <br/>So season one was super satisfying.<br/>Female lead is introduced with a certain goal and attitude to accomplish that specific goal.<br/>The male lead is highly misunderstood. however the two leads actually communicate and talk out all their conflicts and internal issues with the other. <br/>The villain that's introduced is cleanly dealt with by the end of the volume and its satisfying to see it followed out without extreme consequences. <br/>Its revealed however there is a bigger scheme behind the scenes and the leads will need each other to make it out in one piece unscathed.<br/><br/>==<br/>Whole Series Completed!!<br/><br/>The communication between both the female and male lead will be my favorite of all manhwas. They are not extraordinary but simple people with a simple goal in mind. It’s almost humble they want a life together without fear and threat of war and famine for their sub-country. I enjoyed all the moments between the two and more so as the story evolved. The villains were great and all.. but it felt so pitiful.. <br/><br/>It’s almost like secondhand embarrassment when it comes to the Emperor and his reason for hating Carlyx and his nation. <spoiler>It was out of jealousy and it's embarrassing… Saw his love as an object and threw a temper tantrum when she rejected his advances. When she did give in to his fear, he betrayed his word first. He went after Carlyx’s grandfather out of spite and it's disgusting that he couldn’t take a damn no. <br/><br/>That’s next-level arrogance and pathetic to be taking out your anger cause you couldn’t have what you want… He deserved a worse death. Fucking mocked death to the end cause he genuinely thinks he’s in the right for hurting innocent people just cause he can. It’s beyond me how he even contributed to making the 5th prince. <br/><br/>And it’s also beyond me how the 5th prince’s mother even loved the emperor to his last breath. Red Flag was there… just ignored in vain. </spoiler><br/><br/>A ton of that was ranting that you'll probably agree to after finishing the series. Overall fantastic read! Highly Recommended!",true,,1,0
59901558,"하루만 네가 되고 싶어 2 [Haruman Naega Doego Sip-eo 2] (Your Throne, #2)",SAM,"SAM, SAM",삼,"=""8954678890""","=""9788954678896""",5.0,문학동네 ,Paperback,296,2021,2021,2024/01/17,2024/01/15,"manhwa, official-translations","manhwa (#1), official-translations (#28)",read,"Chapter 13-23 Complete!<br/><br/>The two female leads, Medea and Psyche, are breaking my heart. Their backgrounds, their twists of fate, and the consequences of manipulation are heartbreaking. All men in this WEBTOON deserve a purge (minus precious Helios).<br/><br/>The wit in this is incredible and beautifully crafted into a masterpiece. The way each side’s decisions and actions are laid out and slowly changing each other’s perception is beautiful, to say the least.<br/><br/>I don’t like this god in this WEBTOON. Obviously, they already play favorites but it’s rubbing me the wrong way. The deity might not have been punishing Medea but you can sense the underlying tension between them. The god used Medea to save Psyche and saw the opportunity when Medea wished to switch lives. Over all the deity only cared about Psyche and was biased since the beginning. Always painting Psyche's story as the more pitiful one yet right now Medea is more pitiful being used once again to save someone else's life.<br/><br/>I’ll be continuing to root for Medea and Psyche’s improvement and goals. I want the prince Dead.<br/><br/>It’s not a request. Prince should die with no mercy. He is picture book psychotic and cruel/calculating. There is no doubt that he and Medea’s dad are villains. You can’t deny that this a**hat of a prince is clever and brilliant. It makes the stakes that much more terrifying.",,,1,0
60461453,"하루만 네가 되고 싶어 3 [Haruman Naega Doego Sip-eo 3] (Your Throne, #3)",SAM,"SAM, SAM",삼,"=""8954684165""","=""9788954684163""",5.0,문학동네,Paperback,300,2021,2021,2024/02/16,2024/01/18,"manhwa, official-translations","manhwa (#109), official-translations (#27)",read,"Chapters 24-35<br/><br/>Learning the difference between love and manipulation is the first step to understanding the abuse you've been through and the start to actually healing. My love for both Medea and psyche are only growing by the days...<br/><br/>In another note, Helios is shaping up to be the only man up to standards every other man seems damn problematic... The new red head introduced in this volume seems... Interesting. I'm not making any calls yet but I'm weary from the track record all these men hold (exception being only Helios). <br/><br/>We are introduced to a larger scheme taking place involving the problematic imperial family and the church and the divine powers.<br/><br/>Psyche and Medea are both fighting their predicaments and it's refreshing to see.. Especially for Psyche.. <br/><br/>Medea and Helios have a true love.<br/>No one can convince me otherwise. I strive to love someone and be loved like they show through their words and actions..<br/>Being able to love someone's soul and body differently is such a beautiful thing...to love someone's soul means to love that person no matter how they look and it's just really stuck to me..<br/><br/>One day..",,,1,0
212288657,山田くんとLv999の恋をする 9 [Yamada-kun to Lv999 no Koi wo Suru 9],Mashiro,"Mashiro, Mashiro",ましろ,"=""4046835958""","=""9784046835956""",5.0,Kadokawa,Paperback,178,2024,2024,2024/06/01,2024/05/30,manga,manga (#137),read,Volume 9 chapters 86-96 completed!<br/><br/>This was a nice fallback to the more game-centric volumes. Our main couple is going strong despite their relationship's ups and downs. I love the new character Ruka and his involvement in the volume. It's sad that the volume ended like it did with Akane telling stories about her hometown and being super close with everyone. It brings a bit of an ominous vibe with Takaya.. I'll hope he's just a close friend who just drifted away from Akane in her college years. <br/><br/>That said I hope the next volumes of this series come out soon!,,,1,0
60860643,"마른 가지에 바람처럼 1 (Like Wind on a Dry Branch, Vol. 1)",Dalsaeowl,"Dalsaeowl, Dalsaeowl","Hwaeum, 달새울, 화음","=""119015367X""","=""9791190153676""",5.0,영컴,Paperback,288,2021,2021,2022/10/31,2023/01/01,"manhwa, official-translations","manhwa (#30), official-translations (#26)",read,"Vol. 1<br/>Episode 1 ~ 13<br/><br/>This is a re-read from the first time I read this back in June 1,2022. The series had its finale and I’m getting through each volume slowly but surely. <br/><br/>This is very much a slow burn but the characters are all very intelligent and bright. Though it feels like Rieta is too good to be true right now she really has been through so much for her state to be any worse than her body is physically .. I love the art style dearly and the plot has so much depth to it. I got to love the harem of talented and skilled women serving a prince to his path of revenge and redemption against his step mother. <br/><br/>Looking forward to finishing the series 😌",,,2,0
57149048,消えた初恋 5 [Kieta Hatsukoi 5],Wataru Hinekure,"Hinekure, Wataru","Aruko, ひねくれ渡, アルコ","=""4088444787""","=""9784088444789""",5.0,集英社 / Shūeisha,Paperback,176,2021,2021,2025/07/09,2025/07/09,manga,manga (#136),read,There’s 2 arcs in this that I really loved. The tutor arc and the restaurant arc. <br/><br/>I reread the tutor arc so often like no joke. The phobia was handled so well and I love their little friend group very much. They support and care for each other despite other people’s preconceived beliefs and opinions. I’m glad it was cleared up and Okano’s character could be redeemed 🥰. And the bonus relationship progression 😭🥰!! <br/><br/>The jealousy Ida had 😍🥰 I squealed. Literally fangirling cause man could not handle the whispering between Aoki with his competition 😆😂. Honestly that was adorable and I completely understand Aoki’s reaction with the 💘 when he saw how pleased Ida was when he realized it was only a temporary job for him.<br/><br/>Saronji is a sweet gal but I do hope she won’t get in between Aoki and Ida’a relationship. <br/><br/><br/>I adored this volume 😌,,,1,0
57149036,消えた初恋 4 [Kieta Hatsukoi 4],Wataru Hinekure,"Hinekure, Wataru","Aruko, ひねくれ渡, アルコ","=""4088443888""","=""9784088443881""",4.0,集英社 / Shūeisha,Paperback,176,2020,2020,2025/07/09,2025/07/09,manga,manga (#135),read,Christmas arc! I like how they resolved the issue with going about telling others about their relationship status not as a way to feel ashamed or insecure about their sexual orientation but rather as a form of communication and consideration for the other. I only had a gripe with how Ida never really said he liked Aoki back when officially dating. They are taking it really slow and the way it was broken down and discussed was poetic in a way. I really adored how this whole volume was written and explained through conversations. <br/><br/>I’m lowkey kinda worried for the next arc now though just as I thought we were getting somewhere with our main couple. ,,,1,0
57149023,消えた初恋 3 [Kieta Hatsukoi 3],Wataru Hinekure,"Hinekure, Wataru","Aruko, ひねくれ渡, アルコ","=""4088443659""","=""9784088443652""",3.0,集英社 / Shūeisha,Paperback,176,2020,2020,2025/07/09,2025/07/09,manga,manga (#134),read,This one was ok. <br/><br/>We get to see more progress for our main couple and secondary couple 🤩! <br/><br/>The misunderstandings are surprisingly cleared up almost immediately or actively worked on by both parties and it’s heartwarming. The drama of if they do or don’t doesn’t linger forever like other webtoons/manga.<br/><br/>Very enjoyable but nothing spectacular/stunning like the other two volumes. Feels like we’re starting to settle in and see how this goes now on and it’s good progress for their respective relationships. ,,,1,0
52671507,消えた初恋 2 [Kieta Hatsukoi 2],Wataru Hinekure,"Hinekure, Wataru","Aruko, ひねくれ渡, アルコ","=""4088443187""","=""9784088443188""",4.0,集英社 / Shūeisha,Paperback,176,2020,2020,2025/07/09,2025/07/09,manga,manga (#133),read,"I love how everyone is actually making an effort to talk it through and understand how the people they care about feel. This volume had me choked up for a minute with how the misunderstanding was being misunderstood even if it was coming from someone who didn’t mean to hurt Aoki. <br/><br/>Though I may have not liked how Hashimoto smacked Aida, she reasonably got through to him when explaining how being afraid to talk about one’s feelings may not be easy especially infront of others you respect and care for.. it’s not an excuse to run away or preserve themselves from pain bc we can see Aoki internally burning up by hiding away the truth. He was an afraid of letting everyone down and by the end we see Aida and Aoki patching up the situation (Best moment of the volume in my opinion). <br/><br/>Aida is dense asf but he really came through for his buddy when it counts. I’m glad how this was handled 😌 it shaping up to be one of favorite reads of the genre (BL) as a whole honestly. <br/><br/>The ending of the volume has me a bit joyful despite how rough the relationship is going so far between Ida and Aoki. He’s starting to see the nuances of catching feelings and I’m here for the show 🍿👀",,,1,0
60738806,消えた初恋 9 [Kieta Hatsukoi 9],Wataru Hinekure,"Hinekure, Wataru","Aruko, ひねくれ渡, アルコ","=""4088446887""","=""9784088446882""",5.0,集英社 / Shūeisha,Paperback,192,2022,2022,2025/07/10,2025/07/10,manga,manga (#132),read,"The 9 year time skip had me SCARED 😨 literally heart wrenching to see how much Aoki had suddenly changed from spring 2nd year to winter 3rd year during the amnesia. In the event that they had broken up I honestly don’t know how Ida would react other than mourning his first love the entire time and taking anything Aoki gives him gratefully. I’m glad that was all a hallucination on Ida’s end.  <br/><br/>Ida has gotten better with expressing himself and easier to read his feelings/emotions. I can’t believe how Ida used to say that he didn’t know how one feels affection for another person to how absolutely whipped he is for Aoki now in current day. Aoki is adorable but definitely has grown more confident in himself and his relationships, maturity makes him so attractive. I’m glad he has gotten more confident in himself and their relationship to tell his family. I had wished he could be more honest with his worries and troubles this entire time and he’s finally gotten there now in the final volume.<br/><br/>I’m glad this ended on a much much happier note with the time capsule scene and things looking bright for both the couples. I’m happy and overall quite pleased with how the author decided on handling the storyline and their intimate moments. I literally wish them the absolute best in their live on the pages of their world. I would read a spin off or a continuation of this series any day! 🥰<br/><br/>I don’t mind reading something similar to this again  ❤️",true,,1,0
59523093,消えた初恋 8 [Kieta Hatsukoi 8],Wataru Hinekure,"Hinekure, Wataru","Aruko, ひねくれ渡, アルコ","=""408844602X""","=""9784088446028""",5.0,集英社 / Shūeisha,Paperback,176,2022,2022,2025/07/10,2025/07/09,manga,manga (#131),read,The parents meet!! 😆🎉 <br/><br/>I was worried for a moment there but I’m so happy it worked out! These moments between the two of them (Ida and Aoki) are precious and lovely recaps from the volumes prior. <br/><br/>The final volume is coming up and I’m so excited to see how it will end! ,,,1,0
58884395,消えた初恋 7 [Kieta Hatsukoi 7],Wataru Hinekure,"Hinekure, Wataru","Aruko, ひねくれ渡, アルコ","=""4088445430""","=""9784088445434""",3.0,集英社 / Shūeisha,Paperback,168,2021,2021,2025/07/10,2025/07/09,manga,manga (#130),read,"The college trip was hilarious 😂, man Aoki doesn’t even know how down bad Ida is for him 🤣. <br/><br/>Aside from that this one focused a bit on the second leads and it was gratifying to see them working out and being accepted by their family (got some Mio lore drop too 🤩).<br/><br/>I won’t stress stress the main couple’s relationship being a secret but I wonder how things will pan out when their family finds out about their relationship.",,,1,0
58423682,消えた初恋 6 [Kieta Hatsukoi 6],Wataru Hinekure,"Hinekure, Wataru","Aruko, ひねくれ渡, アルコ","=""408844504X""","=""9784088445045""",4.0,集英社 / Shūeisha,Paperback,176,2021,2021,2025/07/10,2025/07/09,manga,manga (#129),read,I had it wrong about Saronji 😮‍💨 well maybe with that teasing end 😂. Jealous Ida really is so amusing. And highly flustered Aoki is entertaining too. The empty classroom scene 🫣🤭 and then field day!! The wholesomeness of this volume was off the charts. <br/><br/>On another note I’m glad second leads got it together 🎉 it was a slow but satisfying storyline for them. <br/><br/>The future with our main leads is looking bright 😌🥰. On their way to making plans for college together. Let’s hope everyone continues to work hard and makes strides towards their dreams without any heartache along the way. ,,,1,0
51842616,ブスに花束を。(7) (角川コミックス・エース) (Japanese Edition),作楽ロク,"作楽ロク, 作楽ロク",,"=""4041089336""","=""9784041089330""",4.0,KADOKAWA,Kindle Edition,211,2019,,2025/07/26,2025/07/25,manga,manga (#128),read,"Volume 7<br/>Chapters 37-42 <br/><br/>I loved the confessions lol. They hit the mark and my standards just got higher. <br/><br/>""Ueno-kun, I think it's better if you fall in love with somebody else..""<br/>""Why?! I don't get it, Tabata. I-""<br/>""Because... Because I am ugly! And I know all your friends are going to tell you that you can have a prettier girlfriend, that there are girls out there better than me and it will make your life complicated and difficult and-""<br/>""No matter what anyone says, I will like you Tabata. What's so complicated about it? We'll just love each other.""<br/><br/>^^ like tell me this isn't the most touching thing ever. They're freaking adorable... Hiding the fact that they're dating though Idk... I lowkey hate when they do that in manga, but I'm glad they told their loved ones almost immediately. <br/><br/>Seconard ship sailing successfully so far too and we got a potential 3rd!! I'm excited to see what's next! (Also found the ad for the adapation sooo that will be my next watch!)",,,1,0
197361608,"아빠, 나 이 결혼 안할래요! 4 [Appa, Na I Gyeolhon An Hallaeyo! 4]",Yuri .,"., Yuri","유리, Roal, Hong Heesu, 홍희수","=""""","=""9791192891545""",4.0,씨엔씨레볼루션,Paperback,296,2023,2023,2025/07/29,2025/07/28,manhwa,manhwa (#126),read,"Volume 4<br/>Chapters 48-64<br/><br/>We get a lot of lore drop in this one, but it's all very enjoyable regardless. The jokes and misunderstandings are just tragically hilarious. Legis has been best dad from the start and we're staring to see Juvellian see it for herself slowly but surely. Max is straight up the most delusionally optimistic ML I've read. I can't help but adore his clumsy attempts at charming Juvellian. <br/><br/>The mini side stories and teasers for each upcoming chapter are either tear-jerkers or pure comfort comedies. I can tell just how much love was put into every single character. You love the lovely characters, cry for the tragic ones, and rage over the imbeciles. I remember this being one of the biggest reasons why I came back to read this officially in English. I needed a break from the choppy translations, but this is a work of art now that I'm rereading it after so many years. ",,,1,0
231234692,"Father, I don't want this marriage T07",Yuri .,"., Yuri","Roal, Hong Heesu","=""2811688900""","=""9782811688905""",5.0,PIKA,Paperback,288,2025,2025,2025/08/02,2025/07/31,manhwa,manhwa (#125),read,"Volume 7<br/>Chapter 97-112<br/><br/>AWW Juvellian and her father are officially on fantastic terms after the big reveal in Juvel's past memories. I love how much depth was put into why Juvel thought she had been reincarnated into a book and how time started over for her and the big reveal <spoiler> Legis' first life after Juvel's death </spoiler>. I couldn't stop my tears in this volume. I kid you not, the scenes with the Floyens and their tragic past are heartwrenching to the point it's taking my heart out of commission. <br/><br/>What makes it one of my favorite novels so far is the way everyone makes sense and how nuanced the emotions of each character feel to me. I feel anguish for Legis and Amelia. I catch myself smiling whenever Max is goofy with his ""father-in-law"" when proclaiming his unabashed love for Juvel. If glares could kill, Max would have died and revived constantly on every page. <br/><br/>The lore on Floyens is just getting started, and it's crazy how the story is unfolding thus far. I'm unable to keep my awe at how well crafted this story is and the love put in by both author and artist. I hope the plan to save Legis is going to happen without a hitch... But there's still so much story left.. I'm rooting for the wolf, the cats, and the lovely mouse! ",,,1,0
237219952,"아빠, 나 이 결혼 안할래요! 8 [Appa, Na I Gyeolhon An Hallaeyo! 8]",Yuri .,"., Yuri","유리, Roal, Hong Heesu, 홍희수","=""""","=""9791194163251""",5.0,씨엔씨레볼루션,Paperback,296,2025,2025,2025/08/03,2025/08/01,manhwa,manhwa (#124),read,"Volume 8<br/>113-123 and all the side stories, I read all 8<br/><br/>Go ahead and rip my heart out. I laughed and cried constantly. The ending for the emperor was too short, but I'm glad it was Legis who did him in. Mikhail's ending was satisfactory. I was truly pleased with how Fafnil was handled and how the Goddess and Juvelle's mother played a part. The last main line chapter, which is about Juvelle and Max's wedding, felt so deserving. <br/><br/>The ending side stories .... They made me tear up and laugh all the same. Max really is out here manifesting his future though because he <spoiler> said he would love to have a boy and a girl (preferably twins)!! </spoiler> I just have a goofy smile seeing how things played out for everyone. It's a bittersweet parting from one of the best reads of my summer 2025. Ik I'll come back and re-read for Max, Juvelle, and her father too <3 <3. <br/><br/>Just a silly love story with a thousand misunderstandings about a cat, a mouse, a wolf, and a squirrel. Read it if you want a fully completed translated manhwa to binge.",,,1,0
62919732,Lady Tan's Circle of Women,Lisa See,"See, Lisa",,"=""1982117087""","=""9781982117085""",0,Scribner,Hardcover,352,2023,2023,,2024/01/20,"book-physical, to-read, borrowed-library","book-physical (#68), to-read (#367), borrowed-library (#24)",to-read,,,,0,0
127463950,The Hunger Habit: Why We Eat When We're Not Hungry and How to Stop,Judson Brewer,"Brewer, Judson",,"=""0593543270""","=""9780593543276""",0,Avery,Kindle Edition,302,2024,2024,,2025/07/15,"did-not-finish, book-physical, borrowed-library","did-not-finish (#2), book-physical (#71), borrowed-library (#10)",did-not-finish,,,,1,0
222361609,Wild ​Reverence,Rebecca   Ross,"Ross, Rebecca",,"=""1250373360""","=""9781250373366""",0,Saturday Books,Kindle Edition,526,2025,2025,,2025/11/27,to-read,to-read (#429),to-read,,,,1,0
123259382,"Mr. Villain's Day Off 01 (Mr. Villain's Day Off, #1)",Yuu Morikawa,"Morikawa, Yuu",,"=""1646092236""","=""9781646092239""",0,Square Enix Manga,Paperback,130,2023,2018,,2026/01/12,to-read,to-read (#434),to-read,,,,0,0
40139751,I Want to Be Normal,Canaria,"Canaria, Canaria",,"=""""","=""""",5.0,,Unknown Binding,,,,2020/12/26,2020/12/26,manga,manga (#81),read,I love the characters and their genuine complexities that made them more real as the plot thickened. I can say that the ending definitely satisfied all the questions I had throughout the long story. The wish Fukatsu (MC) had from the beginning to be normal definitely helped him grow into a person that accepted his character as one that's not normal and to see that everyone has something they are insecure about or is not accepted in society. I'm glad that he became closer to those he holds dear to him including the wonderful and amazing Dunbox. Fantastic story and definitely worth picking up! Glad it concluded on Christmas day it was a wonderful gift to those who read the comic.,,,1,0
220309447,The Witch and the Bull - tome 1,Moonsia,"Moonsia, Moonsia",,"=""2226499644""","=""9782226499646""",0,ALBIN MICHEL,Paperback,256,2025,,,2026/01/11,to-read,to-read (#433),to-read,,,,0,0
44141883,"Bloody Sweet, Vol. 2",NaRae Lee,"Lee, NaRae",Ernest Woo,"=""""","=""9791195648023""",5.0,Tappy Toon,Paperback,558,2018,2014,2020/11/04,2020/11/04,manga,manga (#82),read,,,,1,0
38719945,"Bloody Sweet, Vol. 1",NaRae Lee,"Lee, NaRae",Ernest Woo,"=""""","=""9791195648016""",5.0,Tappy Toon,Paperback,604,2017,2014,2020/11/04,2020/11/04,manga,manga (#83),read,,,,1,0
55782104,"외과의사 엘리제 1 (Doctor Elise: The Royal Lady with the Lamp, Vol. 1)",Yuin,"Yuin, Yuin","유인, Mini","=""""","=""9791129364623""",5.0, 파인툰,Paperback,264,2020,2017,2021/08/30,2022/12/30,"manhwa, favorite-manhwa-manga","manhwa (#37), favorite-manhwa-manga (#14)",read,,,,1,0
51067246,어느 날 공주가 되어버렸다 1 [Eoneu Nal Gongjuga Doeeobeoryeotda 1],Spoon,"Spoon, Spoon","스푼, Plutus, 플루토스","=""1129335410""","=""9791129335418""",5.0,CARROTOON,Paperback,272,2019,2019,2021/10/04,2023/01/30,"manhwa, favorite-manhwa-manga","manhwa (#26), favorite-manhwa-manga (#13)",read,I'm currently on chapter 110 of the webtoon and it's still updating (but I've caught up to a good point in the story to write a review).<br/><br/>The plot with the emperor losing his memory/attachment to his only daughter was heartbreakingly good. I was moved by how much he persisted to love her (view spoiler) in his own special way. It's not an overly doting love but a stable one that anyone can honestly adore.<br/><br/>Cute adorable images of both father and daughter and a great read while you're at it. 10/10 would recommend to anyone looking to read up on a cute story of a daughter getting recognition and becoming a stronger person for herself and others.,,,1,0
57043384,"이번 생은 가주가 되겠습니다 1 [Ibeon Saeng-eun Gajuga Doegessseubnida 1] (I Shall Master this Family, Vol. 1)",Ro-a Kim,"Kim, Ro-a",,"=""""","=""9791191363555""",5.0,디앤씨웹툰비즈 ,Paperback,,2022,2022,2021/10/26,2021/10/26,"manhwa, light-novel-translations, favorite-manhwa-manga","manhwa (#81), light-novel-translations (#33), favorite-manhwa-manga (#12)",read,"Season One chapters 1-51 are complete!<br/><br/>I love love love the art style to death! It's clean and very cute.<br/><br/>FL is exceptionally intelligent, however, it seems from her first life she fell victim to a lot of abuse and was very much complacent to all the events that surrounded her family's/her downfall. In the second life, she is given a chance to start anew from 10 years old by making changes to the dreary future. She has a lot she needs to accomplish starting with saving her father's life from an illness, making a place for herself in the list of potential heirs to Lombardy, and lastly avoiding Lombardy's downfall by supporting the right side of the Royal heirs (Supporting Perez over the other prick of a prince). <br/><br/>She's so cute and I'd do anything for all the cutesy father-daughter moments (again I pray her father doesn't die like the first life). I love her manipulativeness; it's great to see her getting revenge one by one without anyone suspecting much at all. She's slowly winning over the Lombardy Title and it makes me so proud!! <br/><br/>I thoroughly enjoyed this first season and look forward to Season 2's release!",,,1,0
27845773,"トモちゃんは女の子! 1 [Tomo-chan wa Onna no ko 1] (Tomo-chan is a girl!, #1)",Fumita Yanagida,"Yanagida, Fumita",柳田史太,"=""4063695379""","=""9784063695373""",5.0,講談社,Paperback,144,2015,2015,2023/01/27,2023/01/26,"manga, favorite-manhwa-manga","manga (#53), favorite-manhwa-manga (#10)",read,"Chapter 001-125 + Omake!<br/><br/>This was such a great first volume with a great way to introduce all the characters and all of the overarching problems, but in particular that Jun doesn't see Tomo-chan as a girl. It's so cute and comedic! I love Tomo-chan's whole personality and behavior. She also looks so so cool. Jun is hilariously in denial. The Omake of the volume definitely catches on to that also. Gundo is best girl. I personally think she her bad personality is her selling point. I love her for her cold relentless and downright sinister mind... Carol, I had mixed feeling about at first but she's definitely growing on me. She has her moments to shine and she is way smarter than I originally thought.<br/><br/>Needless to say, read this! There's a manga adaption being uploaded at the moment and it's that slice-of-life comedy we need at times like this.",,,1,0
56986485,"Skip and Loafer, Vol. 1",Misaki Takamatsu,"Takamatsu, Misaki","Nicole Frasik, T. Campbell","=""1648275885""","=""9781648275883""",5.0,Seven Seas,Paperback,200,2021,2019,2023/06/14,2023/01/31,"manga, favorite-manhwa-manga","manga (#44), favorite-manhwa-manga (#9)",read,I picked this manga up after seeing the anime on Crunchyroll. It's so refreshing to see not only all characters fleshed out but each with personal goals and problems they tackle head-on. The interactions feel so natural and light. It gives me nostalgia about those high school days with every panel. The art style is just as it is on the cover and dare I say it gets better and better every page. (The same can be said about the anime!) <br/>I find myself smiling and happy with Mitsumi's small accomplishments and friendships. Its so endearing to see them all bond so closely and root for all of them.<br/><br/>The first 12 episodes of the anime cover up to Volume 4's finale. That said I will make it short: WATCH THE SHOW. READ THE MANGA.<br/><br/>It's not a threat... really. It's characters that can actually talk it out. They can actually act on their words and have a goal they all reach towards. It's not solely focused on having a boyfriend or relationship. It's not making pointless friendships that are shallow. It's not riddled with lackluster plot points that won't break or build the characters. They feel so real and lovely. I can't help but keep wanting this to never end. ,,,1,0
59901543,"하루만 네가 되고 싶어 1 [Haruman Naega Doego Sip-eo 1] (Your Throne, #1)",SAM,"SAM, SAM",삼,"=""8954675093""","=""9788954675093""",5.0,문학동네 ,Paperback,288,2020,2024,2024/01/15,2023/01/26,"manhwa, official-translations, favorite-manhwa-manga","manhwa (#27), official-translations (#22), favorite-manhwa-manga (#6)",read,Chapter 1-12 Complete!<br/>The way this WEBTOON hurt me. I didn’t know how much I loved complicated characters that aren’t completely good and completely evil until this WEBTOON. <br/><br/>The twist of fate and the cruel nature of the way they were brought up is insanely moving. The backgrounds of both Medea and Psyche shed light on their stakes and positions. The potential both of them have makes me want to root for both of them. <br/><br/>There’s just no way to explain how incredible the writing of both those characters were. They became memorable the moment I realized how much potential each gal had bring out their knives. I need to really digest this but read this. <br/><br/>It’s been 12 chapters. I’m hooked and I’m not ready for this to end.,,,1,0
198640020,Death's Game T01 (1),Wonsik Lee,"Lee, Wonsik","Wonsik Lee, 이원식.","=""2382881593""","=""9782382881590""",5.0,KBOOKS,Paperback,0,2024,,2024/01/25,2024/01/25,"manhwa, favorite-manhwa-manga","manhwa (#110), favorite-manhwa-manga (#5)",read,"TRIGGER WARNINGS!! Not for those that can't handle death whether suicide, murder, or accidental. <br/><br/>Brilliant writing. It’s flawless from start to end. It contains trauma wrapped in every life the main character Yijae Choi encounters. Mind you, the reason why he is even trapped and forced to endure each of these lives is his punishment for choosing suicide. He needs to understand from start to end that his decisions reflect on more than just him. Each life is carefully chosen and perfectly executed. Executed might not be the best phrase here, but whatever. It had me gripping my seat from start to end. <br/><br/>The goal of the author and artist was absolutely covered and they hit it on the mark.<br/>There is only ONE of you. Only ONE life.",,,1,0
56130712,"네가 죽기를 바랄때가 있었다 1 [Nega Juggireul Baralddaega Isseossda 1] (Wished You Were Dead [Novel], #1)",Jin Seo,"Seo, Jin","Oneul, 진서, 오늘","=""""","=""9791132583745""",3.0,루시노블,ebook,,2020,2020,2024/02/10,2024/02/10,"manhwa, light-novel-translations, official-translations, favorite-manhwa-manga","manhwa (#112), light-novel-translations (#35), official-translations (#21), favorite-manhwa-manga (#4)",read,"Currently reading the webtoon translation:<br/><br/>I'll count this as volume 1: <br/>""The King Hates the Queen"" 1-10<br/><br/>The initial step up has me questioning whether this king really is intelligent. He isn't quick on the uptake at all. At first, it was essentially a version of Remarried Empress but now it's just disappointing me... The clear signs of abuse the Queen is experiencing and the King is just blinded by his rage and anger towards her father is just incomprehensible. Like hate on her father, that's fair we all don't like him and he's do nothing to us. However, the King is taking out his anger on Evonne and it's heartbreaking. She's being used by both sides (and I'm starting to think the same for the concubine being in on it as well). <br/><br/>I'll give my predictions:<br/>The King's buddy from the past is 100% Evonne who was just dressed as a boy back then. She saved or helped him, but he can't remember anything about her. <br/><br/>The concubine is under a contract with the King, but that one scene where she says she's become the King's pawn in a moment of desperation is giving me the vibes that she's playing 4d chess. She might love the King but is playing it off at least to retain some power for her family's name. She might have made her own letter depicting the poisoning and made sure the Queen had the poisoned glass.<br/><br/>Evonne knowing full well her glass was poisoned... and still drinking it... girlie wanted to die off from this life. I really feel for her and her suffering. She can't leave the palace not out of greed, but her father ain't gonna take her back. Who in their right mind would shelter a deposed queen? She has no where to go... Telling Evonne to disappear is the equivalent of telling her to die if she wants out. <br/><br/>King acting love sick? Give me a break, he has no right to feel for Evonne after what he put her through. Now him, using her feelings and disadvantage to his benefit, disgusts me. He's playing her and he even acknowledged that it would be cruel of him to take everything from her and he STILL does it..<br/><br/>This is gonna be a long read. Hopefully, it gets better for Evonne, the misunderstandings are pissing me off.",,,1,0
60898844,"아빠, 나 이 결혼 안할래요! 1 [Appa, Na I Gyeolhon An Hallaeyo! 1]",Yuri .,"., Yuri","유리, Roal, Hong Heesu, 홍희수","=""""","=""9791191145571""",3.0,씨엔씨레볼루션 ,Paperback,296,2022,2022,2025/07/27,2024/05/31,"manhwa, favorite-books, favorite-manhwa-manga","manhwa (#118), favorite-books (#2), favorite-manhwa-manga (#1)",read,"Volume 1<br/>Chapters 1-14<br/><br/>We start with Jubelian’s tragic end, a brutal culmination of misunderstandings and neglect. After being sent back in time, we’re quickly shown the central problem: her and her father’s complete inability to communicate.<br/><br/>Mikhail, the original male lead, is introduced and is so clearly unhinged it’s baffling he was ever seen as romantic interest material.<br/><br/>Then enters Max—who tries to assassinate her in her sleep—and whom Jubelian hilariously mistakes for her dad’s favorite student. Naturally, he starts falling for her soon after.<br/><br/>A dramatic, chaotic, and ironically romantic start. Definitely a fun ride ahead.",,,1,0
8230409,"Kamisama Kiss, Vol. 1 (Kamisama Kiss, #1)",Julietta Suzuki,"Suzuki, Julietta",,"=""1421536382""","=""9781421536385""",0,VIZ Media,Paperback,200,2010,2008,,2026/01/06,to-read,to-read (#432),to-read,,,,0,0
60872395,"Cursed Princess Club, vol. 1",LambCat,"LambCat, LambCat",,"=""1990259936""","=""9781990259937""",5.0,WEBTOON Unscrolled,Hardcover,288,2023,2023,2020/01/01,2025/07/06,official-translations,official-translations (#25),read,Very entertaining as well a fresh take at self love. It's very cute and enchanting to read for all the character's growth and plots. Looking forward to more!,,,1,0
219876054,Demon Copperhead,Barbara Kingsolver,"Kingsolver, Barbara",,"=""""","=""""",0,Harper,Kindle Edition,550,2024,2022,,2024/03/10,to-read,to-read (#431),to-read,,,,1,0
218126170,"The Knight and the Moth (The Stonewater Kingdom, #1)",Rachel Gillig,"Gillig, Rachel",,"=""0316582700""","=""9780316582704""",0,Orbit,Hardcover,389,2025,2025,,2025/12/31,to-read,to-read (#430),to-read,,,,0,0
59356616,"Six of Crows (Six of Crows, #1)",Leigh Bardugo,"Bardugo, Leigh",,"=""""","=""""",0,Henry Holt and Co. (BYR),Kindle Edition,498,2015,2015,,2024/10/29,to-read,to-read (#428),to-read,,,,1,0
63219094,"Fourth Wing (The Empyrean, #1)",Rebecca Yarros,"Yarros, Rebecca",,"=""""","=""""",0,Entangled: Red Tower Books,Kindle Edition,665,2023,2023,,2023/06/11,to-read,to-read (#427),to-read,,,,1,0
56951559,합법적 악역의 사정 [Habbeobjeog Ag-yeog-eui Sajeong] (The Tragedy of The Villainess),Flowing Honey,"Honey, Flowing","Maut, 꿀이흐르는, 무트","=""""","=""9791166640476""",4.0,로즈엔,ebook,2040,2021,2021,2023/12/07,2022/12/08,light-novel-translations,light-novel-translations (#31),read,,,,1,0
63209768,"살아남은 로맨스 1 (Surviving Romance, Vol. 1)",Lee Yeon,"Yeon, Lee",이연,"=""""","=""9791167791641""",0,YOUNGCOM(영컴) ,Unknown Binding,304,2022,,,2025/12/05,to-read,to-read (#426),to-read,,,,0,0
216187780,"My Secretly Hot Husband, Vol. 1",Gabi Nam,"Nam, Gabi","Harara, Jungyeon","=""""","=""9798400902758""",0,Ize Press,Paperback,304,2024,2022,,2025/08/03,to-read,to-read (#379),to-read,,,,0,0
124950497,Ikigai: The Japanese Secret to a Long and Happy Life,Héctor  García,"García, Héctor",Francesc Miralles,"=""""","=""""",0,,Unknown Binding,208,2017,2016,,2025/11/19,to-read,to-read (#425),to-read,,,,0,0
240293480,"Not Your Typical Reincarnation Story, Vol. 1",A-Jin,"A-Jin, A-Jin","DOYOSAY, David Odell, Lemonfrog","=""""","=""9798400904967""",0,Ize Press,Paperback,304,2026,2024,,2024/10/13,to-read,to-read (#321),to-read,,,,0,0
79602186,Wuthering Heights: Gilded Pocket Edition,Emily Brontë,"Brontë, Emily",,"=""1398812358""","=""9781398812352""",0,Arcturus,Hardcover,272,2022,,,2025/11/03,to-read,to-read (#424),to-read,,,,0,0
79602172,The Picture of Dorian Gray: Gilded Pocket Edition (Arcturus Ornate Classics),Oscar Wilde,"Wilde, Oscar",,"=""1398812323""","=""9781398812321""",0,Arcturus,Hardcover,224,2022,1890,,2025/11/03,to-read,to-read (#423),to-read,,,,0,0
40396153,Watching You,Lisa Jewell,"Jewell, Lisa",,"=""1501190083""","=""9781501190087""",0,Atria Books,Paperback,324,2019,2018,,2025/10/28,to-read,to-read (#422),to-read,,,,0,0
54017820,"Little Thieves (Little Thieves, #1)",Margaret  Owen,"Owen, Margaret",,"=""1250191904""","=""9781250191908""",0,Henry Holt and Co. (BYR),Hardcover,512,2021,2021,,2025/10/26,to-read,to-read (#421),to-read,,,,0,0
44421460,"Before the Coffee Gets Cold (Before the Coffee Gets Cold, #1)",Toshikazu Kawaguchi,"Kawaguchi, Toshikazu",Geoffrey Trousselot,"=""1529029589""","=""9781529029581""",0,Picador,Paperback,213,2019,2015,,2025/10/26,to-read,to-read (#420),to-read,,,,0,0
124932739,I Hope This Doesn't Find You,Ann Liang,"Liang, Ann",,"=""1338827154""","=""9781338827156""",0,Scholastic Press,Hardcover,320,2024,2024,,2025/10/26,to-read,to-read (#419),to-read,,,,0,0
214565614,The Buffalo Hunter Hunter,Stephen Graham Jones,"Jones, Stephen Graham",,"=""1668075083""","=""9781668075081""",0,S&S/Saga Press,Hardcover,448,2025,2025,,2025/10/26,to-read,to-read (#418),to-read,,,,0,0
212808316,"Wings of Starlight (Wings of Pixie Hollow, #1)",Allison Saft,"Saft, Allison",,"=""1368098452""","=""9781368098458""",0,Random House/Disney,Hardcover,400,2025,2025,,2025/10/26,to-read,to-read (#417),to-read,,,,0,0
212174157,"The Raven Scholar (Eternal Path Trilogy, #1)",Antonia Hodgson,"Hodgson, Antonia",,"=""152933988X""","=""9781529339888""",0,Hodderscape,Kindle Edition,656,2025,2025,,2025/10/26,to-read,to-read (#416),to-read,,,,0,0
221112396,Icing on the Murder (Baker Street Mystery #4),Valerie Burns,"Burns, Valerie",,"=""1496753410""","=""9781496753410""",0,Kensington Cozies,Kindle Edition,273,2025,2025,,2025/10/24,to-read,to-read (#415),to-read,,,,1,0
60898858,"아빠, 나 이 결혼 안할래요! 2 [Appa, Na I Gyeolhon An Hallaeyo! 2]",Yuri .,"., Yuri","유리, Roal, Hong Heesu, 홍희수","=""""","=""9791191145588""",4.0,씨엔씨레볼루션,Paperback,296,2022,2022,2025/07/28,2025/06/25,manhwa,manhwa (#39),read,"Season 2 is chapters 54-91!<br/><br/>What a roller coaster! The big reveal and all the side characters' backstories are as interesting as Max, Jubel and Jubel's father's. I enjoyed every moment of this season probably even more than the first season.<br/><br/>The past was filled with misunderstandings but this new future is just as complicated.<br/><br/>-- Rereading! Season 2 is apparently 15-31.<br/><br/>Either way, I'm noticing just how expressive and adorable the male lead (Max) is again. He is such a hot cold character, but love it nontheless. Legis on the otherhand a solid father figure. Everyone is way too attractive in this.",,,1,0
209580863,악녀를 죽여 줘 2 [Agnyeoreul Jugyeo Jwo 2],Haegi,"Haegi, Haegi","해기, Your April, 사월생","=""""","=""9791193549995""",5.0,디앤씨웹툰비즈,Paperback,296,2024,2022,2022/12/13,2025/06/25,manhwa,manhwa (#48),read,"Eris is so consistent in her convictions to leave this world makes me so proud of her. She is unlike most other female leads. She doesn't sit around and adapt to her shitty role. She actively works against it with her life on the line. <br/><br/>Like seriously, she hates everyone in this world so it makes sense for her to leave as desperately as she is trying to. Her goal is to gain an understanding of the other characters and use them to achieve her motives: leave this world. It's a breath of fresh air. Who would have known craving the death of the main character you're reading about would be so satisfying and heartbreaking? I want Eris to escape not because I grew to hate her but because of the complete opposite. I wish to see her happy genuinely without fear or pain. If that means she needs to die, then please do.<br/><br/>Ankin is too good for these people. He deserves his own happily ever after with Eris after she escapes the story. It doesn't look like the story is heading in that direction, but I digress. Ankin is ever loyal and charming. His constant care for his master warms my heart and also breaks it. You can tell the ""lovely feelings"" are all there without saying the words. I want closure but I fear how that would play out. Confessing wouldn't exactly hinder Eris' plans, but they aren't going to continue blossoming. It's a situation like nipping a bud before it's ready to bloom; the pain of separating will be greater than my heart can bear. <br/><br/>The prince. It's undeniable how worthless he's become with every appearance. Just calling him 'trash' would be too high of a compliment for him. I loathe every interaction he has with anyone. It's a pity Helena is paired with him. I do hope his worthless face gets wiped off the map. I would love to continue bashing that 'thing', but it would take years. I will settle by simply saying he is worth none of my time and energy. When he is dead, no tears should be shed. It's not worth it.<br/><br/>On to season 3! Looking forward to Eris' plan of ultimate revenge and also hopefully (&sadly) bringing an end to 'Lady Eris' in this world.",,,1,0
125161240,My Clueless First Friend 04,Taku Kawamura,"Kawamura, Taku",,"=""164609686X""","=""9781646096862""",5.0,Square Enix Manga,Kindle Edition,288,2023,,2023/05/08,2023/05/08,manga,manga (#18),read,Volume 4 Chapter 41-50 Complete!<br/><br/>This volume is about the school sports festival and all the races and class competitions wrapped into one. We already know Takada is a very fast runner and it’s already determined that he would be participating in the baton race. <br/><br/>Then there’s a sudden twist! He breaks his arm trying to save Nishimura! She’s overrun with guilt but also makes a realization that she wants to be discovering and living out her youth with him. Not just have him do things for her. <br/><br/>I love the bully redemption arc that takes place within this volume as well and it’s interesting and adorable in its own right.<br/><br/>Kasahara isn’t so bad after all.,,,1,0
94351565,Mon amie des ténèbres T06,Taku Kawamura,"Kawamura, Taku",Anne-Sophie Thévenon,"=""2373497670""","=""9782373497670""",4.0,Nobi Nobi,Paperback,119,2022,,2023/05/08,2023/05/08,manga,manga (#16),read,"Volume 6 Chapters 61-74<br/><br/>New Years prayers, snow day shenanigans and finally parents day at school. It's very lovely all an all. I do wonder what he wished specifically on that day at the temple. I wonder if the scorpion gang will every stop bothering Nishimura's peaceful life with her friends. <br/><br/>Taiyo's dad... The big reveal was amazing.",,,1,0
55221866,ロマンティック・キラー 4 [Romantic Killer 4],Wataru Momose,"Momose, Wataru",,"=""""","=""""",4.0,集英社 [Shūeisha],Kindle Edition,186,2020,,2023/02/05,2023/03/06,manga,manga (#36),read,It was a nice final to end it all. It's not clear who won this fight but hey it was never a romantic challenge anyway! I enjoyed the read and I wonder if there will be more coming after this because it will be interesting to see how this will develop from this point onward. <br/><br/>I enjoyed it and do recommend either watching (Netflix) or reading this if you're interested to see someone challenge every clique romantic plot point in all history. I enjoyed this casual read (and the watch to follow along as I read).,,,1,0
60860523,"외과의사 엘리제 4 (Doctor Elise: The Royal Lady with the Lamp, Vol. 4)",Yuin,"Yuin, Yuin","유인, Mini","=""1129382222""","=""9791129382221""",5.0, 파인툰,Paperback,288,2021,2020,2021/08/30,2022/12/30,manhwa,manhwa (#35),read,"Hands down one of the best-completed manhwa's out there. <br/>Having lived life like a spoiled brat and died a miserable death, Elise reincarnates into the modern world where she is alone with no family to call her own. She works harder than most and climbs her way to the top in the medical profession. One day on an airplane, she is suddenly met with turbulence and dies and finds herself back into her original life as Elise. Not wanting the same fate as her first life, she quickly starts making changes to her life for the better. <spoiler> She not only gets the main lead this time but saves countless lives on the battlefields and through medical science. ""Mother of Modern Medicine"" ""Lady with the lamp""<- refers to her time spent caring for wounded soldiers during the war. She's honestly so inspiring! </spoiler><br/>The main character Elise is a hard worker and deserves the best in the world. The main leads complement each other so well and all of the supporting characters are so loveable as well. There were moments of bliss and heartache throughout the entire 143 chapters. I seriously can't believe it took me so long to sit down and write a review on this work of art.",,,1,0
56394035,彼女が公爵邸に行った理由 4 (フロース コミック) [Kanojo ga Kōshaku-Tei ni Itta Riyū 4],Whale,"Whale, Whale",,"=""""","=""""",5.0,KADOKAWA,Kindle Edition,192,2020,2020,2021/12/04,2025/05/08,manhwa,manhwa (#73),read,"Alright, Final Season 4 (chapters 122-148) plus side stories completed!!<br/><br/>What a journey... This was one of the better reads of the year by far. It took a while to get through but the attention to detail on this was amazing. I love the lovey scenes this season haha. It, in the end, was very satisfying and I'm a sucker for soulmates forever even in a different life story. I enjoyed it and do recommend this since again it's completed entirely. It's well worth your time and energy. <br/><br/>Main Female Lead Raeliana isn't a pushover and never has been. She takes charge and puts her words into action (she can shoot a gun with no problem) she won't sit back and let someone step all over her. Main Male Lead Noah has never been a tragic character (no childhood issues and even has a sweet older brother) but his heart-warming up to Raeliana over time just makes me so happy. It's a book filled with strong characters all with them serving their parts well and overall happy with the structure of the story as well.",,,1,0
56393946,彼女が公爵邸に行った理由 3 (フロース コミック) [Kanojo ga Kōshaku-Tei ni Itta Riyū 3],Whale,"Whale, Whale",Milcha,"=""""","=""""",5.0,KADOKAWA,Kindle Edition,160,2019,2019,2021/12/03,2025/05/08,manhwa,manhwa (#74),read,Season 3 chapters 81-121 completed!<br/><br/>This was such an eye-opening season... The truth of the world is starting to unravel and I'm not sure how I'm gonna be able to take it. Noah is starting to open up to a new side of Raeliana and the same goes for her as well. I'm also so so glad that the mystery behind Beatrice is starting to build up tension in the manga now also. <br/><br/>Things are changing in this world and fast. Events that were not meant to happen yet are arriving faster and Beatrice is making her move into the main story now at this point. I'm not sure why things are happening the way they are but I can not wait till this all boils over.. for better or worse I'm looking forward to the new season as well as dreading how it will unfold.,,,1,0
52113047,古見さんは、コミュ症です。 volume 13,Tomohito Oda,"Oda, Tomohito",オダトモヒト,"=""409129166X""","=""9784091291660""",5.0,小学館,Paperback,189,2019,2019,2022/01/02,2022/01/09,manga,manga (#56),read,"Rei is a sweetheart! Rei is having trouble adjusting to all the different environments and people because of her parents moving around so often for work. Rei lashes out in anger that she shouldn't be friends with anyone since they will all forget her anyway or she will have to move on regardless of the bonding. Eventually, Komi and Rei do sync and begin communicating very well. It was like a sisterly bond and it was really endearing!<br/><br/>I do hope Rei will have a lot of fun making as many friends as Osana all over the globe and come back to visit Komi again soon. There were really sweet moments together like playing together and sleeping to comfort the other. The only thing I gotta say is that the mock pokemon were creepy funny as hell and that Shosuke is boss at being good a random sh**. Like who the hell is good at engraving rice... He's another level and I understand Rei's fascination with him. I truly am amused by him too.",,,1,0
60860513,"외과의사 엘리제 3 (Doctor Elise: The Royal Lady with the Lamp, Vol. 3)",Yuin,"Yuin, Yuin","유인, Mini","=""1129375684""","=""9791129375681""",5.0, 파인툰,Paperback,272,2021,2019,2021/08/30,2022/12/30,manhwa,manhwa (#36),read,,,,1,0
60860497,"외과의사 엘리제 2 (Doctor Elise: The Royal Lady with the Lamp, Vol. 2)",Yuin,"Yuin, Yuin","유인, Mini","=""1129371352""","=""9791129371355""",5.0, 파인툰,Paperback,272,2021,2018,2021/08/30,2022/12/30,manhwa,manhwa (#38),read,,,,1,0
61062246,"Why Raeliana Ended Up at the Duke's Mansion, Vol. 2",Whale,"Whale, Whale","Milcha, David Odell","=""1975341104""","=""9781975341107""",5.0,Yen Press,Paperback,272,2022,2018,2021/11/18,2025/05/08,manhwa,manhwa (#75),read,"Chapters 51-87 are complete!<br/><br/>Raeliana's soul is rejecting her new body and it seems that it has something to do with the bigger plot of the story (A dark sorceress being manipulated by a candidate of the King). The original FL might actually be connected to Raeliana also since in the short moment she appeared (<spoiler>it's mentioned that she fainted right after we know Raeli also fainted for 10 days</spoiler>). <br/><br/>I love-hate the awkward moments both Raeli and the Duke share. Taylor isn't in the story often enough to make up for the sadness of the situation, but his Holiness is back this season! He is truly a sweet soul and I love how understanding/comforting he is for Raeli. <br/><br/>I do have to say Sir Wheaton really stepped it up this season. His reactions and involvement in the shadows I gotta love it. He's just too funny and sweet. I thoroughly enjoyed him more this time around.<br/><br/>Jason head of the royal guard is overstepping so many of his boundaries. He knows very well Raeli's complicated situation but he insists on only courting someone who's taken. Duke is really really harsh towards his supposed competition. <spoiler>""It looks like it isn't Raeliana's. What I mean is, what you have around your neck, cannot possibly belong to Raeliana."" Duke becoming more and more possessive each season. </spoiler>",,,1,0
58640519,"The Abandoned Empress, Vol. 2",Ina,"Ina, Ina",Yuna .,"=""197533728X""","=""9781975337285""",4.0,Yen Press,Paperback,260,2022,2019,2021/10/21,2023/01/16,manhwa,manhwa (#28),read,Season Two Chapters 47-87 completed! I really don't like how Allendis is getting so obsessed with Aristia! He honestly is so two-faced and fake with Aristia that it's frustrating me. I'd like it a lot more if he was as he is with everyone else towards her. It would be a hell lot more respectful of all the trust she puts in him. I like her dynamic with Carsein a heck lot more. He is very straightforward and is the same with everyone. He works hard towards his ambitions while keeping true to his personality and self when he's around Aristia. I'm looking forward to the next season (3rd) with Carsein is on the cover with her. Even if Carsein isn't her match romantically he beside her as a loyal friend and companion are enough for me. Allendis needs to take a few steps back on the other hand. He's just giving me weird possessive and controlling vibes since the first season with his and Carsein's face off. <br/><br/>The prince is interesting. He's just as dull as you'd expect with little to go on him. He's just changing and noticing Aristia more now in this life because she's acting differently. She is different hence he's changed too. It would have been better to see Aristia controlling the situation with the same attitude as in the past life. Not really attitude but personality. Her Ice Queen nature shouldn't have disappeared completely resulting in a completely new Aristia. If we saw the prince falling for the original Ice Queen and her rejecting him still would have been a far more satisfying result of her second life.,,,1,0
45677512,古見さんは、コミュ症です。 volume 12,Tomohito Oda,"Oda, Tomohito",オダトモヒト,"=""4091288022""","=""9784091288028""",3.0,小学館,Paperback,192,2019,2019,2022/01/02,2022/01/09,manga,manga (#57),read,"This volume wasn't spent proactively making new friends, just spending some time with her current friend group. The little game they played all the way to the beach was fun to see. I ship Naruse and Ase.. they seem very cute together.. <br/><br/>TadanoXKom is a slow struggle. Manbagi is cute but she isn't the perfect match for Tadano. It's gonna hurt like ripping off wax... Cause Komi and her are very close and having those feeling grow will only hurt them both and heart isn't ready. Seems like the same goes for the author since we have a new little arc coming up. <br/><br/>Rei is new character introduced towards the end of the volume!",,,1,0
43467763,古見さんは、コミュ症です。 volume 11,Tomohito Oda,"Oda, Tomohito",オダトモヒト,"=""4091285902""","=""9784091285904""",5.0,小学館,Paperback,192,2018,2018,2021/12/31,2022/01/09,manga,manga (#58),read,"This volume is a favorite.<br/><br/>Cold and in an isolated cabin with rain outside and a single blanket to share? Yet Komi and Tadano are progressing like ants.. Not that that is bad or anything, just don't your hopes up. The younger Komi-Tadano couple also get the limelight for a little moment. Hence I'm satisfied with the volume~.",,,1,0
43467755,古見さんは、コミュ症です。 volume 10,Tomohito Oda,"Oda, Tomohito",オダトモヒト,"=""409128390X""","=""9784091283900""",5.0,小学館,Paperback,192,2018,2018,2021/12/30,2022/01/09,manga,manga (#59),read,"New year, New class, New People. <br/><br/>Big changes happened this Volume! We are met with a new class full of new people and some old which will be a challenge to both Komi and Tadano. One Komi's journey to 100 friends we will surely meet with a lot more diverse characters and first up is Manbagi!<br/><br/>Komi's first friend without Tadano's assistance. This was such a pivotal moment. I am so proud of Komi! Manbagi is so so much better off without all that makeup, why did no one stop this poor child!? I do sense some love-triangle brewing so I'm not sure where this will go other than heartbreak... but this is the first friendship without Tadano's help (;_;)...",,,1,0
43467751,古見さんは、コミュ症です。 volume 9,Tomohito Oda,"Oda, Tomohito",オダトモヒト,"=""4091282547""","=""9784091282545""",3.0,小学館,Paperback,192,2018,2018,2021/12/30,2022/01/09,manga,manga (#60),read,"Valentine's is the most anticipated event of high school. The poor guys waiting for their own chocolates (but probably wouldn't get any) and then the girls happily handing them out like goddesses. Yamai.. she's getting creepier and creepier each time I see her on scene. I wish I could forget her, but she's made it to the cover this volume (the one on the floor trying to get an upskirt shot of Komi). <br/><br/>Tadano and Komi moments are cute. but I have to say some of these Katai and Tadano bro moments got me haha. <br/><br/>I'd enjoy it a lot more without a certain person..",,,1,0
52758148,"Komi Can't Communicate, Vol. 8",Tomohito Oda,"Oda, Tomohito",,"=""1974707199""","=""9781974707195""",3.0,VIZ Media LLC,Paperback,192,2020,2018,2021/12/29,2022/01/09,manga,manga (#61),read,The standard Kyoto Class Trip! It's not too memorable but the scene with the guys all being guys... It got me cracking up for a minute. <br/><br/>We have a new character Naruse the Narcissist for this volume! We also get a cute Kometani the Commenter. Naruse talks but doesn't listen (yet another communication issue here..) Kometani is just struggling from the sidelines as we watch Naruse fail to woo Komi (LOL main character of his own little world). It's good to see Tadano's own friend group slowly increase with the addition of new characters too.,,,1,0
52758160,"Komi Can't Communicate, Vol. 7",Tomohito Oda,"Oda, Tomohito",,"=""1974707180""","=""9781974707188""",4.0,VIZ Media LLC,Paperback,192,2020,2017,2021/12/29,2022/01/09,manga,manga (#62),read,"The snowfall fight was everything.. Silent Killer Komi is just utter perfection. Yamai's fatal flaw to take out her own teammates to indulge Komi backfires and it's a moment to cherish. <br/><br/>Christmas party at Komi's place clashes with Komi's BDay! Komi goes out on a shopping spree with her brother and just like with her father's shopping day this was a sweet moment as well. I love Komi's reaction to the bday gift. its the highlight of the volume for me. <br/><br/>Tadano and Komi's relationship haven't progressed much, but the slow build-up is definitely well worth it for the smaller moments they share.",,,1,0
53088943,"Komi Can't Communicate, Vol. 6",Tomohito Oda,"Oda, Tomohito",,"=""1974707172""","=""9781974707171""",5.0,VIZ Media LLC,Paperback,192,2020,2017,2021/12/29,2022/01/09,manga,manga (#63),read,"The maid cafe is done and to celebrate (though due to a certain someone causing trouble with ticket sales Komi's class doesn't win) everyone goes to Karaoke, perfect for Komi who can barely converse a few sentences. <br/><br/>The 3 delinquents' delusions of lovely interactions with the girls of the class are interesting. Some are honestly very cute and I would happily ship where others are a bit too delusional.<br/><br/>Katai is a new character! He struggles like Komi, but unlike the elegant queen herself Katai comes off as a straight-up gangster... He looks terrifying and his inability to communicate just put that over the top. Luckily, we have our room reader Tadano to be his best friend and ease him into class and school. Katai is delusioned to think that Komi-san is his Master giving him the staredown, but she is equally as terrified as anyone else (minus Tadano cause he's Tadano). He's fun and and new dynamic character for the school setting I can't wait to see more of him. <br/><br/>My favorite moments had to be the Cat Cafe with Chocolate and the hot potatoes scene..",,,1,0
35994623,"古見さんは、コミュ症です。volume 5 (Komi-san wa Komyushou Desu., #5)",Tomohito Oda,"Oda, Tomohito",オダトモヒト,"=""4091276644""","=""9784091276643""",4.0,Shogakukan,ebook,188,2017,2017,2021/12/29,2022/01/09,manga,manga (#64),read,"Komi experiences jealousy! I like that Komi is at least aware of her growing fondness and romantic feelings towards Tadano. There are a lot of dense characters out there and Komi isn't one, thankfully. She notices Onemine getting closer to Tadano and as a twist {<spoiler> Onemine figures out pretty quickly that Komi like likes Tadano more than a friend and Onemine like a big sister supports the ship! Gotta love girls supporting other girls! </spoiler>} <br/><br/>I have to say this one pretty much finalized my ships for the potential future. I'm hooked to the storyline and have to see where it goes from this point on. Tadano for being just another guy, is surprisingly good at crossdressing (lol). It's just too funny knowing the community pokes fun at these moments too often as well as being mentioned on these reviews also. It's practically the comedic highlight of the whole volume!",,,1,0
43909466,"Komi Can't Communicate, Vol. 4",Tomohito Oda,"Oda, Tomohito",,"=""1974707156""","=""9781974707157""",5.0,VIZ Media LLC,Paperback,188,2019,2017,2021/12/29,2022/01/09,manga,manga (#65),read,I really enjoyed this one! There was a single character introduced but otherwise no new people but more development! I think a small moment I really liked from the start of volume 4 had to be when Komi asked if Shouske (her brother) was hot (from the summer weather) and he looked back not knowing if he had just imagined her talking or not. And little komi melting a little (from the heat) waiting for a response that he doesn't know was asked of him. <br/><br/>I guess I'm a fan of summer chapters coming to an end to start a new year at school. The gang is back together again! The sports festival plot was nice though as usual tadano is just tadano. Komi excels but surprises me at the end. Her group of friends supporting her is quite heartwarming. <br/><br/>I enjoyed this one a little more than the previous volume.,,,1,0
42870329,"Komi Can't Communicate, Vol. 2",Tomohito Oda,"Oda, Tomohito",,"=""197470713X""","=""9781974707133""",4.0,VIZ Media LLC,Paperback,192,2019,2016,2021/12/28,2021/12/28,manga,manga (#68),read,"Komi still can't communicate in Volume 2! <br/><br/>I continued to enjoy the second volume after the first. The introduction of all the different students (and their respective genre tropes) is quite amusing. Some are a delight to read about but others don't really sit well with me. The borderline psychotic/perverted one is unsettling to say the least (Though she does serve her purpose in dark comedy)<br/><br/>I continue to really love Komi's personality and character. She is a beauty not gonna lie there, but there is much more to her than just her face. Her sweetness and determination melt my heart. Komi really deserves the world. <br/><br/>Najimi is growing on me since the first volume and Tadano has a place in my heart. Najimi pushes the story forward in unexpected ways with all their randomness. It's never a quiet boring day with them. Tadano is a cinnamon roll. I adore him for how supportive he is of everyone, especially Komi.",,,1,0
17061,Coraline,Neil Gaiman,"Gaiman, Neil",Dave McKean,"=""0061139378""","=""9780061139376""",4.0,William Morrow Paperbacks,Paperback,208,2006,2002,2020/08/07,2020/08/03,book-physical,book-physical (#19),read,"The novel started off slow to emphasize Coraline’s, not Coroline, life in an attempt to juxtapose her extremely to a life she actually wants. It’s interesting to see how though she likes the other world, she prefers her real parents and refuses the affection of the other mother adamantly. Her personality is not one that I relate to well, but she does have her moments to shine. I especially loved her telling of the story of her father and the wasps and how she described what it means to be brave.“When you’re scared but you still do it anyway, that’s brave.” It’s for that reason that she faces what she must in order to bring her life back to normal. A good little book ensnared in a web of wonder and fantasy. I’m intrigued by the mystery and magic that surrounds the corridor between the two worlds and the little pocket dimension inside the well. A fantastic book for a little night scare. I remember when I was little that I was absolutely entranced by the movie and how I begged my parents to let me watch it over and over. After growing up, I’ve learned to appreciate the beauty of the whole affair even more than before. The movie and the book in their own merit hold up to be so much more than the eye can see.",,,1,0
127306440,"What Feasts at Night (Sworn Soldier, #2)",T. Kingfisher,"Kingfisher, T.",,"=""1250830850""","=""9781250830852""",0,Tor Nightfire,Hardcover,151,2024,2024,,2025/10/25,to-read,to-read (#414),to-read,,,,0,0
222490389,Alchemised,SenLinYu,"SenLinYu, SenLinYu",,"=""0593972708""","=""9780593972700""",0,Del Rey,Hardcover,1030,2025,2025,,2025/10/24,to-read,to-read (#413),to-read,,,,0,0
195790597,"When Among Crows (Curse Bearer, #1)",Veronica Roth,"Roth, Veronica",,"=""1250855489""","=""9781250855480""",0,Tor Books,Hardcover,166,2024,2024,,2025/10/24,to-read,to-read (#412),to-read,,,,0,0
217388302,Hemlock & Silver,T. Kingfisher,"Kingfisher, T.",,"=""1250342031""","=""9781250342034""",0,Tor Books,Hardcover,368,2025,2025,,2025/10/23,to-read,to-read (#411),to-read,,,,0,0
210482187,Variation,Rebecca Yarros,"Yarros, Rebecca",,"=""1662514697""","=""9781662514692""",0,Montlake,Kindle Edition,459,2024,2024,,2025/10/03,to-read,to-read (#410),to-read,,,,1,0
75633713,"내 남자 주인공의 아내가 되었다 1 (Author of My Own Destiny, Vol. 1)",Jeokbal,"Jeokbal, Jeokbal",Winterleaf,"=""""","=""9791140456062""",0,파인툰(FineToon),Paperback,292,2023,2023,,2025/10/14,to-read,to-read (#409),to-read,,,,0,0
13079982,Fahrenheit 451,Ray Bradbury,"Bradbury, Ray",,"=""""","=""""",0,Simon & Schuster,Mass Market Paperback,249,2011,1963,,2020/12/01,to-read,to-read (#408),to-read,,,,1,0
125925630,山田くんとLv999の恋をする 7 [Yamada-kun to Lv999 no Koi wo Suru 7],Mashiro,"Mashiro, Mashiro",ましろ,"=""""","=""""",4.0,Kadokawa,Kindle Edition,194,2023,2023,2024/05/30,2023/05/04,manga,manga (#97),read,"Volume 7 chapters 63-74 complete!<br/><br/>The sleep deprivation for an annoying neighbor is relatable, but moving this man to paranoia is wild!<br/><br/>This volume was a bit ✨spicy✨. Yamada and Akane's interactions are genuinely clear and straightforward with each other. The communication they have together is goals.  <br/><br/>All in all, my favorite chapter probably had to be 71. It's endearing to see Tsubaki start moving on from Yamada and enjoy Akane's company wholeheartedly without reservations. I'm 100% shipping Tsubaki and her guy friend together. He really loves and cherishes Tsubaki's feelings above all else.",,,1,0
221230267,山田くんとLv999の恋をする 10 [Yamada-kun to Lv999 no Koi wo Suru 10],Mashiro,"Mashiro, Mashiro",ましろ,"=""4046841257""","=""9784046841254""",0,Kadokawa,Paperback,170,2024,2024,,2025/10/03,to-read,to-read (#407),to-read,,,,0,0
204167162,"Good Living Guide to Healing Drinks: Juices, Smoothies, Broths & Herbal Teas",Jennifer Browne,"Browne, Jennifer",,"=""1680999265""","=""9781680999266""",2.0,Good Books,Hardcover,248,2024,,2025/04/12,2025/07/12,magazines-guides-diys,magazines-guides-diys (#2),read,Honestly it was an ok read through. I had hoped for more recipes for each ailment but it was formatted well and the research links to support every claim was helpful. I’ve bookmarked specific recipes but majority of the time I spent looking at the lists of foods per ailment to start planning my own meals and drinks. It was a good starting point but just not exactly as I’d hoped would have been covered.,,,1,0
51086632,"Blue Flag, Vol. 1",Kaito,"Kaito, Kaito",Adrienne Beck,"=""1974713016""","=""9781974713011""",0,VIZ Media LLC,Paperback,224,2020,2017,,2025/10/03,to-read,to-read (#406),to-read,,,,0,0
213075628,When the Tides Held the Moon,Venessa Vida Kelley,"Kelley, Venessa Vida",,"=""1645661539""","=""9781645661535""",0,Erewhon Books,Hardcover,464,2025,2025,,2025/09/18,to-read,to-read (#405),to-read,,,,0,0
45300567,The Maidens,Alex Michaelides,"Michaelides, Alex",,"=""1250304458""","=""9781250304452""",0,Celadon Books,Hardcover,337,2021,2021,,2025/09/18,to-read,to-read (#404),to-read,,,,0,0
236570177,よくある令嬢転生だと思ったのに 1 (Not Your Typical Reincarnation Story #1),A-Jin,"A-Jin, A-Jin","DOYOSAY, Lemonfrog","=""4046849290""","=""9784046849298""",0,Kadokawa,Comic,200,2025,2025,,2025/09/16,to-read,to-read (#403),to-read,,,,0,0
231560825,The Ending Writes Itself,Evelyn Clarke,"Clarke, Evelyn",,"=""0008739285""","=""9780008739287""",0,HQ,Kindle Edition,340,2026,2026,,2025/09/12,to-read,to-read (#402),to-read,,,,0,0
13537029,The Song of Achilles,Madeline Miller,"Miller, Madeline",,"=""""","=""""",0,HarperCollins,Kindle Edition,351,2012,2011,,2025/09/08,to-read,to-read (#401),to-read,,,,0,0
23513349,Milk and honey,Rupi Kaur,"Kaur, Rupi",,"=""1502784270""","=""9781502784278""",0,Createspace Independent Pub,Paperback,204,2014,2014,,2025/09/07,to-read,to-read (#400),to-read,,,,0,0
232209420,Women of a Promiscuous Nature,Donna Everhart,"Everhart, Donna",,"=""1496740726""","=""9781496740724""",0,Kensington,Paperback,368,2026,2026,,2025/09/07,to-read,to-read (#399),to-read,,,,0,0
211479192,Water Moon,Samantha Sotto Yambao,"Yambao, Samantha Sotto",,"=""0593724992""","=""9780593724996""",0,Del Rey,Hardcover,374,2025,2025,,2025/09/07,to-read,to-read (#398),to-read,,,,0,0
220458657,The Bewitching,Silvia Moreno-Garcia,"Moreno-Garcia, Silvia",,"=""0593874323""","=""9780593874325""",0,Del Rey,Hardcover,357,2025,2025,,2025/09/07,to-read,to-read (#397),to-read,,,,0,0
239052933,Anatomy of an Alibi,Ashley Elston,"Elston, Ashley",,"=""0593834453""","=""9780593834459""",0,Pamela Dorman Books,Hardcover,340,2026,2026,,2025/09/07,to-read,to-read (#396),to-read,,,,0,0
218515947,"Blood of Hercules (Villains of Lore, #1)",Jasmine Mas,"Mas, Jasmine",,"=""1335474730""","=""9781335474735""",0,Canary Street Press,Hardcover,512,2025,2024,,2025/09/07,to-read,to-read (#395),to-read,,,,0,0
231936454,The Thursday Murder Club (Thursday Murder Club #1),Richard Osman,"Osman, Richard",,"=""0593513037""","=""9780593513033""",0,Penguin Books,Paperback,384,2025,2020,,2025/09/07,to-read,to-read (#394),to-read,,,,0,0
222377009,"The House in the Cerulean Sea (Cerulean Chronicles, #1)",T.J. Klune,"Klune, T.J.",,"=""1250394546""","=""9781250394545""",0,Tor Books,Paperback,432,2025,2020,,2025/09/07,to-read,to-read (#393),to-read,,,,0,0
237687965,Discontent,Beatriz Serrano,"Serrano, Beatriz",Mara Faye Lethem,"=""""","=""9798217006762""",0,Vintage,Paperback,192,2025,2023,,2025/09/05,to-read,to-read (#392),to-read,,,,0,0
61827543,"Vera Wong's Unsolicited Advice for Murderers (Vera Wong, #1)",Jesse Q. Sutanto,"Sutanto, Jesse Q.",,"=""0593549228""","=""9780593549223""",0,Berkley,Paperback,339,2023,2023,,2025/09/02,to-read,to-read (#391),to-read,,,,0,0
34273236,Little Fires Everywhere,Celeste Ng,"Ng, Celeste",,"=""0735224293""","=""9780735224292""",0,Penguin Press,Hardcover,338,2017,2017,,2025/08/29,to-read,to-read (#390),to-read,,,,0,0
59552820,"버린 쓰레기는 다시 줍지 않는다 1 [Beorin Sseuregineun Dasi Jubji Anhneunda 1] (Don't Pick Up What You've Thrown Away [Novel], #1)",A Hungry Night,"Night, A Hungry",배고픈밤,"=""""","=""9791167380012""",0,에이블,ebook,,2021,2021,,2025/08/27,to-read,to-read (#389),to-read,,,,0,0
199793628,Death at Morning House,Maureen Johnson,"Johnson, Maureen",,"=""0063255952""","=""9780063255951""",0,HarperCollins,Hardcover,384,2024,2024,,2025/08/18,to-read,to-read (#388),to-read,,,,0,0
61718053,Happy Place,Emily Henry,"Henry, Emily",,"=""0593441273""","=""9780593441275""",0,Berkley,Hardcover,388,2023,2023,,2025/08/16,to-read,to-read (#387),to-read,,,,0,0
227848751,The Society of Unknowable Objects,Gareth  Brown,"Brown, Gareth",,"=""1787637263""","=""9781787637269""",0,Bantam,Hardcover,352,2025,2025,,2025/08/11,to-read,to-read (#386),to-read,,,,0,0
59834773,괴물 공작가의 계약 공녀 1 [Gwemul Gongjagga'eui Gyeyag Gongnyeo 1],MinJakk,"MinJakk, MinJakk","민작, Liaran, 리아란","=""""","=""9791135464867""",0,로크미디어,Paperback,256,2021,2021,,2021/11/14,to-read,to-read (#42),to-read,,,,0,0
98148557,버림 받은 황비 1 [Beorim Badeun Hwangbi 1],Ina,"Ina, Ina","인아, Yuna ., 정유나","=""""","=""9791189320003""",5.0,D & C Media,Paperback,256,2018,2018,2021/10/20,2025/08/11,manhwa,manhwa (#84),read,"Alrighty! I'm completed reading season one (Chapters 1-46). I found it refreshing to see how the MC female lead, Aristia, was actually part of the world the story takes place in and her 'role' is snatched by an outsider (a girl from another world). It was like watching Trashta and Sovieshu all over again at the start. The Ice Queen female lead was honestly enduring so much and it broke my heart to see how she was just slowly pushed to death by everyone. A prophecy proclaimed that she was the prince's partner yet when the time came she was easily replaced as a mere queen (one who did all the work for the Empress; the outsider was a whiny brat). Misunderstandings kept happening and honestly it was really the prince being a complete dirtbag to Aristia for no reason that built up to her losing everything... <br/>In her second life, she becomes closer to her family and friends and even meets new people. I can tell she has PTSD whenever the crown prince is around but he doesn't know what kind of trash he was towards her in the future. So seeing his confusion as to why she fears him is nice to see. On another note, I really like Carsein! He's straightforward and honest. He's the type to really give his all for those he values. The other kid Allendis... I don't know. I have mixed feelings about him. He's very obsessive and it doesn't look at all healthy. <br/><br/>All in all, I like the father-daughter relationship most! They have sweet moments and it warms my heart to see how much they care for each other. The two are getting along better than the first life and it makes me so happy to see her have more memories of her father together. <br/><br/>The season finale was fitting, to say the least. I was already wary of that kid so it was bound to happen sooner or later!<br/>",,,1,0
221604746,The House Saphir,Marissa Meyer,"Meyer, Marissa",,"=""125032095X""","=""9781250320957""",0,Feiwel & Friends,Hardcover,432,2025,2025,,2025/08/06,to-read,to-read (#385),to-read,,,,0,0
211081101,"The Bridge Kingdom (The Bridge Kingdom, #1)",Danielle L. Jensen,"Jensen, Danielle L.",,"=""0593975189""","=""9780593975183""",0,Del Rey,Paperback,448,2024,2018,,2025/08/06,to-read,to-read (#384),to-read,,,,0,0
220160814,Don't Let Him In,Lisa Jewell,"Jewell, Lisa",,"=""1668033879""","=""9781668033876""",0,Atria Books,Hardcover,361,2025,2025,,2025/08/06,to-read,to-read (#383),to-read,,,,0,0
231819058,The Intruder,Freida McFadden,"McFadden, Freida",,"=""1464260915""","=""9781464260919""",0,Poisoned Pen Press,Hardcover,279,2025,2025,,2025/08/06,to-read,to-read (#382),to-read,,,,0,0
222348800,The Wedding People,Alison Espach,"Espach, Alison",,"=""1250899575""","=""9781250899576""",0,Henry Holt and Co.,Hardcover,367,2024,2024,,2025/08/06,to-read,to-read (#381),to-read,,,,0,0
223889832,People We Meet on Vacation,Emily Henry,"Henry, Emily",,"=""0593956222""","=""9780593956229""",0,Berkley,Hardcover,373,2025,2021,,2025/08/06,to-read,to-read (#380),to-read,,,,0,0
228448092,"Father, I don't want this marriage T06",Yuri .,"., Yuri","Roal, Hong Heesu","=""2811688897""","=""9782811688899""",5.0,PIKA,Paperback,304,2025,2025,2025/07/31,2025/07/29,manhwa,manhwa (#121),read,"Volume 6 <br/>Chapters 81-96<br/><br/>Honestly, so much happened in this Volume from Beatrice's inclusion to Juvelle's fan club and a ton of lore drops on the Circe's Ring and Legis' past. We get to see characters at their lowest and their best, and it's all very emotional. It took a while for me to get through this volume, considering just how dense it was with the backstories and side characters' scheming. I'm not sure my heart is ready for what's to come, but the plot is just so well thought out and the characters' sadness breaks my heart, and happiness heals it..  I will need the ex-pycho Mikhail to rot in a dungeon, the empress to learn how she isn't qualified as a parent, and the Emperor to literally experience hell on earth. The rest deserve the world and all the love in the world. Imma need Legis to lock in and break this curse cause I can't be sobbing over another gravestone so soon.<br/><br/>The main trio is unmatched in terms of chaotic, lovely vibes, and I'm pleased to see how the story is progressing well past the original timeline's tragic end. ",,,1,0
197361615,"아빠, 나 이 결혼 안할래요! 5 [Appa, Na I Gyeolhon An Hallaeyo! 5]",Yuri .,"., Yuri","유리, Roal, Hong Heesu, 홍희수","=""""","=""9791192891552""",5.0,씨엔씨레볼루션,Paperback,296,2023,2023,2025/07/30,2025/07/29,manhwa,manhwa (#120),read,"Volume 5 <br/>Chapters 65-80<br/><br/>This volume broke me. I cried many times for our Fl's father, Legis. His story is heartwrenching and every single move he makes is in consideration of his daughter. Juvelle is starting to really care and see her father in a completely new light. It's enough to warm my heart. Then we see Max and Juvelle making some serious progress in this volume, too!! They finally resolve a serious misunderstanding about Max's identity and it was one of the highlights. Mikhail is an insect and he needs to learn to keep his grubby hands off the princess and juvelle (he will die by Max's hands at this rate from how often he narrowly survives each encounter). <br/><br/>The friendship between the princess and Juvelle seemed rushed, but they are kindred spirits and honestly understand each other very well. Max's delusional behavior is hilarious, but endearing as always~ <3<br/><br/>I need the next volume to keep being upbeat.. I kept tearing up every so often just remembering the small things like Legis' glasses and the short flashbacks... I need fluffy romance and fatherly love triumph the evils of society. ",,,1,0
61327131,"아빠, 나 이 결혼 안할래요! 3 [Appa, Na I Gyeolhon An Hallaeyo! 3]",Yuri .,"., Yuri","유리, Roal, Hong Heesu, 홍희수","=""1191145689""","=""9791191145687""",4.0, 씨엔씨레볼루션 ,Comic,296,2022,2022,2025/07/28,2025/07/27,manhwa,manhwa (#119),read,"Volume 3<br/>Chapter 32-48<br/><br/>This is one of the funniest Manwha's I've read in quite a while. The jokes are all quite funny and the plot is both serious and hilarious at the same time. Girlie doesnt want to marry the crown prince so she dates Max (not knowing he's the crown prince). Her father is shook to the core cause he never had the crown prince in mind for his daughter's potential hubby. Poor Max out here trying to fight off alligantions and protecting what little hope he has to ask Juvellian for her hand in marriage as crown prince. The art style is stunning adorable. The last chapter is about Legis' past and how much Juvel means to him, but something has happened to have her so distant from him now. Guilt of something is eating Legis apart and its really heartbreaking to see how he loves his daughter with all he has, but has to stay away to protect her. ",,,1,0
44098647,"Magus of the Library, Vol. 1",Mitsu Izumi,"Izumi, Mitsu",,"=""1632368234""","=""9781632368232""",0,Kodansha Comics,Paperback,240,2019,2018,,2025/07/26,to-read,to-read (#378),to-read,,,,0,0
63029823,Ten Ways to Get Dumped by a Tyrant: Volume I (Light Novel),Seo Gwijo,"Gwijo, Seo",,"=""""","=""9798986383538""",0,Editio Publishing,Kindle Edition,207,2022,,,2025/07/26,to-read,to-read (#377),to-read,,,,0,0
195976468,スキップとローファー 9 [Skip to Loafer 9],Misaki Takamatsu,"Takamatsu, Misaki",高松美咲,"=""4065326427""","=""9784065326428""",0,講談社,Paperback,176,2023,2024,,2024/05/31,"manga, on-hold","manga (#99), on-hold (#2)",on-hold,,,,1,0
112192251,ブスに花束を。 11 [Busu ni Hanataba wo. 11],Roku Sakura,"Sakura, Roku",作楽ロク,"=""4041114578""","=""9784041114575""",0,Kadokawa,Paperback,188,2022,,,2025/07/26,"manga, on-hold","manga (#121), on-hold (#1)",on-hold,,,,1,0
62322952,ブスに花束を。(10) (角川コミックス・エース) (Japanese Edition),作楽ロク,"作楽ロク, 作楽ロク",,"=""404111456X""","=""9784041114568""",4.0,KADOKAWA,Kindle Edition,0,2021,,2025/07/26,2025/07/26,manga,manga (#120),read,"Volume 10 <br/>Chapters 55-60<br/><br/>The Kyoto school trip arc was equal parts adorable and second-hand embarrassing, and I loved every second of it. Akabane finally trying to make a genuine apology to Tabata was a long time coming, and I’m glad it didn’t feel forced or overly dramatic. He’s still awkward, but there’s growth there. We also get to see Keisuke again after so so long (I missed him T_T)!! He makes a hilariously good impression on Tabata's father, makes me feel that Yosuke would have too if he weren't Tabata's boyfriend lol.<br/><br/>One of my favorite moments this volume was Yousuke finally clearing up the whole secret relationship situation, both for themselves and with Tabata’s parents. I don’t like the hiding relationships-thing in general, but when there's an honest, well-explained reason behind the choice—and it's not rooted in selfishness or fear—it feels different. That level of maturity and clarity made Yousuke about 1000% more attractive.<br/><br/>Sumire and Gotanda are always really fun to see interaction-wise. The sister is such a menace, I love it.<br/><br/>The basketball game's unexpected ending had me shocked. Iriya knows now (O-O). I'm not sure how to feel, but he really is a nice guy, so I know it will be alright, but the couple's days of secrecy are definitely coming to an end sooner rather than later... <br/>",,,1,0
56434808,ブスに花束を。(9) (角川コミックス・エース) (Japanese Edition),作楽ロク,"作楽ロク, 作楽ロク",,"=""""","=""""",4.0,KADOKAWA,Kindle Edition,203,2020,,2025/07/26,2025/07/26,manga,manga (#119),read,"Volume 9 <br/>Chapters 49-54.5<br/><br/>I really appreciated that this volume circled back to the jerk from Chapter 43—Akabane. He still irritates me. The way he tried to dump the responsibility of apologizing onto Yousuke was beyond cowardly. He’s clearly socially awkward, but it’s hard to feel bad for him when he continually avoids accountability. If he just said what he needed to say when it mattered, things wouldn’t spiral like they do. He’s his own worst enemy. Though I'm glad Yosuke said he's going to make it hard for Akabane to ask Tabata for forgiveness cause he knows she will forgive him. I love the ""chaotic loving behind the scenes"" boyfriend vibes lol. <br/><br/>On a brighter note, the secondary and third ships are doing great. Sumire is finally being honest with herself and with Gotanda. She’s actually taking steps toward genuine self-growth, and I respect that. The way she and Gotanda are establishing slow, subtle boundaries within their relationship—whatever it is right now—is honestly really refreshing. They don’t need a label yet, but you can tell there’s mutual care and understanding growing between them.<br/><br/>Sumire and Shinbashi also had some fun and perceptive moments together. Even if they don’t develop romantically, I’d be happy to see them continue building a strong friendship. That kind of dynamic adds a lot to the cast.<br/><br/>Speaking of Shinbashi—he’s becoming one of the most well-written characters in the series. Watching him evolve from a one-note comic relief guy into someone who’s genuinely trying to step up for his friends has been so satisfying. He’s slowly gaining a spine, making decisions that aren't selfish, and it’s awesome seeing that development unfold. He’s no longer just there to push the plot—he’s becoming a solid, supportive person in his own right.<br/><br/>I really liked this volume and can't wait to see how the school trip turns out and how Akabane makes or breaks our lead's resolve/relationship internally/externally. <br/>",,,1,0
54362900,ブスに花束を。(8) (角川コミックス・エース) (Japanese Edition),作楽ロク,"作楽ロク, 作楽ロク",,"=""""","=""""",3.0,KADOKAWA,Kindle Edition,211,2020,,2025/07/26,2025/07/25,manga,manga (#118),read,"Volume 8 <br/>Chapters 43-48<br/><br/>The guy in chap 43 is such a coward.. He's honestly so irritating to even see now that I know he's part of the reason why Tabata is so low on self-esteem and confidence. I wish he could grow a pair and actually apologize in person, cause that shit is more meaningful that way. I'm looking forward to seeing how that plays out. <br/><br/>On the other hand second and third ships are veering off course... The guy group couple talks are adorable and I love how the critical hits got through to each of the couples. Gotanda's sister's dating story struck a nerve with me and she had solid advice to give. <br/><br/>I liked this volume. It was a good one to lay the foundation of the lead's relationship. I'm content with that so far (though Yosuke is hilarious with wanting Hana Tabata's father's photo to watch over and keep his desires in line lmao).<br/><br/>",,,1,0
51893861,ブスに花束を。(6) (角川コミックス・エース) (Japanese Edition),作楽ロク,"作楽ロク, 作楽ロク",,"=""""","=""9784041077351""",5.0,KADOKAWA,Kindle Edition,203,2019,,2025/07/25,2025/07/25,manga,manga (#117),read,"Volume 6 <br/>Chapter 31-36<br/><br/>🎉🎉 HE CONFESSED.. <br/><br/>ok ok so let me reel it back a min. Two ships are sailing with Gotanda and Sumire and our leads!! This whole volume was really heartwarming with the cold arc, school stuff and then christmas celebrations. The girls are all very sweet and cute. I love that for them and the guys are slowly but surely getting there too. I can't rush Tabata to understand how Yosuke likes her, but I hope she will eventually get to an understanding within herself. <br/><br/>I'm so proud of my girlie Otsuka for leaning on her friends despite the toxicity of high school girls and her past. I love how Tabata stood up for her, and then at the confession, how Sumire stood up for Tabata. I'm very happy with how this is coming around full circle. <br/><br/>On to the next Volume!",true,,1,0
44537662,ブスに花束を。(5) (角川コミックス・エース) (Japanese Edition),作楽ロク,"作楽ロク, 作楽ロク",,"=""""","=""""",4.0,KADOKAWA,Kindle Edition,187,2018,,2025/07/25,2025/07/25,manga,manga (#116),read,"Volume 5<br/>Chapter 25-30<br/><br/>This volume felt like it was broken into three parts, and each had a solid mix of humor, emotional development, and drama. I really liked how it was paced and started to pick up. <br/><br/>Introduction of Otsuka<br/>I’m really glad we quickly established that Otsuka is a girl’s girl and genuinely kind. She could have easily been written as a typical rival, but instead, she adds warmth and support to the cast. This section also kicked off the whole romance misunderstanding arc. Plus, we got the slow burn of Sumire building a connection with Gotanda—which honestly might be a ship in the making. I wouldn’t hate it.<br/><br/>Field Day (within the School Festival arc)<br/>Keisuke meddling in Yousuke and Tabata’s relationship? Hilarious. The fake sibling lie had me rolling, especially when Tabata called Yousuke “brother” and he nearly choked. Absolute gold. But the ending of that mini-arc really got me—Keisuke showing the “born in August” card? That was such a sweet and quiet emotional moment. Keisuke and Yousuke are still my favorites, with Gotanda close behind.<br/><br/>The School Festival<br/>The sudden thunderstorm was classic shoujo drama and worked perfectly to bring Tabata and Yousuke closer. I really appreciated how the Field Day arc helped soften their awkwardness beforehand. Their chemistry was so cute during these chapters.<br/>And finally—Yousuke’s feelings are slipping through. His jealousy is showing, and it’s clear he’s starting to see Tabata differently. He doesn't want to share her with others though he loves when others see her how he does too.. It's quite an adorable dilemma. The real surprise was Sumire. She dropped the act and confessed. That took guts, and I honestly respected her for it. Now it’s just a matter of time before Yousuke is forced to confront what he really wants.<br/><br/>Onto the next volume!",,,1,0
44537637,ブスに花束を。(4) (角川コミックス・エース) (Japanese Edition),作楽ロク,"作楽ロク, 作楽ロク",,"=""""","=""""",4.0,KADOKAWA,Kindle Edition,185,2018,,2025/07/25,2025/07/25,manga,manga (#115),read,"Volume 4<br/>Chapters 19-24<br/><br/>This volume had my heart.<br/><br/>For the first time, Tabata genuinely begins working on herself for herself, and it’s such a rewarding shift to witness. After volumes of insecurity and self-doubt, seeing her take steps toward growth and self-worth felt so earned in a way. I’m absolutely rooting for her now.<br/><br/>Keisuke, though? He stole the show. He’s officially the best wingman in the manga. The way he supports Tabata—not by coddling her, but by leading through example—is incredibly mature and wholesome. His interactions with her are full of sincerity, especially during the birthday shopping and gift-giving scenes. Those moments weren’t flashy, but they were practical and meaningful. Keisuke’s attitude in Chapter 23, his resolve about romance, and how he respects emotions even when they’re complicated—chef’s kiss. I love how he also got her online unlike the other kids. He took the steps to get her included and is slowly in his way including her into his and his family's lives.<br/><br/>Chapter 24, the fireworks/summer festival chapter, was beautifully done. It had all the emotional beats you’d want without being melodramatic. Keisuke coming to terms with his feelings for Tabata hit hard—even if it's only to his ""middle school"" friends.<br/><br/>But let’s talk about that one line… “Yousuke should’ve chosen someone cuter”? No. I don’t care if it was “just a joke”—that kind of comment is never harmless. It cut through the sincerity and made me wince. Even if it was meant to show middle/high school boy immaturity or peer pressure, it was a sour note. I'm glad Yousuke corrected his butt in a second flat and left the scene with Tabata. The new character introduction for the next volume has me a bit annoyed though. Tabata hasn't yet come to terms with much yet to be thrown yet another hurdle... but here's to growth and hope.<br/><br/>Still, this was easily the strongest volume so far. Emotional growth, character clarity, and just enough tension to keep things moving—this is the kind of development I’ve been waiting for.",,,1,0
39905574,ブスに花束を。3,作楽 ロク,"ロク, 作楽",,"=""""","=""""",3.0,KADOKAWA,Kindle Edition,185,2017,,2025/07/25,2025/07/25,manga,manga (#114),read,"Volume 3 <br/>Chapters 13- 18<br/><br/>Volume 3 opens with some sweet and surprisingly meaningful moments between Keisuke Ueno (Yousuke’s younger brother) and Tabata. I actually enjoyed getting a bit of his background and seeing how his personality contrasts with Yousuke’s. There’s something kind of charming about watching both brothers approach their crushes in their own sincere, awkward ways. Yousuke clearly likes Tabata, though I wouldn’t call it a full-blown “Love Love” just yet—more like “Like Love,” if that makes sense.<br/><br/>Meanwhile… I’m still just coping whenever Sumire and Shinbashi are on the page. Sumire continues to be grating, and I’ve officially accepted that she's just not a good person right now. Shinbashi, on the other hand, feels like a broken record—only now someone’s turned the volume up. This volume seems to be his time to shine (unfortunately), and while I get that he’s meant to stir things up, his presence feels more like a plot tool than genuine character growth. His purpose was clearly to spark some jealousy in Yousuke and get him to question Tabata’s closeness to other guys, but the whole setup felt a bit too forced for me.<br/><br/>Also, I’ll never fully get the teenage desperation to date just for the sake of having a boyfriend or girlfriend. That kind of drama always feels a little hollow to me, even if it’s common in these kinds of stories. I'm okay for the most part since FL/ML aren't the ones in desperation for a relationship... the others, though, are just too loud. <br/><br/>Still, I’m hanging in there. The subtle emotional developments between the leads keep me turning the page—I’m just hoping for a little more real movement soon.",,,1,0
43131852,ブスに花束を。2,作楽ロク,"作楽ロク, 作楽ロク",,"=""4041056489""","=""9784041056486""",3.0,KADOKAWA,Paperback,180,2017,,2025/07/25,2025/07/24,manga,manga (#113),read,"Volume 2 <br/>Chapters 7-12.5<br/><br/>I still don't like Sumire. Her two-faced behavior continues to grate on me—maybe her redemption arc is coming, but it definitely hasn't started yet. For now, she feels more like a plot device to frustrate than a character to empathize with.<br/><br/>Tabata, on the other hand, is drowning in her own self-doubt and pessimism. Her self-deprecating nature is becoming more painful than endearing, and it’s frustrating watching nothing get through to her. That said, her mom remains an unexpected highlight—easily the best ""wing women"" in the manga so far. Though it is awkward seeing a parent meddling in teen love, but somehow it works here, adding a layer of warmth and comedy.<br/><br/>Yousuke is painted as the classic dense male lead, but honestly, Tabata might be giving him a run for his money. They’re both trapped in their own heads, stuck overthinking and misunderstanding everything. Still, it’s clear that Yousuke sees Tabata differently from his other friends—even if he hasn’t realized it himself yet. Gotanda continues to be one of my favorite supporting characters—sharp, observant, and someone who clearly sees the tension between Yousuke and Tabata. It’s refreshing to have at least one person clued in and rooting for them.<br/><br/>I’m jumping into Volume 3 next, still holding out hope for a turning point. I need something to really hit both leads—and for it to stick. I'm in this for the long haul, but I need the emotional payoff to start soon.",,,1,0
33899165,ブスに花束を。1 (April showers bring forth May flowers.),作楽ロク,"作楽ロク, 作楽ロク",,"=""4041048842""","=""9784041048849""",3.0,KADOKAWA,Paperback,180,2016,2016,2025/07/24,2025/07/24,manga,manga (#112),read,"Volume 1<br/>Chapters 1-6.5<br/><br/>Self-deprecation at its finest.. I can relate to her plight, regardless of how crass Tabatais to herself... I love how adoring her family is though. Both guys are straight-up green flags from their interactions with everyone including FL. They listen and make an effort to include people in conversations and aren't judgmental like the rest of the cast so far. The girl, Uguisudani (Dani for short), is the typical irritant protagonist you'll find in most manga. She is manipulative and knows her pretty privilege exists and uses it to her advantage. Targeting people isn't cute, and Dani has to come to terms quickly that just going after the guy straightforward is more respectable than underhandedly cutting people down to feel and look better about herself...  <br/><br/>I don't know.. FL is relatable when it comes to her hobbies and love for flowers and romance novels... but that's about it. I hope she continues to gain some confidence in herself as she continues forward (glad to see her family is supportive and loving above all else).",,,1,0
49867239,Charming as a Verb,Ben Philippe,"Philippe, Ben",,"=""0062824147""","=""9780062824141""",0,Clarion Books,Hardcover,328,2020,2020,,2025/07/18,to-read,to-read (#376),to-read,,,,0,0
156698496,Animal Farm,George Orwell,"Orwell, George",,"=""1915932955""","=""9781915932952""",0,Global Publishers,Kindle Edition,97,2024,1945,,2025/07/11,to-read,to-read (#375),to-read,,,,0,0
218572920,Great Big Beautiful Life,Emily Henry,"Henry, Emily",,"=""""","=""""",0,Berkley,Kindle Edition,432,2025,2025,,2025/07/11,to-read,to-read (#374),to-read,,,,0,0
207611566,Witchcraft for Wayward Girls,Grady Hendrix,"Hendrix, Grady",,"=""0593548981""","=""9780593548981""",0,Berkley,Hardcover,482,2025,2025,,2025/07/11,to-read,to-read (#373),to-read,,,,0,0
208503280,The Boyfriend,Freida McFadden,"McFadden, Freida",,"=""1728296226""","=""9781728296227""",0,Poisoned Pen Press,Paperback,368,2024,2024,,2025/07/11,to-read,to-read (#372),to-read,,,,0,0
60868666,그 오빠들을 조심해! 1 [Geu Oppadeul-eul Josimhae! 1],Min Iyeong,"Iyeong, Min","민이영, Plutus, 플루토스","=""""","=""9791129382870""",0,캐롯툰,Paperback,272,2021,2021,,2021/11/14,to-read,to-read (#44),to-read,,,,0,0
98143460,후레자식 1 [Hurejasik 1],Carnby Kim,"Kim, Carnby","김칸비, Youngchan Hwang, 황영찬","=""""","=""9791160270112""",0,소담출판사,Paperback,440,2017,2017,,2024/12/29,to-read,to-read (#345),to-read,,,,0,0
57378184,"악역의 엔딩은 죽음뿐 1 (Villains are Destined to Die, Vol. 1)",Suol,"Suol, Suol","수월, Gwon Gyeoeul, 권겨을","=""""","=""9791191363531""",5.0,DNC WEBTOON BIZ,Paperback,260,2021,2020,2021/10/26,2022/12/13,"light-novel-translations, manhwa","light-novel-translations (#8), manhwa (#47)",read,"Season 1 chapters 0-44 completed!<br/><br/>Gosh, I have so much to say. The female lead is phenomenal. I loved the slow transition into the app's fantasy world and her original world blended in so well. <br/>It broke my heart to see how she has been treated for 17 years. It's heartbreaking that some things like that happened to a child... The face she gave to the butler when he said to consider the duke's sincerity was just so painful. She's right, what can some little things like firing maids or servants really do to make up for all the torture she's endured. Opening up the attic? Don't make me laugh. Everyone is so fake. All their attention is worthless to FL cause honestly she just doesn't want to die and if she has to beg or apologize it's nothing to her. What's self-worth or preservation when those around her don't even consider her human. <br/><br/>I can't wait for season 2, one of the better manhwa's I've come across in a while. ",,,2,0
59759296,"악역의 엔딩은 죽음뿐 2 (Villains are Destined to Die, Vol. 2)",Suol,"Suol, Suol","수월, Gwon Gyeoeul, 권겨을","=""1191363775""","=""9791191363777""",5.0,디앤씨웹툰비즈 |,Paperback,268,2021,2021,2021/10/27,2023/11/06,manhwa,manhwa (#18),read,"Currently, for season 2 I've read chapters 45-75. It's safe to say I really don't like FL's (Penelope's) brothers. They are complete jerks/trash for humans. They have the gall to say that she has the nerve to ""act more human these days"". God if I could rip them apart I would do it in a heartbeat. Poor Penelope's love interest routes are looking to be leaning more and more towards the Crown Prince and I don't know what to think of that. He's had an equally if not worse childhood than Penelope and it's terrifying to see how both turned out. They are truly Villainess and Tryant through and through. <br/>The slave (Eclise) is interesting. He seems the easiest to sway in terms of favorability but I fear that it will come crashing down insanely fast... He seems to guarding and favoring her out of gratefulness and trauma of some sort. Vinter (the magician) is peculiar as well. I don't really consider him a potential lover considering his age as well as his status in society. He's not a great match. At best he's good friend material but that's about it in my eyes. <br/><br/>I'll continue to review as the season closes out but it is very exciting. Action, Humor, Romance, and Angst/Trauma all wrapped into one... It's an interesting concept with the game interfacing limiting her options and also allowing her to explore this story mode as it becomes more and more muddled with her own perceptions/memories. I'll update/review this again when the time comes!",,,2,0
61398896,"The Remarried Empress, Vol. 1",Herelee,"Herelee, Herelee","Sumpul, Alphatart","=""""","=""9798400900051""",5.0,Ize Press,Paperback,256,2022,2018,2021/02/24,2020/09/27,manhwa,manhwa (#108),read, -Ongoing Webtoon (Ch 55)-<br/>-Reading the English fan-translation also ongoing (ch174-)<br/>-Reading this on Novel Naver with the choppy English translation but what a gem!!! (158/243)<br/><br/>This is well worth picking up if you're into strong women not taking their husband's cr*p. Empress Navier is so precious and truly deserves the world.,,,2,0
63897910,"아기가 생겼어요 1 (Positively Yours, Vol. 1)",Jung  Lee,"Lee, Jung",Kangki,"=""""","=""9791127507886""",0,재담북스,Paperback,224,2022,2022,,2023/03/03,to-read,to-read (#148),to-read,,,,0,0
237544765,악녀는 마리오네트 1 [Agnyeoneun Marionette 1],Manggle,"Manggle, Manggle","망글이, Hanirim, 한이림","=""""","=""9791168520530""",0,북극여우,Paperback,312,2024,2024,,2021/11/18,to-read,to-read (#51),to-read,,,,0,0
60526852,빈껍데기 공작부인 1 [Binggeobdaegi Gongjagbuin 1],Han Jinseo,"Jinseo, Han","한진서, Jin Saeha, 진세하","=""""","=""9791138502993""",0,연담,Paperback,300,2022,2022,,2024/10/13,to-read,to-read (#319),to-read,,,,0,0
58671043,Cat + Gamer Volume 1,Wataru Nadatani,"Nadatani, Wataru",Zack Davisson,"=""""","=""""",0,Dark Horse Manga,,200,2022,2019,,2025/06/02,to-read,to-read (#371),to-read,,,,0,0
199349912,The Coin,Yasmin Zaher,"Zaher, Yasmin",,"=""1646222105""","=""9781646222100""",0,Catapult,Hardcover,240,2024,2024,,2025/05/31,to-read,to-read (#370),to-read,,,,0,0
216017423,"The Mafia Nanny, Vol. 1 (The Mafia Nanny, #1)",SH00,"SH00, SH00","Violet Matter, Rouusuu, Drawniels","=""1998341208""","=""9781998341207""",5.0,WEBTOON Unscrolled,Paperback,288,2025,2025,2025/03/18,2025/03/18,official-translations,official-translations (#23),read,"I didn’t expect to really love this WEBTOON as much as I did 👀!! It has the action, humor, mystery and last but not least slow slow burn romance simmering 🔥<br/><br/>Davina is such a girl boss and love that for her. Gabriel on the other hand has my heart cause I know he’s got so much to shoulder and is truly trying even in this dire situation. Mikey 💕💕 he’s a cinnamon roll I love him🥹 he’s a precious little baby gotta protect him at all costs! ",,,1,0
59234975,A Fig for All the Devils,C.S. Fritz,"Fritz, C.S.",,"=""""","=""""",0,Albatross Book Co. ,Paperback,260,2021,2021,,2025/05/29,to-read,to-read (#369),to-read,,,,0,0
200464530,"장르를 바꿔보도록 하겠습니다 1 (The Villainess Flips the Script, Vol. 1)",Garine,"Garine, Garine","가린, Ken","=""""","=""9791138590198""",0,연담,Paperback,308,2023,2023,,2025/05/28,to-read,to-read (#368),to-read,,,,0,0
54711210,Luck of the Titanic,Stacey  Lee,"Lee, Stacey",,"=""1524740985""","=""9781524740986""",0,G.P. Putnam's Sons Books for Young Readers,Hardcover,368,2021,2021,,2025/05/21,to-read,to-read (#366),to-read,,,,0,0
210298804,Voyage of the Damned,Frances   White,"White, Frances",,"=""0778387429""","=""9780778387428""",0,MIRA,Hardcover,464,2024,2024,,2025/05/21,to-read,to-read (#365),to-read,,,,0,0
133938853,Women! In! Peril!,Jessie Ren Marshall,"Marshall, Jessie Ren",,"=""1639732276""","=""9781639732272""",0,Bloomsbury Publishing,Paperback,288,2024,2024,,2025/05/21,to-read,to-read (#364),to-read,,,,0,0
150352946,Women of Good Fortune,Sophie Wan,"Wan, Sophie",,"=""1525804308""","=""9781525804304""",0,Graydon House,Hardcover,346,2024,2024,,2025/05/21,to-read,to-read (#363),to-read,,,,0,0
199531703,"Marriage & Masti (If Shakespeare Were an Auntie, #3)",Nisha Sharma,"Sharma, Nisha",,"=""0063001187""","=""9780063001183""",0,Avon,Paperback,384,2024,2024,,2025/05/21,to-read,to-read (#362),to-read,,,,0,0
215805924,"Vera Wong's Guide to Snooping [On a Dead Man] (Vera Wong, #2)",Jesse Q. Sutanto,"Sutanto, Jesse Q.",,"=""0593546253""","=""9780593546253""",0,Berkley,Paperback,325,2025,2025,,2025/05/21,to-read,to-read (#361),to-read,,,,0,0
218185743,Bat Eater and Other Names for Cora Zeng,Kylie Lee Baker,"Baker, Kylie Lee",,"=""0778368459""","=""9780778368458""",0,MIRA,Hardcover,304,2025,2025,,2025/05/21,to-read,to-read (#360),to-read,,,,0,0
212994452,Blob: A Love Story,Maggie Su,"Su, Maggie",,"=""0063358646""","=""9780063358645""",0,Harper,Hardcover,256,2025,2025,,2025/05/21,to-read,to-read (#359),to-read,,,,0,0
211642122,Immortal,Sue Lynn Tan,"Tan, Sue Lynn",,"=""0063267616""","=""9780063267619""",0,Harper Voyager,Hardcover,464,2025,2025,,2025/05/21,to-read,to-read (#358),to-read,,,,0,0
58103871,Adelaide - Das süße Leben 1,SUHO,"SUHO, SUHO",Suho Lee,"=""3963589744""","=""9783963589744""",0,Altraverse,Paperback,180,2021,2020,,2021/12/23,to-read,to-read (#62),to-read,,,,0,0
128337909,"unOrdinary Volume 1: A Graphic Novel – A Popular WEBTOON Story of Superpowers, Betrayal, and High School Survival for Young Adults",uru-chan,"uru-chan, uru-chan",,"=""0358467802""","=""9780358467809""",0,HarperAlley,Paperback,336,2023,2016,,2022/01/15,to-read,to-read (#68),to-read,,,,0,0
44451887,"Jujutsu Kaisen, Vol. 1",Gege Akutami,"Akutami, Gege",,"=""1974710025""","=""9781974710027""",0,VIZ Media LLC,Paperback,192,2019,2018,,2023/05/09,to-read,to-read (#210),to-read,,,,0,0
58924350,악녀는 대공을 사로잡았다 [Agnyeoneun Daegong'eul Sarojab'assda] (The Villainess Captured The Grand Duke),Ppyap,"Ppyap, Ppyap","Chanoo, 뺩, 차누","=""""","=""""",0,디앤씨미디어,ebook,,2020,2020,,2025/02/18,to-read,to-read (#357),to-read,,,,0,0
55504599,"Hollow Heathens: Book of Blackwell (Tales of Weeping Hollow, #1)",Nicole Fiorina,"Fiorina, Nicole",,"=""1735204722""","=""9781735204727""",0,Nicole Fiorina Books,Paperback,475,2020,2020,,2025/02/17,to-read,to-read (#356),to-read,,,,0,0
28257707,The Subtle Art of Not Giving a F*ck: A Counterintuitive Approach to Living a Good Life,Mark Manson,"Manson, Mark",,"=""""","=""9798804636129""",0,Harper,Paperback,212,2016,2016,,2025/01/28,to-read,to-read (#355),to-read,,,,0,0
44767458,"Dune (Dune, #1)",Frank Herbert,"Herbert, Frank",,"=""059309932X""","=""9780593099322""",0,Ace,Hardcover,658,2019,1965,,2025/01/28,to-read,to-read (#354),to-read,,,,0,0
65678550,The Heaven & Earth Grocery Store,James   McBride,"McBride, James",,"=""0593422945""","=""9780593422946""",0,Riverhead Books,Hardcover,400,2023,2023,,2025/01/28,to-read,to-read (#353),to-read,,,,0,0
29044,The Secret History,Donna Tartt,"Tartt, Donna",,"=""1400031702""","=""9781400031702""",0,Vintage Books,Paperback,559,2004,1992,,2025/01/28,to-read,to-read (#352),to-read,,,,0,0
61771675,Hello Beautiful,Ann Napolitano,"Napolitano, Ann",,"=""""","=""""",0,The Dial Press,Kindle Edition,594,2023,2023,,2025/01/28,to-read,to-read (#351),to-read,,,,0,0
50514218,"A Sign of Affection, Vol. 1 (A Sign of Affection, #1)",Suu Morishita,"Morishita, Suu",Christine Dashiell,"=""1646593383""","=""9781646593385""",0,Kodansha Comics,Kindle Edition,198,2020,2019,,2023/01/31,to-read,to-read (#350),to-read,,,,1,0
124950295,"Out on a Limb (Out, #1)",Hannah Bonam-Young,"Bonam-Young, Hannah",,"=""1778027784""","=""9781778027789""",0,,ebook,397,2023,2023,,2025/01/12,to-read,to-read (#349),to-read,,,,0,0
59787169,"영원한 너의 거짓말 1 [Yeong-wonhan Neoeui Geojismal 1] (Your Eternal Lies [Webtoon], Season 1)",Hoochi Jeon,"Jeon, Hoochi","Kkomak, 전후치, 꼬막","=""""","=""9791191164886""",0,오렌지디,ebook,,2021,2021,,2025/01/12,to-read,to-read (#348),to-read,,,,0,0
53342080,歴史に残る悪女になるぞ 悪役令嬢になるほど王子の溺愛は加速するようです! 1 [Rekishi ni Nokoru Akujo ni naru zo: Akuyaku Reijou ni naru hodo Ouji no Dekiai wa Kasoku suru you desu! 1],Akari Hoshi,"Hoshi, Akari","保志あかり, Izumi Okido, 大木戸いずみ, Jyun Hayase, 早瀬ジュン","=""4047364479""","=""9784047364479""",0,Kadokawa,Paperback,178,2020,2020,,2024/10/21,to-read,to-read (#336),to-read,,,,0,0
44161656,A Witch in Time,Constance Sayers,"Sayers, Constance",,"=""0316493600""","=""9780316493604""",0,Redhook,Kindle Edition,448,2020,2020,,2025/01/05,to-read,to-read (#347),to-read,,,,0,0
58100280,"The Cheat Sheet (The Cheat Sheet, #1)",Sarah       Adams,"Adams, Sarah",,"=""""","=""""",0,,Kindle Edition,306,2021,2021,,2025/01/05,to-read,to-read (#346),to-read,,,,0,0
61373081,전지적 독자 시점 1 [Jeonjijeog Dogja Sijeom 1],Umi (Redice Studio),"Studio), Umi (Redice","Sleepy-C, 슬리피-C, singNsong, 싱숑","=""""","=""9791164284016""",4.0,에이템포미디어,Paperback,248,2020,2020,2024/12/29,2020/10/18,light-novel-translations,light-novel-translations (#32),read,Finished Volume 1! (1-30)<br/><br/>The world-building is phenomenal and an interesting plot line shows how a reader controls all parts of the story and ensures they are on the best side of things if anything were to go wrong. I'll have to continue reading it at some point when I have more free time as it's on 241 on Webtoon as I write this now. I'll be looking forward to it. ,,,1,0
55575967,"Chainsaw Man, Vol. 1: Dog and Chainsaw",Tatsuki Fujimoto,"Fujimoto, Tatsuki",,"=""""","=""""",0,VIZ Media: SHONEN JUMP,Kindle Edition,192,2020,2019,,2024/12/29,to-read,to-read (#344),to-read,,,,0,0
17694052,ワンパンマン 1 一撃 [One Punch Man 1: Ichigeki],ONE,"ONE, ONE","Yusuke Murata, 村田雄介","=""408870701X""","=""9784088707013""",0,集英社 [Shūeisha],Paperback,200,2012,2012,,2024/12/29,to-read,to-read (#343),to-read,,,,0,0
6690979,"Black Butler I (Black Butler, #1)",Yana Toboso,"Toboso, Yana",Tomo Kimura,"=""0316080845""","=""9780316080842""",0,Yen Press,Paperback,194,2010,2007,,2024/12/29,to-read,to-read (#342),to-read,,,,0,0
2454986,"Fairy Tail, Vol. 01",Hiro Mashima,"Mashima, Hiro",William Flanagan,"=""0345501330""","=""9780345501332""",0,Del Rey,Paperback,208,2008,2006,,2024/12/29,to-read,to-read (#341),to-read,,,,0,0
1087204,"Ouran High School Host Club, Vol. 1 (Ouran High School Host Club, #1)",Bisco Hatori,"Hatori, Bisco",,"=""1591169151""","=""9781591169154""",0,VIZ Media  ,Paperback,178,2005,2003,,2024/12/29,to-read,to-read (#340),to-read,,,,0,0
870,"Fullmetal Alchemist, Vol. 1",Hiromu Arakawa,"Arakawa, Hiromu",,"=""1591169208""","=""9781591169208""",0,VIZ Media LLC,Paperback,192,2005,2002,,2024/12/29,to-read,to-read (#339),to-read,,,,0,0
213075476,"An Ember in the Ashes (An Ember in the Ashes, #1)",Sabaa Tahir,"Tahir, Sabaa",,"=""1595148043""","=""9781595148049""",0,Razorbill,Paperback,480,2016,2015,,2024/11/09,to-read,to-read (#338),to-read,,,,0,0
16315,Crooked House,Agatha Christie,"Christie, Agatha",,"=""031298166X""","=""9780312981662""",0,Minotaur Books,Mass Market Paperback,276,2002,1949,,2024/10/29,to-read,to-read (#337),to-read,,,,0,0
204593711,"Immortal Dark (Immortal Dark Trilogy, #1)",Tigest Girma,"Girma, Tigest",,"=""""","=""""",0,"Little, Brown Books for Young Readers",Hardcover,432,2024,2024,,2024/10/20,to-read,to-read (#335),to-read,,,,0,0
75513900,"Powerless (The Powerless Trilogy, #1)",Lauren  Roberts,"Roberts, Lauren",,"=""""","=""""",0,,Kindle Edition,526,2023,2023,,2024/10/20,to-read,to-read (#334),to-read,,,,0,0
204593914,"Phantasma (Wicked Games, #1)",Kaylie Smith,"Smith, Kaylie",,"=""1538769255""","=""9781538769256""",0,Forever,Paperback,497,2024,2024,,2024/10/19,to-read,to-read (#333),to-read,,,,0,0
154527508,The Warm Hands of Ghosts,Katherine Arden,"Arden, Katherine",,"=""0593128265""","=""9780593128268""",0,Del Rey,Kindle Edition,327,2024,2024,,2024/10/15,to-read,to-read (#332),to-read,,,,0,0
203578889,If I Stopped Haunting You,Colby Wilkens,"Wilkens, Colby",,"=""1250292905""","=""9781250292902""",0,St. Martin's Griffin,Paperback,320,2024,2024,,2024/10/15,to-read,to-read (#331),to-read,,,,0,0
60888174,Wind Breaker 1,Satoru Nii,"Nii, Satoru",,"=""1684911176""","=""9781684911172""",0,Kodansha Comics,Kindle Edition,193,2022,2021,,2024/10/13,to-read,to-read (#330),to-read,,,,0,0
58335515,"The Savior's Book Café Story in Another World, Vol. 1",Oumiya,"Oumiya, Oumiya","Reiko Sakurada, Kyouka Izumi, Alexa Frank","=""1648276555""","=""9781648276552""",0,Seven Seas,Paperback,160,2021,2019,,2024/10/13,to-read,to-read (#329),to-read,,,,0,0
57022891,문제적 왕자님 [Munjejeog Wangjanim] (The Problematic Prince [Novel]),Solche,"Solche, Solche","Lima, 솔체, 리마","=""""","=""""",0,카멜,ebook,,2020,2020,,2024/10/13,to-read,to-read (#328),to-read,,,,0,0
54704272,"Unnamed Memory (Light Novel), Vol. 1: The Witch of the Azure Moon and the Cursed Prince",Kuji Furumiya,"Furumiya, Kuji",Chibi,"=""1975317106""","=""9781975317102""",0,Yen On,Kindle Edition,286,2020,2019,,2024/10/13,to-read,to-read (#327),to-read,,,,0,0
34253486,I Want to Eat Your Pancreas,Yoru Sumino,"Sumino, Yoru",Khairun Nisak,"=""""","=""9786026383143""",0,Haru,Paperback,308,2017,2015,,2024/10/13,to-read,to-read (#326),to-read,,,,0,0
58545703,"Hooked (Never After, #1)",Emily McIntire,"McIntire, Emily",,"=""173750832X""","=""9781737508328""",0,"McIntire Publishing, Co.",Kindle Edition,312,2021,2021,,2024/10/13,to-read,to-read (#325),to-read,,,,0,0
195580026,"Brutal Prince (Brutal Birthright, #1)",Sophie Lark,"Lark, Sophie",,"=""""","=""""",0,,Kindle Edition,376,2023,2020,,2024/10/13,to-read,to-read (#324),to-read,,,,0,0
56948346,"폭군의 비서관이 되었습니다 1 [Poggun'eui Biseogwan'i Doeeossseubnida 1] (I'm the Tyrant's Secretary [Novel], #1)",Inhye Lee,"Lee, Inhye","pepper, 이인혜, 페퍼","=""""","=""9791164880782""",0,필면매니지먼트,ebook,,2019,2019,,2024/10/13,to-read,to-read (#323),to-read,,,,0,0
192006183,結婚するって、本当ですか: 365 Days To The Wedding 11,Tamiki Wakaki,"Wakaki, Tamiki",若木民喜,"=""4098617374""","=""9784098617371""",5.0,小学館,Paperback,192,2023,,2024/10/06,2024/10/13,manga,manga (#110),read,,,,1,0
133824770,"結婚するって、本当ですか 10 (Kekkon suru tte, Hontou desu ka, #10)",Tamiki Wakaki,"Wakaki, Tamiki",若木民喜,"=""4098616874""","=""9784098616879""",4.0,小学館,Paperback,192,2023,,2024/10/06,2024/10/13,manga,manga (#109),read,,,,1,0
75265556,結婚するって、本当ですか: 365 Days To The Wedding 9,Tamiki Wakaki,"Wakaki, Tamiki",若木民喜,"=""4098615673""","=""9784098615674""",4.0,小学館,Paperback,192,2023,,2024/10/06,2024/10/13,manga,manga (#108),read,,,,1,0
166286771,結婚するって、本当ですか: 365 Days to The Wedding 8,Tamiki Wakaki,"Wakaki, Tamiki",若木民喜,"=""4098614278""","=""9784098614271""",4.0,小学館,Paperback,192,2022,,2024/10/05,2024/10/13,manga,manga (#107),read,,,,1,0
174717189,結婚するって、本当ですか: 365 Days To The Wedding (7) (ビッグコミックス),Tamiki Wakaki,"Wakaki, Tamiki",若木民喜,"=""409861328X""","=""9784098613281""",4.0,,Comic,0,,,2024/10/05,2024/10/13,manga,manga (#106),read,,,,1,0
60850795,結婚するって、本当ですか（６） (ビッグコミックス),Tamiki Wakaki,"Wakaki, Tamiki",若木民喜,"=""""","=""""",4.0,小学館,Kindle Edition,0,2022,,2024/10/05,2024/10/13,manga,manga (#105),read,,,,1,0
59662294,結婚するって、本当ですか（５）365 Days To The Wedding (5),Tamiki Wakaki,"Wakaki, Tamiki",若木民喜,"=""4098611805""","=""9784098611805""",4.0,小学館,Paperback,208,2021,,2024/10/05,2024/10/13,manga,manga (#104),read,,,,1,0
58763590,結婚するって、本当ですか: 365 Days To The Wedding (4) (ビッグコミックス),Tamiki Wakaki,"Wakaki, Tamiki",若木民喜,"=""4098610728""","=""9784098610723""",5.0,小学館,Comic,192,2021,,2024/10/04,2024/10/13,manga,manga (#103),read,,,,1,0
70884670,結婚するって、本当ですか: 365 Days To The Wedding (3) (ビッグコミックス),Tamiki Wakaki,"Wakaki, Tamiki",若木民喜,"=""4098608804""","=""9784098608805""",5.0,小学館,Comic,208,2021,,2024/10/04,2024/10/13,manga,manga (#102),read,,,,1,0
193388458,"365 Days to the Wedding, Vol. 2",Tamiki Wakaki,"Wakaki, Tamiki",,"=""""","=""9798888433324""",4.0,Seven Seas,Paperback,200,2024,2020,2024/10/04,2024/10/13,manga,manga (#101),read,,,,1,0
123443160,"365 Days to the Wedding, Vol. 1",Tamiki Wakaki,"Wakaki, Tamiki",,"=""""","=""9798888432631""",4.0,Seven Seas,Paperback,200,2023,2020,2024/10/04,2024/10/13,manga,manga (#100),read,I picked this up for this Anime Season (Fall 2024) to know what to expect from the release of the show. It's fairly cute and wholesome and most of the issues in the story were self-inflicted (lol). It's great if you're reading it at face value. There were a lot of awkward jumps of progress here and there but it's a fairly slow burn otherwise. Read or watch it to see more animes/mangas that aren't taking place in school settings!,,,1,0
199202256,이 결혼은 어차피 망하게 되어 있다 1 [I Gyeolhon-eun Eochapi Manghage Doeeoissda 1],Cheong-gwa,"Cheong-gwa, Cheong-gwa","Chacha Kim, CHOKAM","=""""","=""9791167793133""",0,YOUNGCOM(영컴),Paperback,272,2023,2023,,2024/10/13,to-read,to-read (#322),to-read,,,,0,0
60583047,The Husky and His White Cat Shizun: Erha He Ta De Bai Mao Shizun (Novel) Vol. 1,Rou Bao Bu Chi Rou,"Rou, Rou Bao Bu Chi","Rynn, ＪＵＮ, st","=""1638589291""","=""9781638589297""",0,Seven Seas,Paperback,524,2022,2022,,2024/10/13,to-read,to-read (#320),to-read,,,,0,0
59585166,세계관 최강자를 너무 귀여워하면 [Segyegwan Choegangjareul Neomu Gwiyeowohamyeon],13th month's dawn,"dawn, 13th month's",십삼월의새벽,"=""""","=""""",0,오드아이,ebook,,2021,2021,,2024/10/13,to-read,to-read (#318),to-read,,,,0,0
57540900,흑막 남편과의 이혼에 실패한 것 같다 [Heugmag Nampyeongwa'eui Ihon'e Silpaehan Geos Gatda] (I Failed to Divorce My Husband),Yulji,"Yulji, Yulji",율지,"=""""","=""""",0,"HAKSANNOVEL, edel(에델)",ebook,,2021,2021,,2024/10/13,to-read,to-read (#317),to-read,,,,0,0
56921773,못난이 공녀가 되었습니다 [Mosnan'i Gongyeoga Doeeossseubnida] (I Woke Up as the Ugly Duckling),Haim Jung,"Jung, Haim","SUKJA, 정하임","=""""","=""""",0,필면매니지먼트,ebook,,2019,2019,,2024/10/13,to-read,to-read (#316),to-read,,,,0,0
56508333,악녀를 죽여 줘 [Agnyeoreul Jugyeo Jwo] (Kill the Villainess [Novel]),Your April,"April, Your",사월생,"=""""","=""""",0,디앤씨미디머,ebook,501,2019,2019,,2024/10/13,to-read,to-read (#315),to-read,,,,0,0
44789590,"The Greatest Demon Lord Is Reborn as a Typical Nobody (Light Novel), Vol. 1: The Myth-Killing Honor Student",Myojin Katou,"Katou, Myojin",Sao Mizuno,"=""1975305698""","=""9781975305697""",0,Yen On,Kindle Edition,210,2019,2018,,2022/08/28,to-read,to-read (#95),to-read,,,,0,0
19408925,シュガーアップル・フェアリーテイル 4　銀砂糖師と緑の工房,Miri Mikawa,"Mikawa, Miri","三川みり, Aki  ., あき","=""""","=""""",0,Kadokawa,Kindle Edition,264,2012,2011,,2023/06/08,to-read,to-read (#229),to-read,,,,0,0
57650484,"시크릿 레이디 1 (Secret Lady [Webtoon], Season 1)",Anngato,"Anngato, Anngato","Banana, 안가토, 바나나","=""""","=""9791129377470""",0,kwbooks,ebook,,2021,,,2024/06/18,to-read,to-read (#314),to-read,,,,0,0
58311397,"시크릿 레이디 1 (Secret Lady [Novel], #1)",Anngato,"Anngato, Anngato","Banana, 안가토, 바나나","=""""","=""9791129379566""",0,CL프로덕션,ebook,,2021,,,2024/06/18,to-read,to-read (#313),to-read,,,,0,0
122998573,Bastian,NOT A BOOK,"BOOK, NOT A",AhBin,"=""""","=""""",0,,ebook,,,,,2024/06/18,to-read,to-read (#312),to-read,,,,0,0
58093348,The Apothecary Diaries (Light Novel): Volume 1,Natsu Hyuuga,"Hyuuga, Natsu","Touco Shino, Kevin Steinbach","=""""","=""""",0,J-Novel Club,Kindle Edition,226,2021,2014,,2024/06/04,to-read,to-read (#311),to-read,,,,0,0
62220703,"내가 죽기로 결심한 것은 1 (My Reason to Die, Vol. 1)",Yuju,"Yuju, Yuju",,"=""""","=""9791169303545""",0,네이버웹툰,Paperback,320,2022,2021,,2024/05/31,to-read,to-read (#310),to-read,,,,0,0
57147096,"Frieren: Beyond Journey's End, Vol. 1",Kanehito Yamada,"Yamada, Kanehito",Tsukasa Abe,"=""1974725766""","=""9781974725762""",0,VIZ Media LLC,Paperback,188,2021,2020,,2024/05/31,to-read,to-read (#309),to-read,,,,0,0
199297543,山田くんとLv999の恋をする 8 [Yamada-kun to Lv999 no Koi wo Suru 8],Mashiro,"Mashiro, Mashiro",ましろ,"=""4046830018""","=""9784046830012""",4.0,Kadokawa,Paperback,186,2023,2023,2024/05/31,2024/05/30,manga,manga (#98),read,"this is a review of volume 7 and 8 combined:<br/><br/>Volume 7 chapters 63-74 complete!<br/><br/>The sleep deprivation for an annoying neighbor is relatable, but moving this man to paranoia is wild!<br/><br/>This volume was a bit ✨spicy✨. Yamada and Akane's interactions are genuinely clear and straightforward with each other. The communication they have together is goals.  <br/><br/>All in all, my favorite chapter probably had to be 71. It's endearing to see Tsubaki start moving on from Yamada and enjoy Akane's company wholeheartedly without reservations. I'm 100% shipping Tsubaki and her guy friend together. He really loves and cherishes Tsubaki's feelings above all else.<br/><br/>Volume 8 chapters 75-85 complete!<br/><br/>Ah gotta love the character development of the senpais we meet in this volume. I love the communication both Yamada and Akane have with each other. Though Akane does go off the deep end, the patience Yamada has is amazing. I love how attentive Akane is along side how perspective she is to change. Its one of her best qualities. It really is super wholesome how both of them truly love and care for the other. ",,,1,0
122756145,山田くんとLv999の恋をする 6 [Yamada-kun to Lv999 no Koi wo Suru 6],Mashiro,"Mashiro, Mashiro",ましろ,"=""4046819146""","=""9784046819147""",3.0,Kadokawa,Paperback,178,2022,2022,2024/05/30,2023/05/04,manga,manga (#95),read,"Volume 6 chapters 51-62 completed! <br/><br/>This volume was essentially where I had stopped reading back a year ago. A lot of the details are a bit fuzzy but still memorable enough for me to have picked it up without too much issue.<br/><br/>The communication is the volume was really nice to see. There isn’t much gaming aspects on this volume as opposed to the previous ones but it’s still true to the otaku nature and theme of the series. My mindset in regard to the series has shifted a bit since the last I picked it up. But it’s nothing too different, just reading it in a more casual manner rather than a pick up after Wotakoi back last year. ",,,1,0
188480758,"The Night Ends with Fire (The Dragon Spirit, #1)",K.X. Song,"Song, K.X.",,"=""1399725254""","=""9781399725255""",0,Hodderscape,Hardcover,432,2024,2024,,2024/05/30,to-read,to-read (#308),to-read,,,,0,0
59684555,"My Happy Marriage (Light Novel), Vol. 2",Akumi Agitogi,"Agitogi, Akumi",Tsukiho Tsukioka,"=""1975335023""","=""9781975335021""",5.0,Yen On,Paperback,192,2022,2019,2024/03/21,2023/07/18,light-novel-translations,light-novel-translations (#30),read,This was a fantastic follow up to the first volume as Miyo gains herself and her voice in the plot that unfolds. The two main characters' are truly put to the test in their convictions to each other and also to themselves. They battle inner demons but literally and in their souls.. It was wonderful to watch everything from start to finish. I also love the inclusion of family being a major them and all its ugly and lovely forms.<br/>Hazuki's divorced family and situation.<br/>Kiyoka and hazuki's familial sibling ties.<br/>Miyo's blood ties<br/>Miyo gaining a new family <br/><br/>I loved this volume quite a lot.,,,1,0
56130752,"네가 죽기를 바랄때가 있었다 5 [Nega Juggireul Baralddaega Isseossda 5] (Wished You Were Dead [Novel], #5)",Jin Seo,"Seo, Jin","Oneul, 진서, 오늘","=""""","=""9791132583806""",5.0,루시노블,ebook,,2020,2020,2024/03/16,2024/02/19,"manhwa, official-translations, light-novel-translations","manhwa (#116), official-translations (#17), light-novel-translations (#39)",read," --review to come-- official finished the spinoff series 03/26/24!<br/><br/>So I really want to go back and rewrite all the chapter segments for every part of this webtoon, but this might take quite a while. Instead I'll write out my finally thoughts on this book.<br/><br/>The first two volumes were a lot of recap and waiting around for the main leads to start making any sort of progress. The third really started picking up the stakes of the story and what each character put on the line. Deaths needed to take place and trauma needed to occur. The author beautifully showed the depth of scars and the wounds they can inflict both persons. The whole things hurts to even think about as both characters wanted to love the other and because they never regretted that love it hurt them more to see that the other failed to meet expectation. <br/><br/>The two of them loved each other and further loved each other after meeting which is the reason for why they are in pain when they see the other. I wasn't even expecting a happy ending by the end of this series as they were stabbing each other with everything they had. They took away each other's reason to live and yet told the other they couldn't die. It was heart breaking and though it felt like i wanted to rush their healing process I'm eternally grateful to the author that they didn't.<br/><br/>The ending was satisfying. I couldn't see myself truly believing the two reached happiness with each other until the very last moments with everyone in the garden. It was a work of art a true masterpiece. <br/><br/>This will hold a place in my heart.",,,1,0
56130750,"네가 죽기를 바랄때가 있었다 4 [Nega Juggireul Baralddaega Isseossda 4] (Wished You Were Dead [Novel], #4)",Jin Seo,"Seo, Jin","Oneul, 진서, 오늘","=""""","=""9791132583790""",5.0,루시노블,ebook,,2020,2020,2024/02/19,2024/02/18,"manhwa, official-translations, light-novel-translations","manhwa (#115), official-translations (#18), light-novel-translations (#38)",read,"36-42 chapters complete! <br/><br/>The Queen, and the King<br/>This was a very quick volume... the biggest highlights had to be the actual magician being revealed and how he's put a spell on Evonne. The risk she's at is actually going insane resisting his spells and there's a huge plot involving the magician years back... I wonder what is going on..<br/><br/>In addition to this idiot king falling for Evonne's sincerity, he makes a deal to sign her death warrant in the same day. He claims to hold higher ground than the duke but killing innocent people just for revenge... They are one and the same.<br/><br/>43-51<br/>The King does not want to know The Queen<br/><br/>She's so screwed no matter what position she takes..<br/><br/>52-60<br/>The Queen does not know The King<br/>Gosh... Evonne always has the short end of the stick. The concubine setup put her under suspicion.. But the fact that he understands her loneliness and is even trying to empathize is incredible.<br/><br/>60-<br/>The emperor cannot hate the empress",,,1,0
56130740,"네가 죽기를 바랄때가 있었다 3 [Nega Juggireul Baralddaega Isseossda 3] (Wished You Were Dead [Novel], #3)",Jin Seo,"Seo, Jin","Oneul, 진서, 오늘","=""""","=""9791132583783""",4.0,루시노블,ebook,,2020,2020,2024/02/16,2024/02/10,"manhwa, light-novel-translations, official-translations","manhwa (#114), light-novel-translations (#37), official-translations (#19)",read,chapters 19-35 complete!<br/><br/>The King does not know The Queen<br/><br/>It's as the title implies.. He really is heartless. He doesn't know the queen and makes sure to belittle her every chance he gets. He doesn't apologize for placing flowers she's allergic to in her vicinity and same with food she can't ingest either... He refuses to see her but the duke instead. I can't help but wish she never forgives him. He doesn't even treat her like a human anymore let alone just someone he hates by association.<br/><br/>The rage and sadness I feel for Evonne is immense. I can't even be bothered to remember the king's name.,,,1,0
56130729,"네가 죽기를 바랄때가 있었다 2 [Nega Juggireul Baralddaega Isseossda 2] (Wished You Were Dead [Novel], #2)",Jin Seo,"Seo, Jin","Oneul, 진서, 오늘","=""""","=""9791132583769""",4.0,루시노블,ebook,,2020,2020,2024/02/10,2024/02/10,"manhwa, light-novel-translations, official-translations","manhwa (#113), light-novel-translations (#36), official-translations (#20)",read,"I'll consider ""The Queen can Never Despise the King"" as the second volume from chapters 10-19.<br/><br/>I'm reading the webtoon and I have to say the first 9 episodes were trying. I really hoped that it would get better for Evonne's situation. This second volume brought clarity to their past and complicated relationship.<br/><br/>I really like Evonne's character and progression. The decisions she makes are logical and coherent. I can't imagine the pain she's in trying to not only survive but also appease all ends... She doesn't even like the idea of bringing harm to her competition. The King really doesn't deserve her in the least.<br/><br/>Even past him pisses me off from how hypocritical he is. ""take care of yourself"" like you yourself don't have a massive wound yourself. It could just be his adult counterpart annoying me, but he is pissing me off regardless of age. Man's intelligence is not showing.<br/><br/>I was hoping Evonne wouldn't be brainwashed right after he started showing a tiny amount of affection. I'm proud of her for keeping her logical wits. She's clearly the only one with emotional and logical intelligence in this entire webtoon. <br/><br/>I'll rate these 9 chapters a huge improvement from the previous ones. It built my favor towards FL far more and makes me despise the King in her stead (cause she can't apparently from the title).",,,1,0
197836333,"시월드가 내게 집착한다 1 (My In-Laws are Obsessed with Me, Vol. 1)",Yunseol Han,"Han, Yunseol",Seungu,"=""""","=""9791167792938""",0,YOUNGCOM(영컴),Paperback,272,2023,,,2024/05/26,to-read,to-read (#307),to-read,,,,0,0
55537683,"화장 지워주는 남자 1 (The Makeup Remover, Vol. 1)",Lee Yeon,"Yeon, Lee",이연,"=""""","=""9791188163533""",0, 씨엔씨레볼루션 ,ebook,284,2019,,,2024/05/20,to-read,to-read (#306),to-read,,,,0,0
36441259,薬屋のひとりごと 1 [Kusuriya no Hitorigoto 1],Nekokurage,"Nekokurage, Nekokurage","ねこクラゲ, Natsu Hyuuga, 日向夏, Itsuki Nanao, 七緒一綺, Touco Shino, しのとうこ","=""4757554893""","=""9784757554894""",0,スクウェア・エニックス,Paperback,184,2017,2017,,2024/05/20,to-read,to-read (#305),to-read,,,,0,0
195391682,"Cursed Princess Club, Vol. 4",LambCat,"LambCat, LambCat",,"=""1998854183""","=""9781998854189""",0,WEBTOON Unscrolled,Paperback,320,2025,2025,,2024/04/12,to-read,to-read (#304),to-read,,,,0,0
78299277,"Love, Holly",Emily      Stone,"Stone, Emily",,"=""0593722116""","=""9780593722121""",0,Dell,Kindle Edition,368,2023,2023,,2024/04/01,to-read,to-read (#303),to-read,,,,0,0
112976344,The Good Part,Sophie Cousens,"Cousens, Sophie",,"=""0593539893""","=""9780593539897""",0,G.P. Putnam's Sons,Paperback,351,2023,2023,,2024/04/01,to-read,to-read (#302),to-read,,,,0,0
131120162,The Burnout,Sophie Kinsella,"Kinsella, Sophie",,"=""0593730399""","=""9780593730393""",0,The Dial Press,Hardcover,416,2023,2023,,2024/04/01,to-read,to-read (#301),to-read,,,,0,0
75665914,"This Spells Love (Dial Delights, #1)",Kate Robb,"Robb, Kate",,"=""0593596536""","=""9780593596531""",0,Dial Press Trade Paperback,Paperback,352,2023,2023,,2024/04/01,to-read,to-read (#300),to-read,,,,0,0
75665887,"You, Again",Kate Goldbeck,"Goldbeck, Kate",,"=""059344812X""","=""9780593448120""",0,Random House Publishing Group,Paperback,448,2023,2023,,2024/04/01,to-read,to-read (#299),to-read,,,,0,0
164444179,First Lie Wins,Ashley Elston,"Elston, Ashley",,"=""""","=""""",0,Pamela Dorman Books,Hardcover,340,2024,2024,,2024/04/01,to-read,to-read (#298),to-read,,,,0,0
78411,"The Bad Beginning (A Series of Unfortunate Events, #1)",Lemony Snicket,"Snicket, Lemony",Brett Helquist,"=""0439206472""","=""9780439206471""",0,"Scholastic, Inc.",Paperback,162,1999,1999,,2024/03/31,to-read,to-read (#297),to-read,,,,0,0
18693763,Everything I Never Told You,Celeste Ng,"Ng, Celeste",,"=""159420571X""","=""9781594205712""",0,Penguin Press,Hardcover,297,2014,2014,,2023/03/05,"book-physical, to-read","book-physical (#65), to-read (#296)",to-read,,,,1,0
17699853,"Chain of Gold (The Last Hours, #1)",Cassandra Clare,"Clare, Cassandra",,"=""1481431870""","=""9781481431873""",0,Margaret K. McElderry Books,Hardcover,582,2020,2020,,2023/06/11,"book-physical, to-read","book-physical (#64), to-read (#295)",to-read,,,,1,0
199244880,"Once You're Mine (Possessing Her, #1)",Morgan Bridges,"Bridges, Morgan",,"=""""","=""""",0,Building Bridges Publishing,Kindle Edition,308,2023,2023,,2024/03/29,to-read,to-read (#294),to-read,,,,0,0
94351553,Mon amie des ténèbres T05,Taku Kawamura,"Kawamura, Taku",Anne-Sophie Thévenon,"=""2373497344""","=""9782373497342""",5.0,Nobi Nobi,Paperback,146,2022,,2023/05/08,2023/05/08,manga,manga (#17),read,Volume 5 chapters 51-60 Complete!<br/><br/>The way this volume made me scream 👀.  Christmas shopping + surprise confession. It’s literally making my heart race from the genuineness and wholesomeness of the situation. <br/><br/>I do wish that the wholesomeness will stay at is honestly as they are still kids. But i do wish them a wonderful and lovely childhood together as things are the way the are at the moment.,,,1,0
48669816,Roundabout,Phong  Nguyen,"Nguyen, Phong",,"=""0913785415""","=""9780913785416""",0,Moon City Press,Paperback,270,2024,2024,,2024/03/12,to-read,to-read (#293),to-read,,,,0,0
35900387,Eleanor Oliphant Is Completely Fine,Gail Honeyman,"Honeyman, Gail",,"=""0008172145""","=""9780008172145""",0,HarperCollins GB,Paperback,390,2018,2017,,2024/03/10,to-read,to-read (#292),to-read,,,,0,0
123852546,"The Runway, tome 1 (The Runway, #1)",Hirachell,"Hirachell, Hirachell",Nokdu,"=""2492989291""","=""9782492989292""",0,Kworld,Mass Market Paperback,187,2023,,,2024/03/02,to-read,to-read (#291),to-read,,,,0,0
177705563,Marry My Husband - Tome 1 (#1),Sung Sojak,"Sojak, Sung",Studio Lico,"=""2749956110""","=""9782749956114""",0,SIKKU WEBTOON,Paperback,291,2023,,,2024/02/29,to-read,to-read (#290),to-read,,,,0,0
62926938,The Seven Year Slip,Ashley Poston,"Poston, Ashley",,"=""""","=""""",0,Berkley,Paperback,336,2023,2023,,2024/02/25,to-read,to-read (#289),to-read,,,,0,0
161558694,Cooking Light Power Bowls,Cooking Light,"Light, Cooking",,"=""1547862963""","=""9781547862962""",3.0,Cooking Light,Paperback,96,2023,,2024/02/18,2024/02/15,magazines-guides-diys,magazines-guides-diys (#1),read,Just some light reading,,,1,0
52778373,"재혼 황후 1 [Jaehon Hwanghu 1] (The Remarried Empress [Novel], #1)",Alphatart,"Alphatart, Alphatart",Chirun,"=""1164790285""","=""9791164790289""",5.0,해피북스투유,Paperback,500,2019,,2021/11/03,2023/01/02,light-novel-translations,light-novel-translations (#6),read,,,,1,0
202712983,"Babel, or The Necessity of Violence: An Arcane History of the Oxford Translators' Revolution",R.F. Kuang,"Kuang, R.F.",,"=""0008501831""","=""""",0,HarperVoyager,Kindle Edition,547,2023,2022,,2024/02/15,to-read,to-read (#288),to-read,,,,0,0
60683957,Check & Mate,Ali Hazelwood,"Hazelwood, Ali",,"=""0593619919""","=""9780593619919""",0,G.P. Putnam's Sons Books for Young Readers,Paperback,353,2023,2023,,2024/02/15,to-read,to-read (#287),to-read,,,,0,0
53035633,사랑받기 원하지 않는다 [Sarangbadgi Wonhaji Anhneunda] (I Don't Want to Be Loved),Starlight,"Starlight, Starlight","Ruck, 러기","=""""","=""9791162838129""",0,로즈엔,ebook,,2019,2019,,2024/02/10,to-read,to-read (#286),to-read,,,,0,0
25255796,"パーフェクトワールド 1 (Perfect World, #1)",Rie Aruga,"Aruga, Rie",有賀リエ,"=""4063409481""","=""9784063409482""",0,講談社,Paperback,168,2015,2015,,2022/08/28,"to-read, manga","to-read (#92), manga (#96)",to-read,,,,0,0
196321791,A Flame Under the Moon,Monica Amore,"Amore, Monica",,"=""""","=""9798988933403""",0,,Kindle Edition,488,2024,2024,,2024/01/28,to-read,to-read (#285),to-read,,,,0,0
36204075,"The Word is Murder (Hawthorne & Horowitz, #1)",Anthony Horowitz,"Horowitz, Anthony",,"=""0062676784""","=""9780062676788""",0,Harper,Hardcover,400,2018,2017,,2023/06/11,"book-physical, to-read","book-physical (#63), to-read (#284)",to-read,,,,0,0
60068626,The house of salt and sorrows,Erin A. Craig,"Craig, Erin A.",,"=""""","=""""",0,,Unknown Binding,,,2019,,2022/09/27,"book-physical, to-read","book-physical (#66), to-read (#283)",to-read,,,,0,0
59357120,Yellowface,R.F. Kuang,"Kuang, R.F.",,"=""""","=""""",0,The Borough Press,Hardcover,329,2023,2023,,2024/01/27,to-read,to-read (#282),to-read,,,,0,0
62926992,The Wishing Game,Meg Shaffer,"Shaffer, Meg",,"=""0593598830""","=""9780593598832""",0,Ballantine Books,Hardcover,278,2023,2023,,2024/01/24,to-read,to-read (#281),to-read,,,,0,0
11870085,The Fault in Our Stars,John  Green,"Green, John",,"=""""","=""""",5.0,Dutton Books,Hardcover,313,2012,2012,,2020/08/03,book-physical,book-physical (#61),read,,,,1,0
18135,Romeo and Juliet,William Shakespeare,"Shakespeare, William",,"=""0743477111""","=""9780743477116""",5.0,Washington Square Press,Mass Market Paperback,281,2002,1590,,2020/08/03,book-physical,book-physical (#59),read,,,,1,0
7260188,"Mockingjay (The Hunger Games, #3)",Suzanne Collins,"Collins, Suzanne",,"=""0439023513""","=""9780439023511""",4.0,Scholastic Press,Hardcover,390,2010,2010,,2020/08/03,book-physical,book-physical (#56),read,,,,1,0
4214,Life of Pi,Yann Martel,"Martel, Yann",,"=""0770430074""","=""9780770430078""",5.0,Seal Books,Paperback,460,2006,2001,,2020/08/03,book-physical,book-physical (#55),read,,,,1,0
1,"Harry Potter and the Half-Blood Prince (Harry Potter, #6)",J.K. Rowling,"Rowling, J.K.",,"=""""","=""""",5.0,Scholastic Inc,Paperback,652,2006,2005,,2020/08/03,book-physical,book-physical (#52),read,,,,1,0
7736086,"The Lightning Thief: The Graphic Novel (Percy Jackson and the Olympians: The Graphic Novels, #1)",Robert Venditti,"Venditti, Robert","Rick Riordan, José Villarrubia, Attila Futaki","=""1423116968""","=""9781423116967""",5.0,Disney-Hyperion,Hardcover,135,2010,2010,,2020/08/03,,,read,,,,1,0
18469079,Divergent Official Illustrated Movie Companion,Kate Egan,"Egan, Kate",,"=""0062315633""","=""9780062315632""",4.0,Katherine Tegen Books,Kindle Edition,160,2014,2014,,2020/08/03,book-physical,book-physical (#49),read,,,,1,0
29056083,"Harry Potter and the Cursed Child: Parts One and Two (Harry Potter, #8)",J.K. Rowling,"Rowling, J.K.","Jack Thorne, John Tiffany","=""0540027340""","=""9780540027347""",3.0,"Little, Brown",Hardcover,343,2016,2016,,2020/08/03,book-physical,book-physical (#47),read,,,,1,0
8755776,"City of Lost Souls (The Mortal Instruments, #5)",Cassandra Clare,"Clare, Cassandra",,"=""1442416866""","=""9781442416864""",4.0,Margaret K. McElderry Books,Hardcover,535,2012,2012,,2020/08/03,book-physical,book-physical (#43),read,,,,1,0
29363501,"Fantastic Beasts and Where to Find Them: The Original Screenplay (Fantastic Beasts: The Original Screenplay, #1)",J.K. Rowling,"Rowling, J.K.",,"=""1338109065""","=""9781338109061""",4.0,Arthur A. Levine Books,Hardcover,293,2016,2016,2020/01/01,2020/08/03,book-physical,book-physical (#42),read,,,,1,0
30119,Where the Sidewalk Ends,Shel Silverstein,"Silverstein, Shel",,"=""0060513039""","=""9780060513030""",5.0,Harpercollins Childrens Books,Hardcover,176,2002,1974,,2020/08/03,book-physical,book-physical (#35),read,,,,1,0
13615,"Death Note, Vol. 1: Boredom (Death Note, #1)",Tsugumi Ohba,"Ohba, Tsugumi","Takeshi Obata, Pookie Rolf","=""1421501686""","=""9781421501680""",4.0,VIZ Media LLC,Paperback,195,2005,2004,,2020/08/03,manga,manga (#94),read,,,,1,0
271199,"Fruits Basket, Vol. 1",Natsuki Takaya,"Takaya, Natsuki",,"=""1591826039""","=""9781591826033""",5.0,TokyoPop Inc,Paperback,216,2004,1999,2020/01/01,2020/08/03,manga,manga (#93),read,,,,1,0
6692627,となりの怪物くん 1 [Tonari no Kaibutsu-kun 1],Robico,"Robico, Robico",ろびこ,"=""4063655407""","=""9784063655407""",5.0,Kodansha,Paperback,169,2009,2009,2020/01/01,2020/08/03,manga,manga (#90),read,,,,1,0
9876989,"Blue Exorcist, Vol. 1",Kazue Kato,"Kato, Kazue",John Werry,"=""""","=""9781421540320""",4.0,VIZ Media LLC,Paperback,202,2011,2009,,2020/08/03,manga,manga (#89),read,,,,1,0
23128387,"A Silent Voice, Vol. 1",Yoshitoki Oima,"Oima, Yoshitoki",Steven LeCroy,"=""163236056X""","=""9781632360564""",5.0,Kodansha Comics,Paperback,190,2015,2013,2020/01/01,2020/08/03,manga,manga (#88),read,,,,1,0
20263218,"聲の形 2 [Koe no Katachi 2] (A Silent Voice, #2)",Yoshitoki Oima,"Oima, Yoshitoki",大今良時,"=""4063950042""","=""9784063950045""",5.0,講談社,Paperback,192,2014,2014,2020/01/01,2020/08/03,manga,manga (#87),read,,,,1,0
22800468,"聲の形 3 [Koe no Katachi 3] (A Silent Voice, #3)",Yoshitoki Oima,"Oima, Yoshitoki",大今良時,"=""4063950360""","=""9784063950366""",5.0,講談社,Paperback,192,2014,2014,2020/01/01,2020/08/03,manga,manga (#86),read,,,,1,0
34324605,Confess,Colleen Hoover,"Hoover, Colleen",,"=""1501176838""","=""9781501176838""",3.0,Atria Books,Paperback,320,2017,2015,2020/01/01,2020/08/03,book-physical,book-physical (#30),read,I re-read this book a little while ago and though it's a bit cheesy from time to time. I really like that it sparks a bit of my creativity and inspiration. Its a comfort read that I look back onto here and now. ,,,1,0
33310533,魔道祖师 [Mó Dào Zǔ Shī],Mò Xiāng Tóng Xiù,"Xiù, Mò Xiāng Tóng",墨香铜臭,"=""""","=""""",5.0,jjwxc,Webnovel,1452,2016,2015,2020/01/01,2020/08/03,light-novel-translations,light-novel-translations (#28),read,,,,1,0
13335037,"Divergent (Divergent, #1)",Veronica Roth,"Roth, Veronica",,"=""0062024035""","=""9780062024039""",4.0,Katherine Tegen Books,Paperback,487,2012,2011,,2020/08/03,book-physical,book-physical (#28),read,,,,1,0
35504431,Turtles All the Way Down,John  Green,"Green, John",,"=""0525555366""","=""9780525555360""",4.0,Dutton Books for Young Readers,Hardcover,290,2017,2017,,2020/08/03,book-physical,book-physical (#26),read,,,,1,0
28763485,The Sun Is Also a Star,Nicola Yoon,"Yoon, Nicola",,"=""0553496689""","=""9780553496680""",5.0,Delacorte Press,Hardcover,344,2016,2016,2020/01/01,2020/08/03,book-physical,book-physical (#21),read,,,,1,0
41899,Fantastic Beasts and Where to Find Them,Newt Scamander,"Scamander, Newt",J.K. Rowling,"=""0439321603""","=""9780439321600""",4.0,"Obscurous Books, Arthur A. Levine Books",Hardcover,128,2001,2001,2020/01/01,2020/08/03,book-physical,book-physical (#18),read,,,,1,0
28219400,"Fruits Basket Collector's Edition, Vol. 1",Natsuki Takaya,"Takaya, Natsuki",,"=""0316360163""","=""9780316360166""",5.0,Yen Press,Paperback,400,2016,2016,,2020/08/03,manga,manga (#85),read,,,,1,0
31371228,Posted,John David  Anderson,"Anderson, John David",,"=""0062338226""","=""9780062338228""",2.0,Walden Pond Press,Unknown Binding,384,2017,2017,2020/08/19,2020/08/21,book-physical,book-physical (#17),read,"Read this with my little sister for her summer reading goals. I loved the throwback nostalgia this book's narrative style gave me. I fell utterly in love with the beauty of the modern storytelling of the lack of communication via texting/emails/social media and the way one can find his or her ""tribe"" in the world. Truly a great ""growing up and learning about who you really are"" story for little ones going into middle school. Still had some small concerns with the subtle messages the protagonist showed in his interactions with his fellow middle schoolers (not bothering to pronounce names correctly, fat-shaming, verbal abuse). However, this book is about growing up and that means going through the ugly part of interacting with others.",,,1,0
49563957,"레이디 투 퀸 1 (Lady to Queen, Season 1)",Kim So Hyun,"Hyun, Kim So",,"=""""","=""""",5.0,JusToon,Unbound,,2019,2019,2020/01/01,2020/09/27,light-novel-translations,light-novel-translations (#27),read,,,,1,0
53244738,"레이디 투 퀸 2 (Lady To Queen, #2)",Muso,"Muso, Muso","무소, Aczer","=""""","=""""",5.0,위즈덤하우스,ebook,,2018,2018,2020/01/01,2020/09/27,light-novel-translations,light-novel-translations (#26),read,,,,1,0
53244745,"레이디 투 퀸 3 (Lady To Queen, #3)",Muso,"Muso, Muso","무소, Aczer","=""""","=""""",5.0,위즈덤하우스,ebook,,2018,2018,2020/01/01,2020/09/27,light-novel-translations,light-novel-translations (#25),read,,,,1,0
53244759,"레이디 투 퀸 4 (Lady To Queen, #4)",Muso,"Muso, Muso","무소, Aczer","=""""","=""""",5.0,위즈덤하우스,ebook,,2018,2018,2020/01/01,2020/09/27,light-novel-translations,light-novel-translations (#24),read,,,,1,0
53244767,"레이디 투 퀸 5 (Lady To Queen, #5)",Muso,"Muso, Muso","무소, Aczer","=""""","=""""",4.0,위즈덤하우스,ebook,,2018,2018,2020/12/26,2020/09/27,light-novel-translations,light-novel-translations (#23),read,,,,1,0
41179843,Bringing the Nation's Husband Home,Ye Fei Ye,"Ye, Ye Fei",Kingbao,"=""""","=""""",3.0,Webnovel,ebook,,2017,,2020/01/01,2020/09/27,"manhwa, light-novel-translations","manhwa (#107), light-novel-translations (#22)",read,,,,1,0
53001539,Choco Latte,杏 (Ann),"(Ann), 杏",,"=""""","=""""",5.0,WEBTOON,ebook,,,,2021/02/24,2020/10/02,official-translations,official-translations (#15),read,"Ok so Choco Latte is on Hiatus and from what I have read so far the misunderstandings are the bane of my existence (but the resolutions are so so worth it). It's a cute story with no words and such a cute ""read"". A picture really does hold 1000 words for us to be able to read through with little to no words. Can't wait for an update! <br/>I'll revise this when I feel the need to update it.",,,1,0
49857151,Love Doesn't Talk,杏 (Ann),"(Ann), 杏",,"=""""","=""""",5.0,WEBTOON,ebook,58,2017,,2020/10/02,2020/10/02,official-translations,official-translations (#14),read,"I’ve gone back to this story just once more since I’ve completed it on Webtoons. The beauty of knowing just what is going on in each moment without words is really was engaged me as well as making me feel like the story was much closer to my heart since I am one to imagine just how they are talking and displaying their feelings. Misunderstandings are the bane of my existence but compared to other complicated dramas, novels, and manhwa this one felt a bit more simpler to deal with. A love story without I love you’s or really any talking at all. It’s a simplistic and pure story (though the second lead’s actions were very inappropriate/extreme I’m glad he got his redemption in the end as well). It’s a nice and chill read if it’s really reading😅😂 I enjoyed it and am looking forward to continue reading Choco Latte (the author’s other silent series) ☺️",,,1,0
52719592,"막내 황녀님 1 [Magnae Hwangnyeonim 1] (The Beloved Little Princess [Webtoon], Season 1)",Saha,"Saha, Saha",,"=""""","=""""",4.0,투유드림,ebook,,2020,2020,2021/10/14,2020/11/16,manhwa,manhwa (#104),read,"Alright so this is very cute at the start with what seems a clear path laid out for little Enisha. However,  the cute Enisha being obsessed over her family quickly moves along as the plot of the story thickens. <br/><br/>People from her past life (from the same world just a different role as Great Mage) are haunting her mainly her closest companions as the Great Mage and her greatest enemy. The Two mages pestering her seemed understanding but they are off... They have complicated pasts that tied their lives to the Great Mage more personally than anything. It seems like a obsession issue since it's been a long time and the Great Mage position could have easily being handed over to another person but they refuse. Enisha's greatest enemy is doing a 180 with his objective solely focusing on marrying Enisha (though she's LITERALLY A CHILD). Again both sides are threatening her past as a means to control her powers as Great Mage (reincarnated). We have the added complication that we don't even know how or why Enisha had originally died and reincarnated into the 3rd star of the Hyperion Empire. Oh well, we'll get there someday. <br/><br/>It's not overly political but there are times that politics do move the plot along. I did enjoy Enisha bonding with her family and also making friends with main lead Cahil but there's not nearly enough of that as she grows up too quickly. I do like that there is not issue to succession in this family as the twin brothers get along better and better each time they are on screen (especially with help of Enisha). I don't like how Enisha can't be herself and must hide and manipulate situations that could endanger her identity of the Great Mage from the past. I just like the idea of a Girl boss Female lead kicking a** in a dress with magic and sword at hand with her loving family supporting her as she deals with all her past enemies with new insight, but it's not going that way. T_T<br/><br/><br/>I'll get back to this when more seasons come along!",,,1,0
42192897,Mage & Demon Queen,NOT A BOOK,"BOOK, NOT A",,"=""""","=""""",0,,,,,,2023/02/09,2020/11/26,official-translations,official-translations (#12),read,,,,1,0
42733961,나 혼자만 레벨업 1 [Na Honjaman Level Up 1],Dubu,"Dubu, Dubu","장성락, Chugong, 추공","=""""","=""9791189320294""",4.0,디앤씨웹툰비즈,Paperback,312,2019,2019,2020/12/01,2020/12/01,manhwa,manhwa (#100),read,"Ok so being completely honest it was so captivating from start to finish. The story, the characters they all came together and felt alive. I really loved the active interference of the system in keeping its play challenged but alive and how Sung Jin-woo exploited it so well over time. It was an engaging read and the manhwa is so beautifully drawn. I was a bit annoyed at the start with such weak support characters that I thought would stick with Jin-woo all the way to the end, but I’m pleasantly surprised how it developed and how he became stronger. ",,,1,0
48999862,나 혼자만 레벨업 2 [Na Honjaman Level Up 2],Dubu,"Dubu, Dubu","장성락, Chugong, 추공","=""""","=""9791191363029""",4.0,디앤씨웹툰비즈,Paperback,300,2020,2020,2021/12/23,2020/12/01,manhwa,manhwa (#99),read,Ok so I’ve just finished Season 1 and for Season 2 it’s chapters 110-128 so far and I’m excited. I have high expectations for what I want answers for and what I’d like to see happen so I’ll be reading as its translation updates😆☺️<br/><br/>--I'll be continuing to read this currently on chapter 142 and I'll get back to editing this when it's done,,,1,0
24178,Charlotte’s Web,E.B. White,"White, E.B.","Garth Williams, Rosemary Wells","=""0064410935""","=""9780064410939""",4.0,HarperCollinsPublishers,Paperback,184,2001,1952,,2020/12/01,book-physical,book-physical (#15),read,,,,1,0
24213,Alice’s Adventures in Wonderland / Through the Looking-Glass,Lewis Carroll,"Carroll, Lewis","Martin Gardner, John Tenniel","=""""","=""""",3.0,Penguin Group (USA),Paperback,239,2000,1871,,2020/12/01,book-physical,book-physical (#14),read,,,,1,0
391729,The Tell-Tale Heart and Other Writings,Edgar Allan Poe,"Poe, Edgar Allan",,"=""0553212281""","=""9780553212280""",5.0,Bantam Classics,Mass Market Paperback,448,1983,1843,2020/01/01,2020/12/01,book-physical,book-physical (#12),read,,,,1,0
7784,The Lorax,Dr. Seuss,"Seuss, Dr.",,"=""0679889108""","=""9780679889106""",5.0,Random House Childrens Books,Hardcover,72,1998,1971,,2020/12/01,book-physical,book-physical (#11),read,,,,1,0
21348,Aesop’s Fables,Aesop,"Aesop, Aesop","Laura Harris, V.S. Vernon Jones, Edward Julius Detmold, G.K. Chesterton, Laura   Gibbs","=""0192840509""","=""9780192840509""",4.0,Oxford University Press,Paperback,352,2003,-560,,2020/12/01,book-physical,book-physical (#10),read,,,,1,0
33358536,Miss Abbott and the Doctor,Maripaz Villar,"Villar, Maripaz",,"=""""","=""""",4.0,,,1277,,,2021/03/25,2021/02/02,official-translations,official-translations (#11),read,,,,1,0
29436002,"Siren's Lament, Season 1",instantmiso,"instantmiso, instantmiso",,"=""""","=""""",5.0,Line Webtoon,Webtoon,84,,,2021/02/02,2021/02/02,official-translations,official-translations (#10),read,The plot thickens further... these cliffhangers and mini Siren Shorts going to be the death of my poor heart. The suspense or the sheer cutenesses from the chino art will stop my heart. Gosh the entire lore and rules set for sirens definitely are interesting not to mention the gorgeous art. The characters are so beautiful and ever changing little by little in their development. Though it seems my ship isn’t sailing I’ve enjoyed reading the first season so far. ,,,1,0
44428291,"Siren's Lament, Season 2",NOT A BOOK,"BOOK, NOT A",,"=""""","=""""",5.0,,Webtoon,88,,,2021/02/10,2021/02/02,official-translations,official-translations (#9),read,"The art gets better and better with every chapter 10/10. The music is absolutely beautiful and couldn’t have enhanced the reading experience and atmosphere any better. I truly fell in love with Lyra, Shon and Ian. Their growth and development as characters was just tear jerking and breath taking. The ending was one that I couldn’t have loved more and gosh I’m so happy my boy Ian could have his ending as great as the others. Pele and Tua spark joy in my heart I truly love both of them and their pure love for each other. Coen and his dreams of marrying Lyra 🤣 I’m glad all the little shorts were added in to tie up the loose ends. Thank you Miso and  KennyComics for an unbelievably beautiful read. <br/>💙💚💛",,,1,0
52800465,Solo leveling - light Novel (Solo leveling Vol 1),Chugong,"Chugong, Chugong",,"=""""","=""""",4.0,Web Novel,ebook,400,,,2021/02/14,2021/02/14,light-novel-translations,light-novel-translations (#21),read,,,,1,0
48722189,Mage & Demon Queen (Season 1),NOT A BOOK,"BOOK, NOT A",,"=""""","=""""",4.0,,,,2018,,2021/02/24,2021/02/24,official-translations,official-translations (#8),read,I didn't know what I was walking into when reading this webtoon but no gonna lie best decision. I  love the humor and all the characters (though Malori gets on my nerves a bit with her one track mind but I suppose that's the simplicity of it all). A human girl falling in love with the demon queen  very cute and a fun first season.,,,1,0
55636329,Mage & Demon Queen (Season 2),NOT A BOOK,"BOOK, NOT A",,"=""""","=""""",5.0,,,400,,,2021/02/24,2021/02/24,official-translations,official-translations (#7),read,The plot definitely deepened and still absolutely adore all the characters and their little past stories. I can't wait for the third season!,,,1,0
44668459,"루시아 1 (Lucia (Novel), #1)",Skye,"Skye, Skye",하늘가리기,"=""""","=""9791170019732""",4.0,조아라,ebook,302,2015,2014,2021/03/13,2021/03/20,light-novel-translations,light-novel-translations (#20),read,,,,1,0
49504851,"루시아 2 (Lucia (Novel), #2)",Skye,"Skye, Skye",하늘가리기,"=""""","=""""",4.0,,,,,,2021/03/14,2021/03/20,light-novel-translations,light-novel-translations (#19),read,,,,1,0
49505829,"루시아 3 (Lucia (Novel), #3)",Skye,"Skye, Skye",하늘가리기,"=""""","=""""",4.0,,Unknown Binding,,,,2021/03/15,2021/03/20,light-novel-translations,light-novel-translations (#18),read,,,,1,0
50994012,"루시아 4 (Lucia (Novel), #4)",Skye,"Skye, Skye",하늘가리기,"=""""","=""""",4.0,Samyang Romance,Paperback,,2018,,2021/03/16,2021/03/20,light-novel-translations,light-novel-translations (#17),read,,,,1,0
57114256,"루시아 5 (Lucia (Novel), #5)",Skye,"Skye, Skye",하늘가리기,"=""""","=""""",4.0,,ebook,,,,2021/03/17,2021/03/20,light-novel-translations,light-novel-translations (#16),read,,,,1,0
57114274,"루시아 6 (Lucia (Novel), #6)",Skye,"Skye, Skye",하늘가리기,"=""""","=""""",4.0,,ebook,,,,2021/03/18,2021/03/20,light-novel-translations,light-novel-translations (#15),read,,,,1,0
57114296,"루시아 7 (Lucia (Novel), #7)",Skye,"Skye, Skye",하늘가리기,"=""""","=""9791128353727""",4.0,피오렛,ebook,196,2017,,2021/03/19,2021/03/20,light-novel-translations,light-novel-translations (#14),read,,,,1,0
57114303,"루시아 8 (Lucia (Novel), #8)",Skye,"Skye, Skye",하늘가리기,"=""""","=""""",4.0,,ebook,,,,2021/03/20,2021/03/20,light-novel-translations,light-novel-translations (#13),read,,,,1,0
56127713,남주의 엄마가 되어버렸다 1 [Namjueui Eommaga Doeeobeoryeossda 1],Eongsseu,"Eongsseu, Eongsseu","Eun Chae Ko, San-Ho, 고은채, 엉쓰","=""""","=""9791173150616""",5.0,문페이스,Paperback,319,2025,2025,2021/10/04,2021/05/12,manhwa,manhwa (#93),read,"Currently on chapter 46.<br/>Unfortunately, the translation for this particular work is being neglected but I will surely come back to it when it starts up again. The plot twist is so so well done. It starts off on a cute note and honestly it just keeps getting cuter and more emotionally attached to me from there.",,,1,0
56678823,폭군을 길들이고 도망쳐버렸다 1 [Poggun-eul Gildeurigo Domangchyeobeoryeossda 1],Jihyun,"Jihyun, Jihyun","지현, Melting, 멜팅, Usoi, 유소이","=""""","=""9791190960267""",4.0,다온,ebook,,2021,2023,2022/01/15,2021/05/12,manhwa,manhwa (#92),read,"chapters 1-40 completed for this season!<br/><br/>This is a strange webtoon. So as a short plot summary it is about a girl who wanted nothing but the love of her family betrayed in the end. Charlize is the youngest daughter of a noble family and she was deeply hated and neglected because her birth caused the death of their mother. She grew up wanting to prove her worth and wanted love from those around her and unknowingly accepted the emperor's proposal to be his sword. Normally being someone's sword means to be their right hand man in war and guard etc (it's like being the imperial commander in a way but personally for the emperor). However, the emperor LITERALLY meant for Charlize to become a sword (a living breathing metal sword).<br/><br/>As you can expect this was not her dream... for generations the emperor and his follow predecessor all used Kiera (her sword name) to slaughter and kill whoever they pleased. Slowly she lost every bit of humanity in her as she begged for a chance to find revenge after 500 years of pain and torment. <br/><br/>And bam, the story starts at the beginning with Charlize still just a young child with plenty of time to seek and execute her revenge plan on the Empire's emperor as well as place a tyrant in his place to destroy the empire.<br/><br/><spoiler>I was expecting a lot more detailed dethronement of the emperor and his slow death. I was EXTREMELY disappointed that it wasn't shown in more detail especially after emphasizing that this was Charlize's only wish. I wonder where this story will go now that the main conflict has resolved itself and all the smaller issues pertaining her family and past lover are pretty clear for Charlize. She doesn't hate or love any of them. She is indifferent to any of their existences so whatever they do doesn't matter to her one way or another. She should just spell it out to her tyrant whether she likes him or not and that's that also. It's not really that big of a deal now unless some random conflict arises this practically concluded the plot. I'm not sure if I will really continue this but I'll come back to it once completed.</spoiler><br/><br/>",,,1,0
33358571,Super Secret (슈퍼 시크릿),EON,"EON, EON",,"=""""","=""""",5.0,LINE Webtoon,ebook,1968,2016,,2021/07/11,2021/07/11,official-translations,official-translations (#5),read,"I read this as part of the webtoons 100 chapter/100 coins contest(?) Of the 7 choices, this was definitely the one that caught my eye in terms of artistic appeal and bubbly color palette. <br/><br/>Starting off, I enjoyed the humor and cute wholesome vibes the webtoon was giving me. I loved all the characters for their little quirks and strong personalities though not going to lie (<spoiler> Inna and Kate definitely written well enough to cause me to eye roll each time I saw them </spoiler>). I enjoyed the main two leads finally learn to speak for themselves and be honest with each other and themselves. This was a very cute story! With elements of fantasy, everyone hiding their secrets as being a supernatural creature, and an adorable romance..  what else can you ask for there! <br/><br/>Though the story tied up nicely for the main leads, I was definitely left wanting more from the side characters. In the forward left by the author, I can agree with the fan votes with Johan being my second favorite on the list. Even lovely Kat is up there on the list of favorites with a somewhat clear ending but stillll!!!  It's a shame that we don't get full closure for the others, I would have liked to see a bit more from this.. especially in terms of romantic endeavors. ",,,1,0
18584855,Heartless,Marissa Meyer,"Meyer, Marissa",,"=""1250044650""","=""9781250044655""",4.0,Feiwel & Friends,Hardcover,453,2016,2016,2021/08/01,2021/07/11,book-physical,book-physical (#3),read,,,,1,0
41148397,Trial Marriage Husband: Need to Work Hard,Passion Honey,"Honey, Passion",Yunyi,"=""""","=""""",4.0,Webnovel,ebook,,2017,,2021/12/17,2021/09/30,light-novel-translations,light-novel-translations (#12),read,"dropped at chapter 781<br/><br/>I enjoyed the plot and all of the smaller arcs that followed Tangning's rise to fame. It was highly addicting to listen to the audio as I walked to classes and during chores. It does get repetitive (which is why I'm letting go now) but the situations are always interesting. The way PR handles the issues pertaining to their artists isn't always perfect which is realistic to an extent. The imperfections are what allow the situations to repeat in a slightly different manner. Regardless, the main point is that this is a tale in which the rise to fame isn't sweet and simple, but filled with heartache. Tangning got the best form of support she could have ever needed through her husband. The two main characters are faithful to each other. They love each other and respect the other's wishes and support the other wholeheartedly. It's a lovely relationship, but I do wish ML did show more interest and parental love to his and Tangning's children. All in all, I feel the place I dropped the story is fine since it does finish the arc and does leave it off at the place where I can rest easy knowing the two main characters and all of the supporting characters are doing well and will live happy lives. ",,,1,0
55454094,"This Villainess Wants a Divorce! Season 1 (Survive As The Hero's Wife, Season 1)",Nokki,"Nokki, Nokki",,"=""""","=""""",5.0,TAPAS MEDIA,,,2020,2021,2021/10/04,2021/10/04,manhwa,manhwa (#91),read,"114 Chapters<br/><br/>I enjoyed the characters and the loving relationship between the main leads and the supporting characters are all so charming. I have to say that the last arc was a bit lackluster though. <spoiler> Oscar's arc could have been so so so much more but it felt a tiny bit rushed at the finale. I understand that Oscar wants to remain ""dead"" to the world but was that all... With so much going on like the Pharm Family conspiring against the Empire and causing an uprising...  a lot could have happened, but it ended shortly. It wasn't as satisfying of an ending as I had honestly hoped but it somehow suits the main lead's personalities to just let it go. They have a new future to take care of now (I wish we got to see some kids though!!!!!) </spoiler><br/><br/>Well, regardless of the ending I enjoyed the sweet read. It was a fun journey with both Caesar and Carnia. (I wish we could have gotten a bit more from the side characters!!! )",,,1,0
45692546,"어느 날 공주가 되어버렸다 1 [Eoneu Nal Gongjuga Doeeobeoryeotda 1] (Who Made Me a Princess, Season 1)",Spoon,"Spoon, Spoon",,"=""""","=""""",5.0,"CARROTOON, KakaoPage",Manhwa,46,2017,2019,2021/10/17,2021/10/04,manhwa,manhwa (#90),read,I'm currently on chapter 110 of the webtoon and it's still updating (but I've caught up to a good point in the story to write a review). <br/><br/>The plot with the emperor losing his memory/attachment to his only daughter was heartbreakingly good. I was moved by how much he persisted to love her <spoiler> even when he lost his memory again and was under the influence of the other girl (his niece)!</spoiler> in his own special way. It's not an overly doting love but a stable one that anyone can honestly adore. <br/><br/>Cute adorable images of both father and daughter and a great read while you're at it. 10/10 would recommend to anyone looking to read up on a cute story of a daughter getting recognition and becoming a stronger person for herself and others. ,,,1,0
51860014,"레이디 베이비 1 (Lady Baby [Webtoon], Season 1)",HAEON,"HAEON, HAEON",,"=""""","=""""",5.0,초코미디머,ebook,,2018,2018,2022/12/25,2021/10/04,manhwa,manhwa (#89),read,,,,1,0
42406067,Freaking Romance,NOT A BOOK,"BOOK, NOT A",,"=""""","=""""",5.0,Line Webtoons,,79,2018,,2021/12/17,2021/10/15,official-translations,official-translations (#4),read,I seriously love the art. It's gorgeous... I can't for the life of me believe I waited so long to pick this up. I hundred percent love all the thought the author put into creating this beautiful world with these beautiful characters. They aren't just attractive but seriously so in-depth with their personality and backgrounds. It's a strange romance for sure but I do enjoy reading it so far. ,,,1,0
52856965,"악당의 아빠를 꼬셔라 1 [Agdangeui Abbareul Ggosyeora 1] (Flirting with The Villain's Dad [Webtoon], Season 1)",Dalseul,"Dalseul, Dalseul",,"=""""","=""""",5.0,"연담, 다온",ebook,,2020,2020,2021/10/19,2021/10/17,manhwa,manhwa (#88),read,,,,1,0
48842364,"잘못된 고백 1 [Jalmotdoen Gobaek 1] (False Confession [Webtoon], Season 1)",Cooara,"Cooara, Cooara",,"=""""","=""""",4.0,다온스튜디오,ebook,,2019,2019,2021/08/27,2021/10/19,manhwa,manhwa (#86),read,"Season 1 completed!<br/><br/>The 2 Male leads are interesting, to say the least. I don't see how people struggled to choose between the two. It was pretty easy to draw a line in my case. ( <spoiler> guess I'm a sucker for dark-haired men lol </spoiler> )  I didn't like Rene all that much at the start, but she is a very refreshing person in the manhua world. She wants and easy life (who doesn't). She isn't interested in much fame or anything really, she's the greedy type though. Money is the way to her heart (at least at the start). That's how she ends up going to war. Her simple life plans went crashing down as she is carted away to war as essentially a nurse (heals the injured through her healing powers) for the sole purpose of getting monetary gain after the war is over. She travels alongside the two male leads and immediately takes a liking to the Prince. It eventually dawns on Rene that War is <b> rough </b>. She slowly starts opening her eyes (but a bit late) to both men after she accidentally confesses her crush to the 'wrong' male lead. I honestly would have chosen him from the start but ya know ~Conflict and Misunderstandings~. I wonder how it's going to go down in Season 2! ",,,1,0
51036864,버림 받은 황비 3 [Beorim Badeun Hwangbi 3],Ina,"Ina, Ina","인아, Yuna ., 정유나","=""""","=""9791189320317""",5.0,"D&C Webtoon, KakaoPage",Paperback,248,2019,2019,2021/10/24,2021/10/20,manhwa,manhwa (#83),read,"Season 3 chapters 87-117 complete and<br/>Oh my gosh, CHILLS! <br/>At the start I was just getting closer and closer to ripping off Allendis' head. He was definitely not in his right mind set the closer he was getting to Tia. I'm kind of glad he could stop himself from becoming a danger to her even more than he already had. <br/>Carsein is just such a sweetie. When his accident had occurred I really did hope that it would be nothing because Carsein deserved the world. Serious protect this precious kid. <br/>Now the real matter.<br/>Jieun is back. She looks like she's gone through some stuff. I wonder what exactly had happened in the past after Tia had been beheaded... It doesn't look like it was such a happy ending after all.<br/>I stan this holy priest though! He's not only very cute but he seems to be meddling in just the right circumstances. I really appreciate his appreance causing such changes in this new timeline.<br/><br/>now the spoilers are down below:<br/><spoiler>Jieun is TERIFFYING. Oh my god I had chills when she revealed that she could remember Tia. Implying she knows that they both went back in time and now Jieun is really out to destroy Tia completely. What did my girl ever do to you? Jieun was the sole reason why everything kept crashing down. Unless she's convinced that she had been attacked by Tia's father and lost her child that way I can't see why she would spite Tia like this. She just needs to be put in her place (preferably back in the other world so I don't have to see her again). </spoiler>",,,1,0
51067722,버림 받은 황비 4 [Beorim Badeun Hwangbi 4],Ina,"Ina, Ina","인아, Yuna ., 정유나","=""1189320371""","=""9791189320379""",4.0,D&C Media,Paperback,244,2020,2020,2021/10/25,2021/10/20,manhwa,manhwa (#82),read,"Season 4, chapters 118-145, Abandoned Empress series completed. <br/><br/>I really like the start of the series. Aristia was headstrong in her determination to not love Prince Ruve, but at some point, her conviction to that statement became like an excuse for her to just hide. I really really hated her indecisiveness. She's make her decision and then be glad it wasn't followed through and then continue on making the same type of decisions over and over. Honestly, Jieun had a better resolve than Tia ever did. Jieun served her part well in this second life and I think she's much happier in this life now too. <br/><br/>It was an overall acceptable ending though it seemed very rushed the last 10 chapters. It touched up on all the major plot points and all the characters reaped what they had sown. <br/><br/><spoiler>I respect Carsein's decision to hold back his feelings in order to just keep Tia close as a friend unlike Allendis crossing the line and literally disappearing from sight. I get that there shouldn't be happy endings for everyone but it doesn't feel like we really closed the chapter on Tia's potential lovers.<br/>I really loved that Jieun revealed that she wanted to desperately change the past as well by getting revenge on those who put a sword through her and broke her heart. I couldn't stand her at first, but now I see she was also a victim of misunderstandings. Ruve never received love so he didn't know how to love. Jieun only ever received love but didn't know how to give back. Aristia only ever wanted to be loved and gave Ruve all of her love, but died without ever having it reciprocated. <br/><br/>It was surprising that Ruve actually started to miss Tia after he had killed her. So much so that he distanced himself from Jieun in a matter of 4 years. Part of the reasons why he had been so quick to anger and couldn't tolerate anything had been his misunderstandings and jealousy of Tia and poison. I wish we got more info on the details of this poison but hey it cleared up a lot. I lowkey wished we had snippets from the past that showed how both Ruve and Tia had been poisoned and slowly succumbed to their fates (through underhanded schemes). An overall tragic story with a redeemable ending. I loved it but it had to be docked down to 4 stars because of Tia's constant indecisiveness. </spoiler>",,,1,0
56655126,괴물 황태자의 아내가 되었습니다 [Goemul Hwangtaeja-eui Anaega Doeeossseubnida] (The Little Princess and Her Monster Prince [Novel]),Namu Jang,"Jang, Namu","Ruck, 꿈결나무, 러기","=""""","=""""",5.0,"곁beside, 위즈덤하무스",ebook,,2020,2020,2021/11/14,2021/11/06,manhwa,manhwa (#77),read,Currently on chapter 40 of the manhwa.<br/><br/>The art is adorable. If you're looking for cute kids being cute together. This is the one. <br/><br/>The story is deep and it gets darker (but the manhwa hasn't gotten there yet). It's really a lot of self-love and learning to love that's tearjerking. I love that the past life's memories served an important role in Ancia's closeness to her future husband and father-in-law...<br/><br/>I'll be finishing reading the novel as soon as I get a chance.,,,1,0
53318965,"악당의 엄마가 되어버렸다 1 [Agdang-eui Eommaga Dweeobeoryeossda 1] (I Became the Villain's Mother [Webtoon], Season 1)",NOT A BOOK,"BOOK, NOT A",,"=""""","=""""",0,다온크리메이티브,ebook,,2020,2020,2023/07/21,2021/11/14,manhwa,manhwa (#72),read,,,,1,0
57379651,"악녀를 죽여 줘 1 [Agnyeoreul Jugyeo Jwo 1] (Kill the Villainess [Webtoon], Season 1)",Haegi,"Haegi, Haegi","Your April, 사월생, 해기","=""""","=""9791191363722""",5.0,디앤씨웹툰비즈,ebook,,2021,2023,2021/11/17,2021/11/17,manhwa,manhwa (#71),read,"Season 1 Chapters 1-44 completed!<br/><br/>Eris is so refreshing to see. She migrates into this new world as a Villainess from the novel she read recently. She repeatedly wants to return home as the life she has in this novel is harsh and not at all warm like what her previous life had been like. Though her previous family doted more on her younger brother and she resented her parents for it, it wasn't a bad life. She dearly misses her mom's food and cries about it. She takes action trying to die to return, but the novel passes it off as another subplot in the story and she continues to evade death.<br/><br/>Throughout the entirety of the webtoon. Eris seeks a way out of the world and discovers that there are characters that had not been in the novel's premise that built up to the moment she came into the world. It's most surprising that her maid, Emma actually figured out that Eris was not ""Eris"". Her ticks and habits, way of speaking, and mannerisms all changed... But she still stood by Eris' side. It may have been in hopes of one day having her Lady back, but I choose to see it as Emma knowing that Eris wants the same thing as to disappear like her previous lady. Emma understands and sympathizes that Eris is in a harsh world with no one by her side except for her so she sticks by her loyally. <br/><br/>Anakin is an interesting person. He is most definitely endgame, but only time will tell. I do wish that things will get better for Eris and him eventually.<br/><br/>The female lead Helena is so complacent it annoys me. She gets used and just lets it happen. Her lack of being proactive in the story is why Eris and her are in such a position. I don't think anyone actually loves Helena, nor does she. It's just unfortunate that her inability to make decisions and take action are the reason why, she is being manipulated into a puppet for everyone to use. Her role as a smiling beautiful heroine just makes me sick. She chose to forgive Eris for all she's done? No one needs that forgiveness, in fact spite her! Do something! Helena do something more than let the world walk all over you. <br/><br/>The Empress is pitiful but her reasoning to torture Eris just to spite her father is useless and she should have known. Even Eris knows, her father never realized that his daughter changed until she mentioned it. Eris's father never loved either the original Eris or the current her. If he had, the engagement would have been called off a long time ago, but he allowed the world to kill his daughter. <br/><br/>The Crown princess is s***. He claims that Helena is both of their friends but he doesn't even treat Eris like she is his friend from childhood. He doesn't listen to her explanations. He doesn't give her any face (respect) nor does he ever acknowledge that she isn't the one manipulating his pov of her. That day of the debut he looked to Eris immediately after entering. Piece of S*** was looking to see Eris' reaction, but she gives no f***s about his actions. I hate him the absolute most. <br/><br/>The high priest is going through some trauma for sure. He can't make up his mind, but then also turns his back to Eris as quickly as he comes to a conclusion about her. I don't want to know his further. <br/><br/>Jason. Why do I feel he isn't actually in love with Helena... I don't know just something in my guts telling me he's being misunderstood. But again Anakin best candidate~<br/><br/><br/>Can't wait for season 2... The plot will thicken and it will be a fight against the flow of the story.",,,1,0
30070432,"ヲタクに恋は難しい 2 [Wotaku ni Koi wa Muzukashii 2] (Wotakoi: Love Is Hard for Otaku, #2)",Fujita,"Fujita, Fujita",,"=""475800899X""","=""9784758008990""",4.0,一迅社,Paperback,127,2016,2016,2021/12/02,2021/12/01,manga,manga (#80),read,Volume 2 complete! This is just as cutesy as the first volume! I especially loved the thunder storm episode and the flashbacks to Hirotaka's and Narumi's childhood. They were so adorable and it shows just how close they are to each other. It's very sweet and its so far staying true to the anime adaption as well. ,,,1,0
33622450,"ヲタクに恋は難しい 3 [Wotaku ni Koi wa Muzukashii 3] (Wotakoi: Love Is Hard for Otaku, #3)",Fujita,"Fujita, Fujita",,"=""4758009341""","=""9784758009348""",5.0,一迅社,Paperback,127,2016,2016,2021/12/02,2021/12/01,manga,manga (#79),read,Volume 3 Complete! I think I loved this volume for more than the first 2! The overall plot had been the date between Hirotaka and Narumi the two set from Vol 2. It hadn't been linear but separated into little parts throughout the volume and it made for a far more interesting set up. In between the date episodes we actually have our new pairing introduced!<br/><br/>Nao (Hirotaka's younger by 7 years brother) and Kou (Nao's College friend) are so adorable! Kou's tomboy look is so cute and it's a shame people mistake her for a guy. Poor Nao is also oblivious to the fact that she's actually a girl. <br/><br/>I love the end message that it's okay to take your time in relationships. There's no need to rush things just keep moving at a pace that's comfortable for the both of you in the relationship. It's a sweet ending to the date and I can't wait for more like this in the other volumes out there~,,,1,0
35836189,"ヲタクに恋は難しい 4 [Wotaku ni Koi wa Muzukashii 4] (Wotakoi: Love Is Hard for Otaku, #4)",Fujita,"Fujita, Fujita",,"=""4758009511""","=""9784758009515""",4.0,一迅社,Paperback,127,2017,2017,2021/12/02,2021/12/01,manga,manga (#78),read,"Volume 4 complete! I don't know this season moved by so so quickly. Not saying it was better or worse than the previous ones, this just felt far shorter in comparison to the previous seasons. I enjoyed the episodic formatting but because there was not an overall arc this time around I guess it ended super fast. I still enjoyed all the youth flashbacks and all the cuteness of the secondary ships. I really can't wait for Nao and Kou's ship to sail~",,,1,0
37775498,"ヲタクに恋は難しい 5 [Wotaku ni Koi wa Muzukashii 5] (Wotakoi: Love Is Hard for Otaku, #5)",Fujita,"Fujita, Fujita",,"=""4758009791""","=""9784758009799""",5.0,一迅社,Paperback,127,2018,2018,2021/12/02,2021/12/01,manga,manga (#77),read,Volume 5 completed! The misunderstands of Kou being a girl is resolved! And it doesn't take years to resolve like some other mangas out there! Overall super sweet volume and includes Narumi's dive into cosplaying with Hanako-chan~~ Next up seems to be a company trip with many many conflicting expectations and I can not wait to see how things develop between our ships!,,,1,0
40281637,"ヲタクに恋は難しい 6 [Wotaku ni Koi wa Muzukashii 6] (Wotakoi: Love Is Hard for Otaku, #6)",Fujita,"Fujita, Fujita",,"=""4758009872""","=""9784758009874""",4.0,一迅社,Paperback,127,2018,2018,2021/12/03,2021/12/01,manga,manga (#76),read,Volume 6 complete! I really like the overall arcs being dispersed through out the volume type style this is set up in. I enjoyed the company trip and all the conflicting expectations they all had. Hanako and Kabakura are just so gosh darn cute! Him being drunk and that scene gosh >////< <br/>I may have lost track as to what Hirotaka's wish had been at the shrine but I'm happy he's happy that it was way better than an 8 SSR gacha pull. (Also love how the group is growing more with Kou becoming a member of the Otaku group +Nao and all the non-Otaku coworker group is also growing) The misunderstandings about Narumi and Hirotaka are hilarious as all of them suspect something but its all a miss. XD<br/><br/>I can't wait to see more in the next volume!,,,1,0
41924314,"ヲタクに恋は難しい 7 [Wotaku ni Koi wa Muzukashii 7] (Wotakoi: Love is Hard for Otaku, #7)",Fujita,"Fujita, Fujita",,"=""4758020191""","=""9784758020190""",4.0,一迅社,Paperback,192,2019,2019,2021/12/02,2021/12/01,manga,manga (#75),read,"Volume 7 completed!<br/>I feel like I've been robbed!!! Hanako and Kabakura's arc with the necklace definitely did not have a conclusive end to it!!! Poor Hanako cares for the memories of the necklace and it's significance but Kabakura doesn't really see it that way. He might, but it seemed to have blown out of proportion since Hanako seemed to have been down already from the fact that they both don't fight anymore. Like Kabakura isn't bothered to care about picking a fight with her anymore... The misunderstands is making me feel miserable and Kaba-kun is definitely not prepared to fix this entire situation with how it ended.<br/>HUGE SPOILER CAUSE I DEFINITELY MISSED A CHAPTER:<br/><spoiler>KABAKURA AND HANAKO ARE GETTING MARRIED!!!!! now that's how you fix such a huge fight after such a misunderstanding I thought I was losing it..</spoiler><br/><br/>On a side note, Hirotaka is a sweetheart. Narumi on new years eve's deadline is a scary thing. However, I like to think Hirotaka would go through all that over again if it makes her happy haha.. I need some closure on my second favorite ship!! <br/><br/>Nao and Kou are equally as adorable as before but it looks like they are staying friends for a while longer. Nao's two buddies are adorable! They ship Nao and Kou harder than anyone else and I'm loving their conversations together! <br/><br/>Can't wait for the next season~",,,1,0
49210684,"ヲタクに恋は難しい 8 [Wotaku ni Koi wa Muzukashii 8] (Wotakoi: Love Is Hard for Otaku, #8)",Fujita,"Fujita, Fujita",,"=""4758020582""","=""9784758020589""",5.0,一迅社,Paperback,127,2019,2019,2021/12/03,2021/12/01,manga,manga (#74),read,"Volume 8 completed!!<br/><br/>Spoiler from the last volume <spoiler>Kabakura and Hanako are getting married~! I serious love the two of them and them announcing it to their colleagues is just too funny haha!</spoiler><br/><br/>Alright, now I have to say episode 59 is my all-time favorite milestone for Hirotaka and Narumi's relationship. It's just so cute (I literally started to screech not expecting that at allllll from Hirotaka after Narumi called defeat). These tidbits of romance are just gold and I live for it. I mean come on, he instantly saved the game and ran after her and tripped trying to grab her bag, stopping her from leaving~ I love how honest and straightforward he was in that moment too... I need this in my life gosh, it's too sweet/cute for my heart to take.<br/><br/>Nao and Kou are again too cute. I need more progress in their relationship ASAP!!! Their interactions are becoming so much more natural and it's heartwarming. Even Hirotaka acknowledges the changes (for better) in Nao and that last conversation at cafe was perfection. I cannot wait for that next volume!! So much will happen and I can't wait to read it!",,,1,0
54779158,"ヲタクに恋は難しい 9 [Wotaku ni Koi wa Muzukashii 9] (Wotakoi: Love Is Hard for Otaku, #9)",Fujita,"Fujita, Fujita",,"=""4758021201""","=""9784758021203""",5.0,一迅社,Paperback,127,2020,2020,2021/12/03,2021/12/01,manga,manga (#73),read,"Volume 9 Completed and what a rollercoaster!<br/><br/>God those two for their wedding .... it makes me tear up. I love that they stay true even during the episodes following up to the wedding with the different style choices causing conflicts and understanding. It's just so so wholesome and I'm loving it.<br/><br/>Kabakura-kun and Kabakura-sama are <3 goals.  (I really do wonder how they will refer to Hanako after this volume)<br/><br/>The main ship Hirotaka and Narumi are a whole(some) struggle. Hirotaka's thoughts just keep getting bolder and its making me laugher harder each time. Narumi's understanding and interactions with Hirotaka are also very sweet. I do love their sweet moments a lot though I wish there was more. Again, Hirotaka wants to take this slow at his own pace, and I'm happy as long as he and Narumi are happy~<br/><br/><br/>My two awkward little ones.. Sigh Nao and Kou are struggling to express themselves to each other but soon.. Next Volume~!<br/><br/><br/>",,,1,0
57205603,ヲタクに恋は難しい 10,Fujita,"Fujita, Fujita",,"=""""","=""""",5.0,一迅社,Kindle Edition,127,2021,2021,2021/12/03,2021/12/01,manga,manga (#72),read,"Volume 10 completed!<br/><br/>All ship captains aboard!!! All our ships have set sail~! I'm so happy for our beloved married couple's newlywed lives. I'm so happy for their interactions staying true to their characters and their bickering just keeps getting more hilarious and cute each time haha. <br/><br/>I love the Nifuji brother's bond time. This type of wholesome moments are well worth my time and energy. The two are so different but similar I can't help but smile. <br/><br/>Hirotaka and Narumi are taking it slow but I enjoy they talk more and have a bit more skin ship~ Comforting or teasing the other is just so endearing.  (I can't get over that Nao casually mentions that Hirotaka's always loved Narumi... These sweets will give me diabetes at this rate.)<br/><br/>Now the big one. Nao I'm so proud of you. I'm also so proud of you Kou. The misunderstandings were so so so brutal but well worth the outcome that followed. I need my girl, Kou, to learn self love through Nao's gentle sunshine self. I wish I could jump into the next volume immediately (T-T)<br/><br/>",,,1,0
59410654,ヲタクに恋は難しい 11 [Wotaku ni Koi wa Muzukashii 11],Fujita,"Fujita, Fujita",,"=""475802281X""","=""9784758022811""",5.0,‎一迅社,Paperback,136,2021,2021,2022/04/04,2021/12/01,manga,manga (#71),read,"Last volume!!  <br/><br/>Can I just say, the ships are adorable!! It's been a long time since I've returned to this series since its translation just dropped only recently. Even so, the memorable characters are their loveable personalities really just brightened up my day instantly. <br/><br/>That dentist scene has me cackling. In his (Hirotaka) time of panic, the only thought that he could hold on top strongly was of Narumi. I half expected him to come back in tears in front of Narumi but he tried to be smooth saying it went easily. It was cute.. in contrast to that, the deep dive into what was going through Hirotaka's mind when he asked Narumi out was DEEP. That was such a touching moment. It showed quite clearly he was afraid of crossing a line endangering his friendship with Narumi. But the cost of losing her a friend was as bad as if he could never really grow out of being just a friend to her. I loved how she shows up as a light to him in his darkest times. <br/><br/>Episode 85! Thank you for blessing my eyes. ",,,1,0
31826480,"Wotakoi: Love is Hard for Otaku, Vol. 1",Fujita,"Fujita, Fujita",,"=""1632367041""","=""9781632367044""",5.0,Kodansha Comics,Paperback,274,2018,2018,2021/12/01,2021/12/01,manga,manga (#70),read,"""We're together because I love you... and I like seeing you doing things that make you happy."" -Hirotaka <br/><br/>**There is also an anime floating out there and its 13 episodes are about 20-ish minutes each episode (well worth the watch!!)**<br/><br/>So this first volume takes a dive into childhood friends Hirotaka and Narumi and it's clear they are the main couple. The other couple introduced to us are very supportive of the main couple though I'm not so sure how healthy their own romantic lives are. They all have their unique hobbies and quirks. Each of them are so memorable and fully fleshed out (I'd love to have friends like them, to be honest).<br/><br/>That being said, this will be a rough read for anyone who is not remotely interested in anime/games/mangas and the overall otaku lifestyle. There are so many references to all of those mentioned above that you really do need footnotes here and there sometimes if you didn't catch the references. Overall I really really love how refreshing and relatable this is. I personally can't call myself a hardcore Otaku but I do love anime/games/manga so as a young adult trying to find love in this life I find it nice to see it through a different lens. There are so many animes out there that start romance pursuits from a high school setting so this really is different in the sense that they are all adults working, making money, and drinking legally. It's a different but comfortable atmosphere. ",,,1,0
55445141,Freaking Romance Season 2,NOT A BOOK,"BOOK, NOT A",,"=""""","=""""",5.0,Webtoon,ebook,,2019,,2021/12/17,2021/12/17,official-translations,official-translations (#3),read,,,,1,0
59026560,Flatmates with benefits,Nikkicha,"Nikkicha, Nikkicha",,"=""""","=""""",4.0,,,,,,2021/12/23,2021/12/23,official-translations,official-translations (#2),read,"All caught up to the current chapter ""Neglected"" (chap 101) <br/>This on webtoons!<br/><br/>Ray goes to surprise her boyfriend Nathan with cookies and catches him cheating. ""It's not what you think... This is my sister!"" somehow that line makes the scene a thousand times worse and hilarious. Ray without missing a heartbeat, throws the plate of cookies at him before storming away. <br/><br/>She promptly gets into a drunk girl talk with her best friend Jade. Jade says that she should just fish for a better catch and that Nathan's not worth those tears. They eventually move onto the pressing topic of Ray needing to move out of Nathan and her place. Not drunk at allllll, she finds a place that's relatively affordable posted up by a person named AshL (Ashley they assume).<br/><br/>It was not an Ashley but a (cute hamster-loving) physical trainer named Ash Lane... The misunderstandings are just starting..<br/><br/>It was a enjoyable read that you could finish in an hour or two. I love the characters but definitely a very slow burn.",,,1,0
55445196,Freaking Romance Season 3,NOT A BOOK,"BOOK, NOT A",,"=""""","=""""",5.0,LINE Webtoon,,,2020,,2021/12/18,2021/12/17,official-translations,official-translations (#1),read,"I shipped Zelan and Zylith throughout the entire series but I also wanted Verose to find someone who makes them happy and safe. And Aushi broke my heart, that sweet soft boi. I seriously love them all so much. I don't like that freaking repairer. Toyed with my heart too much.. Overall great character growth and though this conclusion isn't something I loved (because of so many loose ends [<spoiler>Like what happened to Zylith's Father and mother now, Poor Verose still alone, but I think she's made peace with just having Zylith alive and well. I need to know what happens to Aushi now.. He again really did love Zylith, though he always knew she would let go of his hand one day. </spoiler>] I loved how far everyone got and understood what they all needed.",,,1,0
51036010,"양판소 주인공의 아내로 살아남기 2 [Yangpansu Juingong'eui Anero Sar'anamgi 2] (This Villainess Wants a Divorce! [Webtoon], Season 2)",Nokki,"Nokki, Nokki",,"=""""","=""""",5.0,연담,ebook,,2019,2019,2021/10/04,2021/12/23,manhwa,manhwa (#65),read,,,,1,0
54475139,"양판소 주인공의 아내로 살아남기 3 [Yangpansu Juingong'eui Anero Sar'anamgi 3] (This Villainess Wants a Divorce! [Webtoon], Season 3)",Nokki,"Nokki, Nokki",,"=""""","=""""",4.0,연담,ebook,,2020,2023,2021/10/04,2021/12/23,manhwa,manhwa (#64),read,,,,1,0
58951045,"양판소 주인공의 아내로 살아남기 4 [Yangpansu Juingong'eui Anero Sar'anamgi 4] (This Villainess Wants a Divorce! [Webtoon], Season 4)",Nokki,"Nokki, Nokki",,"=""""","=""""",4.0,연담,ebook,,2021,2021,2021/10/04,2021/12/23,manhwa,manhwa (#63),read,,,,1,0
51750625,"황자님께 입덕합니다 1 [Hwangja-nimgge Ibdeoghabnida 1] (I Stan the Prince, Season 1)",zoo sun,"sun, zoo",,"=""""","=""""",5.0,MSTORYHUB8125,ebook,,2020,2020,2020/09/17,2021/12/23,manhwa,manhwa (#62),read,"I really love Angela and her personality. She knows her strength isn't in her appearance or anything like that. She has her strength in her beliefs and her writings. Her book is powerful in both propaganda as well as conveying her true inner feelings. It's a sweet story of a fan stanning an unloved prince and having those feelings bloom into love and reciprocated eventually. I have some ideas on where this is heading but I'm not sure if that drastic turn will take place. <spoiler>I'm thinking that ML's sister will actually continue ruling instead of him, because he really has no interest  in politics or war for a matter of fact. It seems that she is a lot more invested and it would be better for her to have it so that MLs can lead a peaceful life together away from it all. </spoiler> Regardless of how it's going, I'm getting so invested into all of the characters like Mano, the Crown Princess and the Crown prince. My heart breaks for all of the misunderstandings happening and all of the underhanded scheming taking place under all of their noses. ",,,1,0
46029443,"Komi Can’t Communicate, Vol. 1",Tomohito Oda,"Oda, Tomohito",,"=""1974712125""","=""9781974712120""",5.0,VIZ Media,Kindle Edition,192,2019,2016,2021/12/28,2021/12/26,manga,manga (#69),read,"There's an anime adaption on Netflix that I highly recommend! It so beautifully shows the pivotal moment of Tadano and Komi meeting and conversing together. <br/>People with social anxiety have trouble communicating with others, but just because they struggle to form that connection it does not mean they don't want to converse with others. Komi suffers from severe social anxiety and it comes off as a cold ice queen vibe to others, except for Tadano. He is exceptionally talented at reading the room to the point Osana Najimi (a side character who people don't really know the gender of) thinks Tadano's a mind reader. It's very cute and its definitely a fun read. This is one of those typical highschool slice-of-life reads that are fun to binge through so I'll be reading the other volumes shortly after this one. <br/>Komi is a sweetheart and so precious. Tadano is surprisingly dense romantically though he seems to be clever and adept in social settings otherwise. I'll be rooting for them <3",,,1,0
43909475,"Komi Can't Communicate, Vol. 3",Tomohito Oda,"Oda, Tomohito",,"=""1974707148""","=""9781974707140""",4.0,VIZ Media LLC,Paperback,180,2019,2017,2021/12/28,2022/01/09,manga,manga (#66),read,The Komi Fam is so cute! Komi's mom is quite adorable (reminds me too well of my own mom who look eternally young as well..). The struggle of younger looking parents is an awkward struggle haha. I love the scenes with her family best especially the shaved ice scene. Though father and daughter do not talk as often with each other they do still communicate well without the language. It's very a sweet moment.<br/><br/>The festival plot was as I had expected and it did not fail my expectations nor exceed them. I still very much enjoyed the new characters introduced again (especially her family). overall a nice new volume to the series.,,,1,0
55458589,남주를 주웠더니 남편이 생겨버렸다 [Namjureul Juweossdeoni Nampyeon-i Saenggyeobeoryeossda] (I Found a Husband When I Picked up the Male Lead [Novel]),Choam,"Choam, Choam",초암,"=""""","=""""",4.0,조아라,Unbound,,2019,2019,2022/01/15,2022/01/14,manhwa,manhwa (#61),read,"4/5 -lost a star only due to the issue of finding it hard to find all the translations in a single place with consistency. I really do believe this deserves the full 5/5 if some of the issues with plot holes are answered (I'm sure they were answered in the official but the translations just don't give it justice)<br/><br/>Main female lead of the current timeline is Werazel (Lizelle) who uses her limited knowledge of the world she's in to change her circumstances. She searches and finds the lost nephew of the Duke of Halos in order to get a reward and payback all her family debt (The family debt was all original Werazel's fault as she was pretty vain and loved luxury, but after coming into the world in Werazel's place our female lead does a complete 180 on her priorities.) The nephew (Rapellion Halos or Lapel or Rapel) is the OG Male lead, but this is another timeline in the story and instead is just really attached to Werazel like a baby duck. <br/><br/><br/>Lizelle cares for Rapel a lot and soon becomes attached to him and begins to find it harder to separate from him. They wouldn't have to separate, but there's someone coming in between them. The Duke Chester Halos cares for his nephew who is the only remaining family member of his deceased brother. Chester's brother was planning on bringing his son and wife to visit the duke after a long time, but their carriage is met with an accident and Rapel is missing. It's later revealed that the carriage accident was in fact planned murder.. and that Rapel is in serious danger bringing the urgency of finding little Rapel priority. <br/><br/>Chester doesn't like Lizelle at first because he suspects she is just a scammer (she's again just known for her vanities and luxuries spending) and is using a random child to gain money as the reward for finding the missing nephew. While that isn't completely wrong, it's not exactly right either. Werazel and the Duke slowly become closer (with the help of a common topic Rapel). When the Duke secretly figures out that the child Lizelle brought was truly Rapel, he regets his rude actions towards Lizelle and slowly starts to open his heart to the both of them. <br/><br/>When Lizelle is informed that Rapel is the true heir of Halos, she is heartbroken to have to leave Rapel and Rapel takes the news worse. Rapel loves Werazel like she's his mother and Duke like his father so having to part with either is traumatic. The Duke then comes up with the brilliant plan to marry Werazel for her to continue staying together with Rapel and him (he's fallen head over heels for her at this point and is completely blinded to love now haha). Werazel agrees under a few conditions and hence starts the story of romance and lurking mystery and murder. <br/><br/><br/>I recommend reading this if anyone hasn't already. It's a bit hard to find all the chapters but definitely one of the cuter books of the year. Rapel is a precious sweetheart that should never endure any more pain in this world. Lizelle deserves the world, she really is so good with children (no wonder Chester fell for her so quickly she really is such a pure soul). Chester has gone through so much losing his family and the meaning of a loving family from a young age... He deserves to have Rapel and Lizelle by his side for a long time. <br/><br/>",,,1,0
59593471,I Became the Wife of the Monstrous Crown Prince,꿈결나무,"꿈결나무, 꿈결나무",,"=""""","=""""",4.0,Kakaopage,ebook,,2020,2020,2022/01/15,2022/01/14,"manhwa, light-novel-translations","manhwa (#60), light-novel-translations (#10)",read,,,,1,0
50144245,The Maid and The Vampire,Yi Dolce,"Dolce, Yi",,"=""""","=""""",3.0,,Webtoon,,,2019,2022/04/21,2022/04/21,manhwa,manhwa (#57),read,"chapters 1-51 main story and 25 side story chapters completed!<br/><br/>Though I do love the plot I don't like how open ended it left most of the plot for us readers. The characters are all charming though as the webtoon states themselves, the main leads are so selfish. Having lasted so long in a relationship was a miracle in itself. Isekai novels and webtoons just leave this bad taste in my mouth after having the character discover themselves in a new environment. I don't like that they are just so willing to drop everything they cherish and readily accept the world as their final home. They don't miss their family for as long as you'd think and barely recall them outside of flashbacks. <br/><br/>Millard's background isn't exactly fleshed out at all but his actions and how he is from the start to the end definitely show his character. The little tidbits we get from him recalling his past and the flashbacks don't do much justice to explain how bad the upbringing must have been for him to make a poison teapot to poison himself hoping to slowly die. <br/><br/>This is a sweet romance, but very selfish and self-obsessed type of love. They love each other if the other loves them. They need each other but sacrifice nothing in exchange. It's not compromising at all to say the least. Though I enjoyed it, I probably will not refer to this webtoon for anything outside the cute moments of them falling for each other. <br/><br/><br/>The side story for Ezra just upset me. <spoiler>Ezra's childhood was somehow even better shaped out than Millard's was. It started off with Ezra being unable to see anything because everyone was too bright and his fear of Millard because he was complete darkness. Ezra grew up in an environment where ever Ezra goes someone will want something from him. With the Duke and Duchess he doesn't have that. They don't want anything from him and he loves the feeling of being welcomed home. I find it absolutely heartbreaking that we don't even know why both Duke and Duchess want him in high priest's seat but that it will surely take him far away from his family. He deserved more than that lack luster ending. We don't even see him in the last side chapter!! >_< I'm sad. </spoiler>",,,1,0
48842376,"I Choose the Emperor Ending, Season 1",NOT A BOOK,"BOOK, NOT A",,"=""""","=""""",4.0,Tappytoon,ebook,,2019,2019,2022/05/01,2022/04/30,manhwa,manhwa (#56),read,"Season 1 chapters 1-54 completed!<br/><br/>The story setup is much more acceptable to me than most other isekai webtoons out there. There's an explained reason why Reno gets into the world she does, but also provides much-needed information about her life before the change. I do love how the characters are explored and given additional background and personality. It felt like the world was shifting and growing the further Reno invested time into it. <br/><br/>The only thing I could say I dislike had to be how misinformed us readers are about the world's endings and plot. The pieces of the plot fall together almost haphazardly to move the plot along. I'm not sure if this is a problem with the translation but it is very choppy moving from one plot point to another.<br/><br/>I also do have a place in my heart for Cain. It breaks me to see how she makes her decision and actually sticks to it. ",,,1,0
60131200,"I Choose the Emperor Ending, Season 2",Jaradog,"Jaradog, Jaradog",,"=""""","=""""",4.0,,ebook,,2022,,2022/05/01,2022/04/30,manhwa,manhwa (#55),read,"Season 2 chapters 55-115 complete!<br/><br/>I feel a bit cheated, but not entirely at the same time. I would suspect from the cover that Reno would grow out her hair a lot more after having revealed her gender. but no... us readers do not get that. The outfit over even placing the crown on Edward doesn't happen either. <br/><br/>I do like all that happens involving the empowerment of women but seriously it really did hurt to see how it took her so long to get to that realization. I noticed pretty much immediately from how a women's status is looked down on in the world that Reno clearly didn't look to having strong females in her story. She obsessed over her issues, internally trying to fit in, at work and in the world. She has caused such hardships on the women of the world she created. The further she delved into the topic it made Edward seem so so much more shallow in perspective. He grew into a full person through the hardships and loss of many women's lives. It's kinda sickening that that was the literal only purpose of having women in this world. To show Edward could be merciful and learning of equality. I'm just glad she acknowledged that issue and took action to remedy it with influencing and putting women in places of power for the finale. It doesn't make me like Edward more though, I still don't see much in his presence in the story now other than being Reno's partner.  <br/><br/>The part that sucked immensely had to be the start of season 2 where Edward's literally unhinged. Cain is more accepting of Reno than Edward but she runs to him without hesitation. In all parts of season 2's starting point, I was convinced Edward was not the one for Reno. He was sheltering her and keeping her silenced, essentially like all the other females of the world suppressed by males. Cain starts off strong helping and supporting however he could, but there's only so much you can do when the one you pine after looks at another.<br/><br/><br/>Cain. I hate that you had to be a second lead. He had more character growth and redemption arc than Edward ever did... You truly deserved better. <spoiler>Cain realized that the way to protect Reno was by getting her closer to the enemy. He risked everything. His love for her and his bestfriend's trust to do it too. He infiltrated the empire and destroyed all the weapons of mass destruction bringing the war to an end. It did help that all the women lead/paved the way for all the knights and supporting aristocrats to attack, but the final blow when Baron knew it was over was after the bombs destroyed the palace. Cain really did do this for her safety in spite of knowing her affection won't be reciprocated. I wish that this was just communicated. So much miscommunication could have been avoided and a much happier end for Cain and other supporting characters could have been achieved. Sigh.</spoiler>",,,1,0
59226428,The Emperor's Mask,screw pop pop,"pop, screw pop",,"=""""","=""""",3.0,,,,,2021,2022/12/15,2022/05/13,manhwa,manhwa (#54),read,"Read up to episode 58 and my thoughts on it currently are as follows:<br/><br/>The art is quite simplistic and beautiful. It's nothing spectacular, but it is enough to tell the plot and story. <br/><br/>The characters are all a bit flat. The backstories are not touched on and how Lucia (Main Female Lead) acts to being resurrected into a body different from her original in a world where she knows nothing is odd. She literally never thinks about her past until it's discussed (<spoiler>by the protagonist of the story no less... He uses the fact that her body is severed from her origin as leverage against her in order to meet his ends but yeah.. </spoiler>. Literally family means nothing to her as she really doesn't remember or reminisce about them until it comes up as a plot point. <br/>The Main Male Lead convinces the empire that he is just the right-hand man of the unknown/masked emperor and rules without anyone raising flags as soon as the story starts. It's just plot armor at this point to not use brain cells to add two and two together when the entire imperial family looks like him save for just his hair color's sheen.<br/><br/>I continued to read just to see if there would be some spectacular turn of events but by the second poisonings, I realized the culprit(s) without much to go on. Not much of a surprise at all but it is a simple read without too much heartbreaking drama. <br/><br/>Read this if you do like some isekai but don't put too much expectations on it. It has a pretty straightforward plot and the plot armor is strong on this one.<br/><br/>—<br/>12/15/2022<br/>Completed! I left this manga unread for quite a while (7 whole months)! I’m glad I remembered to come back and finish it off. It was short and sweet(yes it was dark time to time) but regardless very enjoyable. I’m glad how it was resolved and the small twist in the end that helped tie it all together.<br/><br/>Gosh the ending with those two had me chuckling a little. I do hope he just lost “it” and not what he’s assuming the worst of. ",,,1,0
56076302,"토템의 영역 1 [Totem-eui Yeong-yeog 1] (Totem's Realm, Season 1)",Soohyeon Lee,"Lee, Soohyeon",,"=""""","=""""",4.0,㈜재담미디어,ebook,,2020,2020,2022/05/20,2022/05/20,manhwa,manhwa (#53),read,"Steamy... It's a verrrr~y steamy read.<br/><br/>Season 1 consists of 63 chapters and an Afterward by the author. It starts off racing and it never fully slows down. The characters are all very intriguing and the further developed/clearer their backstories get the more impact they make in each scene they show up. It's interesting the motives and aspirations each character has for themselves and what they are doing to achieve them. I liked that every time I found problems with how they approached a situation or each other that the author has not only addressed it through conflict but further exposes the characters' reasonings behind it. The whole plot gets extremely muddled but it keeps a constant pace in discovering hidden truths and false. The season 1 ending in my opinion cuts off in a weird place but hopefully, it will be addressed in the following season. ",,,1,0
2487695,"Rosario+Vampire, Vol. 1 (Rosario+Vampire, #1)",Akihisa Ikeda,"Ikeda, Akihisa",,"=""1421519038""","=""9781421519036""",3.0,VIZ Media LLC,Paperback,192,2008,2004,2022/08/28,2022/05/20,manga,manga (#54),read,,,,1,0
53244934,"상수리나무 아래 [Sangsurinamu Arae] (Under the Oak Tree (Novel), #1-7.75)",Suji Kim,"Kim, Suji","김수지, Hermes","=""""","=""9791158895341""",5.0,로즈엔,webnovel,459,2017,2017,2022/12/06,2022/11/30,light-novel-translations,light-novel-translations (#9),read,Book 1 was a slow-burn character development arc. Maxi and Riftan's communication skills are heart-wrenching to say the least. They communicate with so many misunderstandings still untouched. The overprotective and loving Riftan became suffocating and Maxi's insecurities started to blind her further. The tragedies that unfolded and how their conflicts shaped them were truly beautifully written. I started to relate more and more to Maxi as she started growing into herself. It really is beautiful to watch the two of them cherish each other. <br/><br/>Capturing the despair of wartime is a complex idea to hold onto and show the readers well. Suji did an amazing job of capturing every moment of it. I felt my heart go out to each of the characters and side characters for each of their arcs. I hated some characters before learning to love them. Others I still very much despise (I even laughed at their misery)... So there's a lot you can get out of this. I enjoyed my few sleepless nights of reading this. I'll definitely come back to Book 2 when its done being translated (which may not be soon enough considering the author Suji doesn't want it being actively translated on a different site)<br/>,,,1,0
55851176,맛본 김에 꿀꺽! [Masbon Gim-e Ggulggeog!] (Bon Appétit),Ryuran,"Ryuran, Ryuran",류란,"=""""","=""9791136805355""",4.0,페리윙클,ebook,,2020,2020,2022/12/12,2022/12/12,manhwa,manhwa (#51),read,"Bon Appétit's main story is 97 chapters long. It was a delightful and short read. I look forward to the side stories to come!<br/><br/>I was able to read the entire translation on moonlightnovels.com at https://moonlightnovels.com/novels/bon-appetit/ . Thank you to Rosie for being an absolute angel and working hard to translate the whole thing!<br/><br/>A short summary: <br/>After having transmigrated into a fantasy world Luana read about in a typical romance book, Luana lives her days making delicious food as an abandoned princess. Her Kingdom is destined to fall and she's ready to see it happen. She hasn't formed any personal connections to anyone after her transmigration especially as no one stuck around her due to being abandoned as a baby years prior. A seige finally happens in the main story and she gets dragged off to be slaughtered as just another side character. However, that doesn't happen in the slightest. <br/>The fearsome Duke Legion gets distracted by her as she's making too much noise for someone about to die. Turns out she snuck in food to eat before her end. Having nothing more to lose she offers some to the Duke. After he takes a single bite, she's immediately imprisoned apart from the rest of the royals. He assumes she must be a witch and threatens to torture her. <br/>Why he jumps to conclusions so quickly is understood moments later. He can't taste anything. Perfectly good food takes like dirt or sewage making him want to simply eat dirt instead. His family had been cursed by a witch many years ago to never be able to taste again. To his surprise and confusion, he was able to taste Luana's food. <br/><br/>",,,1,0
63103199,"I Choose the Emperor Ending, Season 1",Suo Kim,"Kim, Suo",,"=""""","=""""",4.0,,ebook,,,,2022/04/30,2022/12/14,manhwa,manhwa (#46),read,"<br/>Season 1 chapters 1-54 completed!<br/><br/>The story setup is much more acceptable to me than most other isekai webtoons out there. There's an explained reason why Reno gets into the world she does, but also provides much-needed information about her life before the change. I do love how the characters are explored and given additional background and personality. It felt like the world was shifting and growing the further Reno invested time into it. <br/><br/>The only thing I could say I dislike had to be how misinformed us readers are about the world's endings and plot. The pieces of the plot fall together almost haphazardly to move the plot along. I'm not sure if this is a problem with the translation but it is very choppy moving from one plot point to another.<br/><br/>I also do have a place in my heart for Cain. It breaks me to see how she makes her decision and actually sticks to it.",,,1,0
55781893,재혼 황후 1 [Jaehon Hwangho 1],Herelee,"Herelee, Herelee","히어리, Sumpul, 숨풀, Alphatart, 알파타르트","=""1190153475""","=""9791190153478""",5.0,영컴,Paperback,256,2020,2018,2021/02/24,2022/12/21,"manhwa, light-novel-translations","manhwa (#45), light-novel-translations (#7)",read,chapters 1-85 completed!<br/><br/>This is well worth picking up if you're into strong women not taking their husband's cr*p. Empress Navier is so precious and truly deserves the world.<br/>There's always something so satisfying about coming back to this webtoon and seeing Navier fall for Heinry slowly while her husband and Rashta clown themselves.,,,2,0
58011650,Follow the Bread Crumbs,Gyuni,"Gyuni, Gyuni",Soreumidang,"=""""","=""""",3.0,,"Webtoon, Webcomic, Manhwa",,,,2023/02/08,2022/12/20,manhwa,manhwa (#44),read,"The ""raising your own suitor"" rubs off as grooming and I can't see it any other way... It really is unfortunate but I did really like the whole story premise. I loved the characters and who they grew up to become, just not the romantic aspect of it. It's giving 'Bunny Drop' (Usagi Drop) PTSD in my case, but it might be different for others. <br/><br/>Read to your own heart's content, is all I have to say. ",,,1,0
61612234,내 남편과 결혼해줘 (Marry My Husband),성소작,"성소작, 성소작",,"=""""","=""""",4.0,네이버웹소설,ebook,,2019,,2022/12/25,2022/12/25,manhwa,manhwa (#43),read,"Completed up to chapter 59!<br/>The islamophobia others have mentioned is a very bad mistranslation, at least I hope, since the official translation on Webtoon did not phrase it the same way. It wasn't an attack but a different convenient food competitor that released products right before U&K's product launch. This causes skepticism of the company potentially trying to monopolize the product by riding off the success of another or just stealing the idea and promoting it as their own after a leak, which is why the project tanked and was shelved. It was not due to a terrorist attack that foods targeting Muslims had failed. Just bad timing on the product launch. <br/><br/>--<br/>My thoughts on this webtoon:<br/>I liked the consistency of the webtoon being revenge based. It stuck to it and really went hard when it came to taking down the antagonists one by one. I like the unique twist that the plot that had happened in her previous life would still play out, but that fate could be switched to another with the right conditions. That being said Ji Won played Soo Min and her jerk ex-husband Min Hwa into their well-deserved demise. I loved the new side characters a lot and how they added so much depth to the story's plot. <br/><br/>I will say I had feared the worst at chapter 39 but I'm glad Ji Won didn't stoop lower than her enemies to get revenge. They honestly brought it on themselves which is very satisfying.<br/><br/>The two main leads are so dang adorable. I highly recommend reading from the original Webtoon translations at least until the 'food arc'.",,,1,0
50839561,"레이디 베이비 2 (Lady Baby [Webtoon], Season 2)",HAEON,"HAEON, HAEON",,"=""""","=""""",5.0,초코미디머,ebook,,2019,2019,,2022/12/25,manhwa,manhwa (#42),read,,,,1,0
53345346,"레이디 베이비 3 (Lady Baby [Webtoon], Season 3)",HAEON,"HAEON, HAEON",,"=""""","=""""",4.0,초코미디머,ebook,,2020,2020,,2022/12/25,manhwa,manhwa (#41),read,,,,1,0
56480700,"레이디 베이비 4 (Lady Baby [Webtoon], Season 4)",HAEON,"HAEON, HAEON",,"=""""","=""""",4.0,초코미디머,ebook,,2020,2020,,2022/12/25,manhwa,manhwa (#40),read,,,,1,0
54342313,"폭군에게는 악녀가 어울린다 1 [Poggun-aegaeneun Agnyeoga Eoullinda 1] (A Villainess for the Tyrant [Webtoon], Season 1)",Yu-Iran,"Yu-Iran, Yu-Iran",,"=""""","=""""",5.0,씨엔씨레볼루션,ebook,,2020,2020,2022/12/31,2023/01/01,manhwa,manhwa (#34),read,,,,1,0
58964324,"폭군에게는 악녀가 어울린다 2 [Poggun-aegaeneun Agnyeoga Eoullinda 2] (A Villainess for the Tyrant [Webtoon], Season 2)",Yu-Iran,"Yu-Iran, Yu-Iran",,"=""""","=""""",4.0,씨엔씨레볼루션,ebook,,2021,2021,2022/12/31,2023/01/01,manhwa,manhwa (#33),read,,,,1,0
60652183,"폭군에게는 악녀가 어울린다 3 [Poggun-aegaeneun Agnyeoga Eoullinda 3] (A Villainess for the Tyrant [Webtoon], Season 3)",Yu-Iran,"Yu-Iran, Yu-Iran",,"=""""","=""""",4.0,씨엔씨레볼루션,ebook,,2021,2021,2022/11/14,2023/01/01,manhwa,manhwa (#32),read,,,,1,0
50719137,"재혼 황후 2 [Jaehon Hwanghu 2] (The Remarried Empress [Novel], #2)",Alphatart,"Alphatart, Alphatart",Chirun,"=""""","=""9791164790524""",5.0,해피북스투유,Paperback,500,2019,2019,2021/11/15,2023/01/02,light-novel-translations,light-novel-translations (#5),read,,,,1,0
56918003,J'appartiens à la Maison Castielo,Siya,"Siya, Siya",,"=""""","=""""",5.0,,Kindle Edition,0,,2018,2020/01/01,2023/01/15,manhwa,manhwa (#29),read,,,,1,0
60708423,"Sugar Apple Fairy Tale (Light Novel), Vol. 1: The Silver Sugar Master and the Obsidian Fairy (Sugar Apple Fairy Tale Novel, #1)",Miri Mikawa,"Mikawa, Miri","Aki  ., Nicole Wilder","=""1975350006""","=""9781975350000""",4.0,Yen On,Paperback,164,2022,2010,2023/01/21,2023/01/20,light-novel-translations,light-novel-translations (#4),read,"Came here after watching 3 episodes from the anime adaption! <br/><br/>It's interesting and I do love the message it sends with learning to trust and build a friendship. I do have to say that the slavery system in place is brutal and I feel for these faeries more than those trash human owners. It's heartbreaking from time to time but overall a cozy cute read. It is easy to see the <spoiler>betrayal from a certain jerk that refuses to understand the meaning of ""no""</spoiler>; it's filled with cliches and very predictable, but still very enjoyable. <br/>",,,1,0
29617104,"トモちゃんは女の子! 2 [Tomo-chan wa Onna no ko! 2] (Tomo-chan is a girl!, #2)",Fumita Yanagida,"Yanagida, Fumita",柳田史太,"=""4063695441""","=""9784063695441""",5.0,講談社,Paperback,144,2016,2016,2023/01/29,2023/01/29,manga,manga (#52),read,"Chapters 126-250 +omake 2!<br/><br/>Carol is hilarious, but girl blink twice if you need help. Gundo is best girl as always. Lastly, Akemi-san and Gorou-kun are literally couple goals (hilariously enough). Tomo-chan's awkwardness with Jun is a rollercoaster. <br/><br/>Aside from the karaoke scene where Tomo-chan sings lullabies has me rolling. Two other moments had me dying in this volume. Tomo's parents are wild. They are very strange honestly but hey her mother ships the two of them so it is what it is. I'll take a win. The way her father acts towards her mother had me questioning so so much but it was quickly answered by her mother.. lol.<br/><br/>Lastly, I'd like to discuss Carol... her mother's age. WILD. But, the girl is loaded. There's so much wrong here, but I have to remind myself that this is definitely fictional.",,,1,0
31453166,"トモちゃんは女の子! 3 [Tomo-chan wa Onna no ko! 3] (Tomo-chan is a girl!, #3)",Fumita Yanagida,"Yanagida, Fumita",柳田史太,"=""4063695522""","=""9784063695526""",5.0,講談社,Paperback,144,2016,2016,2023/01/29,2023/01/29,manga,manga (#51),read,"Chapter 251-375 + Omake 3<br/><br/>Tomo-chan is the child of summer. <br/><br/>This was a classic trope-filled manga volume. Studying to beat 50% of the school in ranks. Summer shenanigans at the beach and ""crossdressing"" even though you are that gender, haha. Tomo-chan looks cool but also very cute.<br/><br/>Her outfits are to die for every season of the year it looks like. Her summer looks were giving and poor Jun could not handle any more resets.",,,1,0
33906320,"トモちゃんは女の子! 4 [Tomo-chan wa Onna no ko! 4] (Tomo-chan is a girl!, #4)",Fumita Yanagida,"Yanagida, Fumita",柳田史太,"=""406369562X""","=""9784063695625""",5.0,講談社,Paperback,144,2017,2017,2023/01/29,2023/01/29,manga,manga (#50),read,Chapter 376-500 + Omake 4!<br/><br/>Obliterating the other classes and upperclassmen in dodgeball gave me spy x family vibes. It was great and it dug deeper into why Jun seeks strength and what he expects of Tomo-chan's use of it. He mentions how its surprising how he expected her to do one thing by herself without relying on others but she does not. Later he mentions that he hasn't changed at all since they were children looking at Tomo and wanting to be like her. <br/><br/>This brings us to a nostalgic meeting of the two youngsters and the deal they made with a game console. <spoiler> SHE STILL REMEMBERS THIER DEAL AND HAS HIS CONSOLE!! It actually still works so she definitely cherishes it a lot. </spoiler> I love how this dives further into all their shenanigans as children which Jun tells about what made him enjoy hanging out with Tomo in the Karaoke chapter. We even get to see tiny Gundo and she's as sinister as ever. She's a menace and I love her for it. <br/><br/>Jun gets closer to Tomo after going to the dojo and seeing Tomo dazzling as 'he' fought and trained. (Bro probably thought he was gay for years... since he only had eyes for Tomo for the longest time). The bullying incident definitely broke him in more ways than one especially after seeing Tomo smiling with a beat-up face for him and he realizes he can't protect Tomo in the same situation. It's really touching how much they care for each other. ,,,1,0
35962091,"トモちゃんは女の子! 5 [Tomo-chan wa Onna no ko! 5] (Tomo-chan is a girl!, #5)",Fumita Yanagida,"Yanagida, Fumita",柳田史太,"=""4063695794""","=""9784063695793""",5.0,講談社,Paperback,144,2017,2017,2023/01/29,2023/01/29,manga,manga (#49),read,"Chapters 501-625 + Omake 5!<br/><br/>Akemi-san did well sending Tomo-chan out in a yukata for the fireworks festival. I'm glad Tomo put Jun in his place by telling him that she's grateful for his help in some difficult situations whether her fists could handle it or not. His reaction is hilarious cause it looks like his body reacts faster than his mind. That fireworks festival was also the start of something huge snowballing. Tomo saw that Jun would actually understand her now, but she feared the relationship they had would crumble as she is now. My heart.. And Jun finally sees her as someone he can't hurt physically when fighting anymore.<br/><br/>Ah Gundou.. this girl had me scared for this entire volume. She's the schemer helping Tomo organize her feeling for Jun, but it definitely looks like shes holding back. The Construction site scene was intense (For Carol's fiance at least lol). Carol is unexpectedly terrifying but Misaki can be too it seems. (this girl chose to change in the middle of nowhere and caused a misunderstanding with Misaki... but hey alls well ends well.)<br/><br/>Misaki joins the Aizawa Dojo... It's easy to say this will be rough for him.. but he's slowly improving. After training, he's questioned by Carol why he's hanging out more at Tomo's dojo. He takes a huge L when explaining to Carol his affection for Tomo as if it more like a crush than admiration. Carol takes revenge...<br/><br/>Poor Jun is traumatized...Carol definitely could have approached this topic a lot more gently but sure... Take out your anger on Tomo on her best friends... Gundou is mad at her and also takes her revenge later on. There is some good though as Carol makes progress with Misaki and Jun realizes how much he cares for Tomo and his relationship. <br/><br/>Jun really wants to settle his oath and getting stronger than Tomo to get his console back and is surprised to see she still has it in one piece.  <br/><br/>",,,1,0
38329581,"トモちゃんは女の子! 6 [Tomo-chan wa Onna no ko 6] (Tomo-chan is a girl!, #6)",Fumita Yanagida,"Yanagida, Fumita",柳田史太,"=""4065111528""","=""9784065111529""",5.0,講談社,Paperback,144,2018,2018,2023/01/29,2023/01/29,manga,manga (#48),read,"Chapters 626-750!<br/><br/>Carol makes up with everyone (even gets her little revenge on Gundou) and gets a boyfriend (honestly her whole family is a case so it only makes sense that her lover is another one..) Speaking of Misaki-senpai, I'm glad he puts his crush on Tomo to rest finally and roots for her and Jun's relationship.<br/><br/>Tomo is so reckless. I'm surprised she hasn't gotten herself hurt more often (in terms of getting colds or a fever). I'm a sucker for falling ill and being helpless to another's help trope if done well. This one between Tomo and Jun was cute and satisfactory. Jun's care for her is slowly increasing more and more and it's endearing. <br/><br/>We get another glimpse of the great gender reveal and Jun's inside thoughts about it and also Tomo's reaction to learning that Jun never knew. It just lowkey sucks that the way Tomo answered the rumors was misunderstood by Jun and he took it as a sign to keep distance for a while till the rumor dies. He was definitely hurt by the indirect rejection and also the jealousy of other guys getting closer to her, but he didn't know how to handle it without making it look like he liked Tomo not long after realizing she was a girl. A YEAR WENT ON WITH THEM BARELY COMMUNICATING.<br/>A YEAR.<br/><br/>This is when he and Gundou's insecurities lead them to want to find a temporary solution to bridge themselves closer to Tomo.  This is when they tried to date and how that miserable event went. But hey they are all very close friends now... Jun and Tomo trying to be closer but T_T well you know how that's going considering this is volume 6.<br/><br/>This volume includes the class working students trope + maid cafe trope. It's fun to see and very enjoyable especially when Jun finds out and goes to see her working everyday after that point. This just warms my heart.",,,1,0
41860605,"トモちゃんは女の子! 7 [Tomo-chan wa Onna no ko 7] (Tomo-chan is a girl!, #7)",Fumita Yanagida,"Yanagida, Fumita",柳田史太,"=""4065131138""","=""9784065131138""",5.0,講談社,Paperback,144,2018,2018,2023/01/29,2023/01/29,manga,manga (#47),read,"Chapters 751-875!<br/><br/>This volume includes a bit of the class working students trope + maid cafe trope from the last volume. It's fun to see and very enjoyable especially when Jun finds out and goes to see her working everyday after that point. This just warms my heart and the fact that used the money to buy a sport watch (and she has a matching one) is just a cherry on top!<br/><br/>The pivotable moments of the volume have to be Gundou's deep regret in giving careless advice to Tomo to change herself in order to appeal to Jun. Gundou knows that Jun likes Tomo for herself and she doesn't have to be insecure about how she is in their relationship as it is to make progress. She comes to the conclusion that she doesn't want to lose Tomo to Jun especially after realizing her obsession to monopolize Tomo continuously over the course of the series (like what happened with Carol when she was first introduced). She doesn't want her friendship with Tomo to fade and lose to Jun. <br/><br/>This of course leads Gundou to avoid Tomo with the excuse of being sick and misses school (during which Carol takes the chance to make Gundou Cinderella of the school festival play). Tomo takes on the role of the prince after realizing that if she didn't take it Jun would be the prince and she refused. <br/><br/>Jun plays the tree. It's amazing. Honestly, he stole the show. It's actually my favorite chapters in the whole series now. <br/><br/>Getting back to the point, but Gundou and Tomo do eventually make up and it's touching. <br/><br/>We get to see the trio's mothers in the audience and it's hilarious to see so many similarities between them and their daughters.<br/><br/><br/>This is also the long-awaited volume so no spoilers after this point! Go ahead and read it yourself!",,,1,0
49247157,Tomo-chan is a Girl! Vol. 8,Fumita Yanagida,"Yanagida, Fumita",,"=""1645057445""","=""9781645057444""",5.0,Seven Seas,Paperback,180,2020,,2023/01/29,2023/01/29,manga,manga (#46),read,"Chapters 876-954 completed!<br/><br/>If you haven't read the last volumes. Do it. This was very well written with complex characters and lovely storylines. All the arcs build character not just for the main characters but also all of the supporting ones. My only wish at this point is to get another 900+ chapters for the after-story. Tomo and Jun I wish them the best of luck and many happy years of rivalry, friendship and finally being lovers! Thank you Fumita Yanagida for all your hard work and years working on this absolute masterpiece! I can't wait to see how it will be adapted! ",,,1,0
57567860,氷属性男子とクールな同僚女子 (Volume 1),Miyuki Tonogaya,"Tonogaya, Miyuki",,"=""""","=""""",5.0, Square Enix,Paperback,,2019,2018,2023/03/01,2023/01/29,manga,manga (#45),read,"I love how no one questions the fantasy aspect of this cute rom-com. I picked it up to read alongside the currently airing anime; honestly, it's a breath of fresh air. A workplace rom-com that doesn't dwell on the school background but on adult interaction and a slowly blossoming office romance is very comforting.<br/><br/>I will say that the lead-up and transitions in the anime are far better thought-out than the cut transitions in the manga. Regardless it is a comforting casual read for a nice spring day. I love the secondary characters very much as a side note. ",,,1,0
60433201,"Romantic Killer, Vol. 1",Wataru Momose,"Momose, Wataru",,"=""1974734692""","=""9781974734696""",5.0,VIZ Media LLC,Paperback,192,2022,2019,2023/02/03,2023/02/02,manga,manga (#43),read,There's an anime adaptation of this! ,,,1,0
51067307,어느 날 공주가 되어버렸다 2,Spoon,"Spoon, Spoon","Plutus, 스푼, 플루토스","=""1129338185""","=""9791129338181""",5.0,CARROTOON,Paperback,280,2019,2019,2022/05/26,2023/02/10,manhwa,manhwa (#25),read,,,,1,0
57312230,冷血公爵の心変わり 1 (piccomics) (Japanese Edition),Bandalbanji,"Bandalbanji, Bandalbanji",,"=""""","=""""",5.0,Piccomics,Kindle Edition,0,2021,2019,2021/10/17,2023/02/18,manhwa,manhwa (#24),read,The main story was such a ride. It was a bit hard to get over his spell form (Lex) but after the hurdle was passed it was smooth sailing. I love the two so much and having their love story not only overcome the obstacles of magical interference but start over to indulge us readers with a love without the help of magic... 10/10 loved it a lot. I enjoyed it very much all the humor and sappy scenes were cute. (The struggle with her being too scared of the duke is a bit worrying but still can't wait to see how the story continues),,,1,0
51067861,"그녀가 공작저로 가야 했던 사정 1 (The Reason Why Raeliana Ended up at the Duke's Mansion, Season 1)",Whale,"Whale, Whale","고래, 밀차","=""1189320215""","=""9791189320218""",5.0,D&C Media,Paperback,268,2019,2017,2021/11/14,2023/02/20,manhwa,manhwa (#23),read,Season 1 (Chapters 1-50)  was a rollercoaster but yay! The ship sets sail! I find his holiness so so cute! Though he's a bit pushy he acknowledges Raeliana's smarts~! I seriously cannot with Taylor. He's a small cute little bunny! He and the duke together make quite the comedic pair. I wonder what will happen in season 2!<br/><br/>Overall the story structure is set up well and I'm almost certain we will get backstabbed by some characters from the original storyline...,,,1,0
51809916,"검은머리 황녀님 1 [Geom'eunmeori Hwangnyeo'nim 1] (A royal princess with black hair, Season 1)",Ellianyang,"Ellianyang, Ellianyang",,"=""""","=""""",5.0,Kakao,Paperback,,2019,2019,2022/02/21,2023/02/20,manhwa,manhwa (#22),read,"Season 1 is chapters 1-39! (2/21/2022-2/21/2022)<br/> <br/>This manhwa is extremely engaging~ The main female lead is a badass and the male lead is not only a cinnamon roll but equally as awesome as FL is. I love their dynamic so so much and the art definitely does them justice. The secondary characters also have a nice background to them which makes each arc of the main lead's story more entertaining. <br/><br/>The slow build-up for romance is heartwarming as each other is exposed slightly to the other's charms slowly but surely. I fangirl as the small blushes hidden from sight show up in scenes. I enjoy the banter and how in sync they both are. I love how both are just so unwilling to marry the other and go to lengths to work together to stop the marriage. It's nice to see that the two don't magically fall for the other so quickly but actually argue a lot more than compliment. It's good to mention that though they fight with each other, they do compliment and try understanding the other when the time rolls around for it. They are realistic. Probably one of my favorite couples of the year so far (though they aren't even officially a couple yet).<br/><br/>I really love the treasure hunt chapters. It broke my heart to hear such a sad and lovely story and the reward the two of them received. My favorite chapters are definitely from those events that followed particularly the moon festival. Chapter 37 has me fangirling hard! Chapter 39 makes me question just why FL was sent away for marriage, but I'm happy to see the both of them (the leads) warming up to each other while trouble is brewing close by...<br/><br/>These damn psychotic blonde b****es. If only it was easier to put them in their place. *sigh*<br/><br/>Season 2 is chapter 40- 64(currently). <br/><br/>Gosh the plot thickens! Elves and their magical presence and importance to the lands nearby the capital are the next arc! After leaving the festival our main leads travel to see beautiful elves and protect them from the increasing numbers of hunters in the mountainous area. In the process, we find out that someone has been targeting Princess Yurenciene ( or Eurencienne)  by summoning a demon... The plot further thickens when the leads stumble into a startling implication of genocide of the elves due to the greed of a handful of people... <br/><br/>The progression isn't as choppy as you would think getting from the peaceful and cute festival to a full-blown history lesson on a once prosperous land that exploited elves which led to a massacre of the species and then finally to a high-speed chase by a bloodthirsty demon... It's exciting and puts you on the edge of your seat. <br/><br/>After math of the arc is one that's expected of such a scandal...<br/><br/>---<br/>The side story in this season is also so teary.. The Spring collection is definitely a tale of sweet sorrowful love. It breaks my heart that love can be so cruel.",,,1,0
57568262,氷属性男子とクールな同僚女子 (Volume 2),Miyuki Tonogaya,"Tonogaya, Miyuki",,"=""""","=""""",5.0, Square Enix,Unknown Binding,,,2023,2023/03/02,2023/03/03,manga,manga (#40),read,"I'm living for all the cute office romance in this volume as well. As much as I love the male lead, Himuro, immediately falling head over heels for Fuyutsuki I love the other side characters a lot too. The office shenanigans are always enjoyable to watch. The progress is slow but steady. <br/><br/>Nyamero is adorable. I wish for a cat like that so desperately.. a Lazy lounging quite black cat. ",,,1,0
61273619,"Romantic Killer, Vol. 2",Wataru Momose,"Momose, Wataru",,"=""1974735079""","=""9781974735075""",4.0,VIZ Media LLC,Paperback,200,2023,2020,2023/02/04,2023/03/06,manga,manga (#38),read,She's right the childhood crush never wins.. poor guy. He's super sweet.,true,,1,0
61273620,"Romantic Killer, Vol. 3",Wataru Momose,"Momose, Wataru",,"=""1974735087""","=""9781974735082""",3.0,VIZ Media LLC,Paperback,184,2023,2020,2023/02/05,2023/03/06,manga,manga (#37),read,"I don't like the new guy at all... It may just be me and the main gal, but his pretentious attitude rubs me the wrong way. I can't see the sincerity in his work and feelings yet. It will take some time.",,,1,0
22246897,"Ajin: Demi-Human, Vol. 3 (Ajin: Demi-Human, #3)",Gamon Sakurai,"Sakurai, Gamon",,"=""1941220215""","=""9781941220214""",5.0,Vertical Comics,Paperback,194,2015,2013,2023/03/09,2023/03/09,manga,manga (#31),read,"I do love when the MC has a twisted personality. It's much better than a picture-perfect and righteous character with boring predictive nature. It makes me feel bad for his sister being ""used"" in his own twisted ideology and also very curious why the demi-human knows so much of his moments from the past. Their dynamic is strange but makes to give so much to the overall plot.<br/><br/>I wonder how Kai is faring against the world after deciding to help Kei. I don't know what Hat and Tanaka are planning but it's very unnerving to see how humans react to all the media release of the experiments. Very little change grows for the majority of the people and its interesting to see how this plays out. <br/><br/>I wonder how this petition will turn out, but one thing is for sure. Demi-humans are rising up in numbers against the odds.",,,1,0
51741258,山田くんとLv999の恋をする 1 [Yamada-kun to Lv999 no Koi wo Suru 1],Mashiro,"Mashiro, Mashiro",ましろ,"=""""","=""""",5.0,Kadokawa,Kindle Edition,200,2020,2020,2023/05/01,2023/05/01,manga,manga (#26),read,"Chapters 1-9 Complete!<br/><br/>I love the setup of the manga. <br/>Akane is sweet and straightforward. Her first appearance is quite literally a breakup scene. Honestly, she was left for the better. I can only see her ex dragging her. However, one good thing happened as a result of her relationship! She became a gamer, particularly for Forest of Savior, an MMO game in which she is part of a reasonably active guild. In this guild is a top player Yamada whom she crosses paths with in reality. <br/>There's a lot to say about Yamada through their interactions, but I think he's charming, just not that great at communicating regarding the (romantic) emotional level. I can't wait to see how this evolves further!",,,1,0
55427232,山田くんとLv999の恋をする 2 [Yamada-kun to Lv999 no Koi wo Suru 2],Mashiro,"Mashiro, Mashiro",ましろ,"=""""","=""""",5.0,Kadokawa,Kindle Edition,201,2020,2020,2023/05/02,2023/05/01,manga,manga (#25),read,"Chapters 10-19 Complete!<br/><br/>I have to say the emotional connection between Akane and Yamada are fairly quick but still a slow burn. I like the new side characters and what they bring to the table. Runa seems to be very unpopular (among readers) when she first appears, but I find her punishment reasonable. She's still young and honestly thought it was an innocent prank that wouldn't hurt Akane. She actually feels genuine remorse and guilt for the entire situation and learns from it by getting lectured by her brother. Runa makes strides to correct her mistakes and resolves the situation by being cooperative and receptive to criticism/punishment. It's the creepy guy I have serious problems with who got off without a scratch for his actions. He still thinks its fine to enter the ladies restroom and offer pain medication overbearingly voiding all personal space... I really fear for Akane in that he doesn't become a creepy stalker. <br/><br/>Yamada on the other hand is looking at Akane in a different light slowly but surely. It's refreshing to see the development from someone so cold and indifferent to a much more receptive and caring person (at least to a girl who's a stranger to him).",,,1,0
57491088,山田くんとLv999の恋をする 3 [Yamada-kun to Lv999 no Koi wo Suru 3],Mashiro,"Mashiro, Mashiro",ましろ,"=""""","=""""",5.0,Kadokawa,Kindle Edition,203,2021,2021,2023/05/02,2023/05/01,manga,manga (#24),read,"Chapter 20-30!<br/><br/>The girl with black-haired pigtails (Tsubaki) CAUGHT ON SO FAST. Yamada slipping in his normal plays (FPS) and he tried to blame his wifi connection to no avail. My initial thoughts of her are that she has to be the real rival, but we'll see. I'd rather it not be a love rival and just be an overall wholesome manga.<br/>--<br/>I must say I have an adversity to hypothetical questions... But I do love it when they are answered hypothetically.<br/>--<br/>This volume is my favorite trope!! ML takes care of sick FL, it's so cute and heartwarming. <br/>--<br/>On the other side, Tsubaki is making me feel sad. She's an innocent second lead that's doomed from the moment the title was named...<br/>---<br/>Yamada does have a first love! Now.. to hope that she doesn't come back with a vengeance...<br/>",,,1,0
59366923,山田くんとLv999の恋をする 4 [Yamada-kun to Lv999 no Koi wo Suru 4],Mashiro,"Mashiro, Mashiro",ましろ,"=""""","=""""",5.0,Kadokawa,Kindle Edition,178,2021,2021,2023/05/02,2023/05/02,manga,manga (#23),read,"Chapters 31-40 Complete!<br/><br/>THE LAST SCENE WITH THE HUG <br/><br/>The way my heart is melting right now. I surely have diabetes after this. The communication, the patience and the care they all show each other is so real. Not my standards reaching even higher than before with this.",,,1,0
60867409,山田くんとLv999の恋をする 5 [Yamada-kun to Lv999 no Koi wo Suru 5],Mashiro,"Mashiro, Mashiro",ましろ,"=""4046813687""","=""9784046813688""",3.0,Kadokawa,Paperback,178,2022,2022,2023/05/02,2023/05/02,manga,manga (#22),read,"Chapters 41-50 Complete!<br/><br/>I didn't like this volume as much as the others. Yes it has its moments (@chapter 43), but also its ugly side. I do not like any of the new side characters. Yui is what she hates Ren for doing. Ren is the typical trash player. And that Coworker needs to get his head out of his a.. when minding others' business. ",,,1,0
116822528,My Clueless First Friend 02,Taku Kawamura,"Kawamura, Taku",,"=""1646096835""","=""9781646096831""",5.0,Square Enix Manga,Kindle Edition,288,2023,,2023/05/07,2023/05/07,manga,manga (#20),read,"Volume 2 Chapters 19-29<br/><br/>The volume seemed all over the place but those last few where Nishimura went to visit her grandmother was everything. The way we get to see the two interact in the countryside and how the two go to visit the Nishimura family grave. <br/><br/>Nishimura is paying her mother a visit and it dawns on Takada his actions. Nishimura tells him that her mother passes soon after she was born and she only knows of her mother through stories her father and grandmother tell her. She doesn't know her mom personally but still feels the connection regardless; ""even if she feels like her mother's replacement.""<br/><br/>Takada then puts two and two together. Her mother passing at her birth and the nickname ""Grim Reaper"" as if he was telling her that she caused her mother to die. The thought that he might have hurt his close friend was enough to make him cry endlessly. The regret and remorse he must be feeling makes me really really sad for the two of them.",,,1,0
80122123,My Clueless First Friend 03,Taku Kawamura,"Kawamura, Taku",,"=""1646096851""","=""9781646096855""",5.0,Square Enix Manga,Kindle Edition,0,2023,,2023/05/08,2023/05/07,manga,manga (#19),read,Volume 3 Chapters 30-40 Complete!<br/><br/>The field trip was adorable!! ADORABLE! I love the teacher for letting the candy detour slide. The most touching part has to be the friends selfie they all took on the trip. It's really adorable how much Nishimura's dad had worried for Akane in his own way to help her make friends. The way he started to tear up after she sent the selfie was tear-jerking.<br/><br/> I really like Ami-chan and Akane's interactions together. You can tell they are good friends and the misunderstanding was cleared up thanks to being so open-minded on both of their ends. Kasahara's meddling really backfired on her didn't it.. lol.,,,1,0
115422328,Mon amie des ténèbres T07,Taku Kawamura,"Kawamura, Taku",Anne-Sophie Thévenon,"=""2373497875""","=""9782373497878""",4.0,Nobi Nobi,Paperback,133,2022,,2023/05/08,2023/05/08,manga,manga (#15),read,Volume 7 Chapters 75-88<br/><br/>Valentine's Day and Kasahara's redemption arc~! She can actually be honorable. I liked the bidding farewell to the sixth graders. It ties down the overall start of the end of the series. I do hope Nishimura's inner beauty never fades or waivers and her self-confidence is regained slowly over the course of the next few volumes. I hope Takada never loses his smile and kindness. It's so sweet as the moments they both experience as starting to ever slowly evolve as time goes on. <br/><br/>It's calling me single in every frame.<br/>,,,1,0
121057581,Mon amie des ténèbres T08,Taku Kawamura,"Kawamura, Taku",,"=""2373497883""","=""9782373497885""",5.0,NOBI NOBI,Pocket Book,146,2022,,2023/05/09,2023/05/08,manga,manga (#14),read,Volume 8 Chapters 88-99 Complete!<br/><br/>They are 6th graders now! The wholesomeness is still there and better than ever (plus some awkward funny moments between Nishimura and Tadaka). <br/><br/>Tadaka embarrassing himself with his own words will forever live rent free in my head. He's starting to make connections and see his attraction to Nishimura for what it is. All in all I'm happy the gang is still together in this new class + more new characters!<br/><br/>I love the emotional and physical development everyone is going through and it's touching to see everyone growing up. I can't wait to see more.,,,1,0
120935985,Mon amie des ténèbres T09,Taku Kawamura,"Kawamura, Taku",,"=""2373499185""","=""9782373499186""",4.0,NOBI NOBI,Pocket Book,146,2023,,2023/05/09,2023/05/08,manga,manga (#13),read,Volume 9 Chapters 100-112 Complete!<br/>This is Ami and Hino's volume! The secondary couples are always so satisfying to read about also! <br/><br/>There are a few volumes after this one but they don't have their book released on the Goodreads Catalogue. <br/><br/><br/>All in all I just have to say this is a very well written series and filled with lovely characters. If you're interest in the first few volumes I do highly suggest you check out the Anime released this year based on this series. (My First Clueless Friend)<br/><br/>This is a wrap! I'll surely comeback to update the rating if any of the other books do get updated into Goodreads some other time. ,,Volume 10 5/5<br/>Sone is the sport gal we needed to compete with Takada. Inada hasn’t show up often but her brief appearance was nice. Rina is adorable as ever. She’s the literal embodiment of both Nishimura and Takada. I love how Takada is rubbing off on Nishimura’s demeanor. <br/>I loved the Father’s Day bit. <br/>I also really loved the wishes everyone made to hang up. <br/>Volume 11 4/5<br/>Breaking Curfew<br/>Summer vacation #2<br/>Surfing<br/>Volume 12 Bonfire +confessions,1,0
63364734,"Sugar Apple Fairy Tale (Light Novel), Vol. 2: The Silver Sugar Master and the Blue Duke",Miri Mikawa,"Mikawa, Miri",,"=""1975350987""","=""9781975350987""",4.0,Yen On,Kindle Edition,154,2023,2010,2023/06/08,2023/05/15,light-novel-translations,light-novel-translations (#3),read,,,,1,0
19408937,銀砂糖師と白の貴公子 (シュガーアップル・フェアリーテイル #3),Miri Mikawa,"Mikawa, Miri","三川みり, Aki  .","=""""","=""""",5.0,KADOKAWA / 角川書店 (角川ビーンズ文庫),Kindle Edition,210,2012,2010,2023/06/08,2023/06/08,light-novel-translations,light-novel-translations (#2),read,Alrighty so cliffhangers definitely suck but that’s only because of how amazing this journey has been so far that I can’t bare to wait for more. The translations have stopped here and it’s left with a bitter sweet ending. <br/>The two main leads have finally reached a point in their relationship together where the other depends and trust the other. This though is of course put to the test with many obstacles along the way. I do wish Challe could just escape but that would put his pride on the line. He put down his life on the wager of Anne becoming a sugar master. So the suspense is killing me now,,,1,0
57492148,"Skip and Loafer, Vol. 2",Misaki Takamatsu,"Takamatsu, Misaki",,"=""1648276210""","=""9781648276217""",5.0,Seven Seas,Paperback,184,2021,2019,2023/06/15,2023/06/16,manga,manga (#11),read,,,,1,0
59144154,"Skip and Loafer, Vol. 3",Misaki Takamatsu,"Takamatsu, Misaki","高松美咲, Nicole Frasik, T. Campbell","=""1638581169""","=""9781638581161""",5.0,Seven Seas,Paperback,184,2022,2020,2023/06/15,2023/06/16,manga,manga (#10),read,,,,1,0
55039303,スキップとローファー 4 [Skip to Loafer 4],Misaki Takamatsu,"Takamatsu, Misaki",,"=""""","=""""",5.0,講談社 [Kōdansha],Kindle Edition,178,2020,2020,2023/06/15,2023/06/16,manga,manga (#9),read,,,,1,0
57491044,スキップとローファー 5 [Skip to Loafer 5],Misaki Takamatsu,"Takamatsu, Misaki",,"=""""","=""""",5.0,講談社,Kindle Edition,178,2021,2021,2023/06/15,2023/06/16,manga,manga (#8),read,,,,1,0
59725909,スキップとローファー 6 [Skip to Loafer 6],Misaki Takamatsu,"Takamatsu, Misaki",,"=""""","=""""",5.0,講談社,Kindle Edition,182,2021,2021,2023/06/16,2023/06/16,manga,manga (#7),read,,,,1,0
61335368,スキップとローファー 7 [Skip to Loafer 7],Misaki Takamatsu,"Takamatsu, Misaki",高松美咲,"=""4065281474""","=""9784065281475""",5.0,講談社,Paperback,176,2022,2022,2023/06/16,2023/06/16,manga,manga (#6),read,,,,1,0
71070597,スキップとローファー 8 [Skip to Loafer 8],Misaki Takamatsu,"Takamatsu, Misaki",高松美咲,"=""4065302676""","=""9784065302675""",5.0,講談社,Paperback,176,2023,2023,2023/06/16,2023/06/16,manga,manga (#5),read,"Alright, so it looks like it will take GoodReads to update volume 9 on this wonderful series. I have read up to Vol 9 chapter 51.5 Heart-Thumping Ocean.<br/><br/>It's been a whirlwind and it's been lovely and tearjerking. My heart feels so heavy with so much being unresolved. It weighs my soul down (like seriously) I thank the author and translators for working hard to let us experience Mitsumi's world together with her. I can't wait for the new chapters when they are available! ",,,1,0
57526030,폭군 남편과 이혼하겠습니다 [Poggun Nampyeongwa Ihonhagessseubnida] (I'll Divorce My Tyrant Husband),Yoonha Oh,"Oh, Yoonha","kib, 오윤하, 키브","=""""","=""""",3.0,네이버웹소설,Unbound,,2021,2020,2023/11/06,2023/11/04,manhwa,manhwa (#19),read,"Chapter 1-55 Season Completed!<br/><br/>Ok, so I liked this webtoon to a certain degree. The Female Lead is who really sold it for me, the others not so much. The Male lead has absolutely no background other than being a sociopath and using others as he pleases. He only finds obsession with the FL and it's not at all genuine in my eyes. You can't mistake greed for love even if they go hand in hand in situations. I'd much rather her run away as fast as she can and the conclusion to season one is just that. <br/><br/>Robelia is replaced by a Korean office worker in a twist of fate, but of course no one knows that. The two main characters are originally supposed to be the saintess Aisha (girl who came from Korea/another world) and this country's emperor, Alexandro. Robelia exists as the empress in the story only to be replaced by Aisha. It's a depressing existence and even Robelia says that she doesn't care for the emperor's affections since it should belong to the real Robelia, not her occupy Robelia's body. Aisha is sly, but Robelia manages to get the upper hand and support of the Emperor as a strange byproduct. It's completely unwarranted however as Robelia even chases Alexandro out of her bedroom (even as a married couple). <br/><br/>Aisha tries to gain influence by sharing knowledge about Korea to the people, but to no avail, as it backfires on her. Robelia takes advantage of the situation and saved the event by making Korean Dishes. It sends off warning bells in Aisha's head as she begins to suspect Robelia of hiding information about the other world (not yet putting two and two together that Robelia could also have come from Korea). <br/><br/>I don't like how open people are with secrets here. They just outright share whatever they are trying to bury with whoever. Which brings me to the slave Caleb and the duke. These two new additions are giving me a headache. Caleb is getting really suspicious if he wasn't already a red flag offering himself up to a woman much older than him who treats him like a brother. Duke also very much a red flag since he doesn't seem the caring type or even the loyal type.. He reveals his past like it's nothing and he's just a notch below or on par with the emperor with his obsession with the empress and it's been 2 or 3 chapters since he's shown up.<br/><br/>I like the premise but there are better webtoons out there that deal with transmigration/ character replacement and deal with the other characters in a far more satisfying manner. Why did Raelianna End up at the Duke's Manor, The Only Ending for a Villainess is Death, and Kill the Villainess are fantastic choices (I'm sure there's more but these are just perfection).",,,1,0
59759316,"악역의 엔딩은 죽음뿐 3 (Villains are Destined to Die, Vol. 3)",Suol,"Suol, Suol","수월, Gwon Gyeoeul, 권겨을","=""""","=""9791167770134""",5.0,디앤씨웹툰비즈,Paperback,280,2021,2021,2023/12/22,2023/11/06,manhwa,manhwa (#17),read,,,,1,0
62854842,Ink Blood Sister Scribe,Emma Törzs,"Törzs, Emma",,"=""0063253461""","=""9780063253469""",0,William Morrow,Hardcover,416,2023,2023,,2024/01/19,to-read,to-read (#280),to-read,,,,0,0
65213595,Starling House,Alix E. Harrow,"Harrow, Alix E.",,"=""1250799058""","=""9781250799050""",0,Tor Books,Hardcover,308,2023,2023,,2024/01/19,to-read,to-read (#279),to-read,,,,0,0
60654349,Weyward,Emilia Hart,"Hart, Emilia",,"=""125028080X""","=""9781250280800""",0,St. Martin's Press,Hardcover,329,2023,2023,,2024/01/19,to-read,to-read (#278),to-read,,,,0,0
61849818,"계모인데, 딸이 너무 귀여워 1 [Gyemoinde, Ddar'i Neomu Gwiyeowo 1]",Mo9Rang,"Mo9Rang, Mo9Rang","모구랭, ｉｒｕ, 이르","=""""","=""9791164288069""",0,에이템포미디어 ,Paperback,288,2022,2021,,2024/01/16,to-read,to-read (#277),to-read,,,,0,0
58711349,"A Villainess for the Tyrant, Vol. 1 (Novel)",Yu-Iran,"Yu-Iran, Yu-Iran",David Song,"=""1954707045""","=""9781954707047""",0,WordExcerpt,Kindle Edition,212,2021,2018,,2024/01/03,to-read,to-read (#276),to-read,,,,0,0
22055262,"A Darker Shade of Magic (Shades of Magic, #1)",V.E. Schwab,"Schwab, V.E.",Victoria Schwab,"=""0765376458""","=""9780765376459""",0,Tor,Hardcover,400,2015,2015,,2023/12/31,to-read,to-read (#275),to-read,,,,0,0
62689561,An Incarnation of Shadow and Light,S.A. Christianson,"Christianson, S.A.",,"=""1778287328""","=""9781778287329""",0,Samantha Christianson,Paperback,482,2022,2022,,2023/12/20,to-read,to-read (#274),to-read,,,,0,0
52817433,"Star⇄Crossed!!, Vol. 1",Junko,"Junko, Junko",,"=""1646593375""","=""9781646593378""",0,Kodansha,Kindle Edition,166,2020,2019,,2023/12/20,to-read,to-read (#273),to-read,,,,0,0
62649010,"House of Roots and Ruin (Sisters of the Salt, #2)",Erin A. Craig,"Craig, Erin A.",,"=""0593482557""","=""9780593482551""",0,Delacorte Press,Library Binding,544,2023,2023,,2023/12/20,to-read,to-read (#272),to-read,,,,0,0
141381680,Safe & Sound in the Arms of an Elite Knight: Volume 1,Fuyu Aoki,"Aoki, Fuyu","Minori Aritani, Dawson Chen","=""1718388314""","=""9781718388314""",0,J-Novel Heart,Kindle Edition,220,2023,,,2023/12/20,to-read,to-read (#271),to-read,,,,0,0
62695333,The Tyrant's Etiquette Tutor: Volume I,Hyla,"Hyla, Hyla",,"=""""","=""9798986383514""",0,Editio Publishing,Kindle Edition,213,2022,,,2023/12/20,to-read,to-read (#270),to-read,,,,0,0
61991438,"Bride of the Barrier Master, Vol. 1",Kureha,"Kureha, Kureha","Bodax, Linda Liu","=""1975360524""","=""9781975360528""",0,Yen On,Paperback,208,2023,2021,,2023/12/20,to-read,to-read (#269),to-read,,,,0,0
61155304,The Princess’ Smile: The Body-Double Bride Searches for Happiness with the Reclusive Prince,Yuuri Seo,"Seo, Yuuri","m/g, Jenny Murphy","=""""","=""9798885600071""",0,Cross Infinite World,Kindle Edition,265,2022,,,2023/12/20,to-read,to-read (#268),to-read,,,,0,0
85166107,"The Summer Hikaru Died, Vol. 1",Mokumokuren,"Mokumokuren, Mokumokuren",Ajani Oloye,"=""1975360540""","=""9781975360542""",0,Yen Press,Paperback,180,2023,2022,,2023/12/20,to-read,to-read (#267),to-read,,,,0,0
60436460,The Dragon’s Soulmate is a Mushroom Princess! Vol.1,Hanami Nishine,"Nishine, Hanami","Poporucha, Evie Lund","=""""","=""9798885600026""",0,Cross Infinite World,Kindle Edition,332,2022,,,2023/12/20,to-read,to-read (#266),to-read,,,,0,0
60409496,あかね噺 1 [Akane-banashi 1],Yūki Suenaga,"Suenaga, Yūki","末永裕樹, Takamasa Moue, 馬上鷹将","=""4088831500""","=""9784088831503""",0,集英社,Paperback,200,2022,2022,,2023/12/20,to-read,to-read (#265),to-read,,,,0,0
57762132,I Swear I Won't Bother You Again! (Light Novel) Vol. 1,Reina Soratani,"Soratani, Reina",Haru Harukawa,"=""1648279619""","=""9781648279614""",0,Airship (Seven Seas),Kindle Edition,218,2021,2019,,2023/12/20,to-read,to-read (#264),to-read,,,,0,0
57671347,Accomplishments of the Duke's Daughter (Light Novel) Vol. 1,Reia,"Reia, Reia","Haduki Futaba, Alexander Keller-Nelson","=""1638580081""","=""9781638580089""",0,Airship,Kindle Edition,194,2021,2015,,2023/12/20,to-read,to-read (#263),to-read,,,,0,0
16058162,日々蝶々 1 [Hibi Chouchou 1],Suu Morishita,"Morishita, Suu",森下ｓｕｕ,"=""4088468023""","=""9784088468020""",0,Shueisha,Paperback,192,2012,2012,,2023/12/20,to-read,to-read (#262),to-read,,,,0,0
54396854,"Zom 100: Bucket List of the Dead, Vol. 1",Haro Aso,"Aso, Haro",Kōtarō Takata,"=""197472056X""","=""9781974720569""",0,VIZ Media LLC,Paperback,160,2021,2019,,2023/12/20,to-read,to-read (#261),to-read,,,,0,0
61420120,Natural Beauty,Ling Ling Huang,"Huang, Ling Ling",,"=""0593472926""","=""9780593472927""",0,Dutton,Hardcover,272,2023,2023,,2023/11/19,to-read,to-read (#260),to-read,,,,0,0
60784409,A House with Good Bones,T. Kingfisher,"Kingfisher, T.",,"=""1250829798""","=""9781250829795""",0,Tor Nightfire,Hardcover,247,2023,2023,,2023/11/19,to-read,to-read (#259),to-read,,,,0,0
62066190,A Haunting on the Hill,Elizabeth Hand,"Hand, Elizabeth",,"=""1408729571""","=""9781408729571""",0,Sphere,Hardcover,336,2023,2023,,2023/10/27,to-read,to-read (#258),to-read,,,,0,0
59470553,Lies We Sing to the Sea,Sarah  Underwood,"Underwood, Sarah",,"=""""","=""""",0,HarperTeen,Hardcover,432,2023,2023,,2023/10/27,to-read,to-read (#257),to-read,,,,0,0
57442205,The Vines,Shelley Nolden,"Nolden, Shelley",Jess Nahikian,"=""""","=""""",0,Shelley Nolden,Audiobook,14,2021,2021,,2023/10/04,to-read,to-read (#256),to-read,,,,0,0
123423832,The Coworker,Freida McFadden,"McFadden, Freida",,"=""172829620X""","=""9781728296203""",0,Poisoned Pen Press,Paperback,362,2023,2023,,2023/09/28,to-read,to-read (#255),to-read,,,,0,0
62334530,None of This Is True,Lisa Jewell,"Jewell, Lisa",,"=""1982179007""","=""9781982179007""",0,Atria Books,Hardcover,390,2023,2023,,2023/09/28,to-read,to-read (#254),to-read,,,,0,0
58065033,Lessons in Chemistry,Bonnie Garmus,"Garmus, Bonnie",,"=""""","=""""",0,Doubleday Books,Hardcover,390,2022,2022,,2023/09/28,to-read,to-read (#253),to-read,,,,0,0
116536542,"Things We Left Behind (Knockemout, #3)",Lucy Score,"Score, Lucy",,"=""""","=""9798886439298""",0,That's What She Said Publishing,Kindle Edition,698,2023,2023,,2023/09/28,to-read,to-read (#252),to-read,,,,0,0
60898884,"그 해 우리는 1 (Our Beloved Summer, Vol. 1)",Lee naeun,"naeun, Lee",Han Kyoung Chal,"=""""","=""9791192005126""",0,글의온도 ,Paperback,300,2022,,,2023/09/27,to-read,to-read (#251),to-read,,,,0,0
58419108,"Mr. Wrong Number (Mr. Wrong Number, #1)",Lynn Painter,"Painter, Lynn",,"=""""","=""""",0,Berkley,Kindle Edition,350,2022,2022,,2023/09/27,to-read,to-read (#250),to-read,,,,0,0
60487511,"The Love Wager (Mr. Wrong Number, #2)",Lynn Painter,"Painter, Lynn",,"=""0593437292""","=""9780593437292""",0,Berkley,Kindle Edition,315,2023,2023,,2023/09/27,to-read,to-read (#249),to-read,,,,0,0
60197314,Betting on You,Lynn Painter,"Painter, Lynn",,"=""1665921234""","=""9781665921237""",0,Simon & Schuster Books for Young Readers,Hardcover,432,2023,2023,,2023/09/27,to-read,to-read (#248),to-read,,,,0,0
96150102,Look Out For The Little Guy!,Scott   Lang,"Lang, Scott",Rob Kutner,"=""1368090133""","=""9781368090131""",0,Hyperion Avenue,Hardcover,213,2023,2023,,2023/09/09,to-read,to-read (#247),to-read,,,,0,0
59222409,Love After World Domination 1,Takahiro Wakamatsu,"Wakamatsu, Takahiro",Hiroshi Noda,"=""1636993958""","=""9781636993959""",0,Kodansha Comics,Kindle Edition,163,2021,2020,,2023/09/09,to-read,to-read (#246),to-read,,,,0,0
23382178,からかい上手の高木さん 1 [Karakai Jōzu no Takagi-san 1],Sōichirō Yamamoto,"Yamamoto, Sōichirō",山本崇一朗,"=""""","=""""",0,小学館 [Shōgakukan],Kindle Edition,161,2014,2014,,2023/09/09,to-read,to-read (#245),to-read,,,,0,0
52973678,"The Daily Lives Of High School Boys, Vol. 1",Yasunobu Yamauchi,"Yamauchi, Yasunobu",,"=""1949980219""","=""9781949980219""",0,Vertical,Paperback,160,2020,2010,,2023/09/09,to-read,to-read (#244),to-read,,,,0,0
56758374,"My Unique Skill Makes Me OP even at Level 1, Vol. 1",Mawata,"Mawata, Mawata",,"=""164659892X""","=""9781646598922""",0,Kodansha Comics,Kindle Edition,191,2021,2019,,2023/09/09,to-read,to-read (#243),to-read,,,,0,0
43534612,"O Maidens in Your Savage Season, Vol. 1",Mari Okada,"Okada, Mari",Nao Emoto,"=""1632368188""","=""9781632368188""",0,Kodansha Comics,Paperback,216,2019,2017,,2023/09/09,to-read,to-read (#242),to-read,,,,0,0
44165000,呪術廻戦 0 東京都立呪術高等専門学校 [Jujutsu Kaisen 0 Tōkyō Toritsu Jujutsu Kōtō Senmon Gakkō],Gege Akutami,"Akutami, Gege",芥見下々,"=""4088816722""","=""9784088816722""",0,集英社,Paperback,200,2018,2018,,2023/09/09,to-read,to-read (#241),to-read,,,,0,0
23310828,"The Ancient Magus' Bride, Vol. 1",Kore Yamazaki,"Yamazaki, Kore",Adrienne Beck,"=""1626921873""","=""9781626921870""",0,Seven Seas,Paperback,176,2015,2014,,2023/09/09,to-read,to-read (#240),to-read,,,,0,0
126918021,Draw Down the Moon (Moonstruck Book 1),P.C. Cast,"Cast, P.C.",Kristin Cast,"=""1250865174""","=""9781250865175""",0,Wednesday Books,Kindle Edition,315,2024,2024,,2023/08/18,to-read,to-read (#239),to-read,,,,0,0
59986018,"The Book of Azrael (Gods & Monsters, #1)",Amber V. Nicole,"Nicole, Amber V.",,"=""""","=""""",0,Rose and Star Publishing,Kindle Edition,572,2022,2022,,2023/06/17,to-read,to-read (#238),to-read,,,,0,0
60354430,"Ashen Son (The War of Lost Hearts, #0.5)",Carissa Broadbent,"Broadbent, Carissa",,"=""""","=""""",0,,ebook,140,2023,2022,,2023/06/17,to-read,to-read (#237),to-read,,,,0,0
61246394,"Trial of the Sun Queen (Artefacts of Ouranos, #1)",Nisha J. Tuli,"Tuli, Nisha J.",,"=""""","=""""",0,,Paperback,400,2022,2023,,2023/06/17,to-read,to-read (#236),to-read,,,,0,0
58763686,"Haunting Adeline (Cat and Mouse, #1)",H.D. Carlton,"Carlton, H.D.",,"=""""","=""""",0,,Kindle Edition,629,2021,2021,,2023/06/16,to-read,to-read (#234),to-read,,,,0,0
32075825,"The Rise and Fall of D.O.D.O. (D.O.D.O., #1)",Neal Stephenson,"Stephenson, Neal",Nicole Galland,"=""0062409166""","=""9780062409164""",0,William Morrow,Hardcover,752,2017,2017,,2023/03/25,to-read,to-read (#233),to-read,,,,0,0
56783258,Cloud Cuckoo Land,Anthony Doerr,"Doerr, Anthony",,"=""1982168439""","=""9781982168438""",0,Scribner,Hardcover,626,2021,2021,,2023/03/05,to-read,to-read (#232),to-read,,,,0,0
61423072,Queen Charlotte,Julia Quinn,"Quinn, Julia",Shonda Rhimes,"=""0063305089""","=""9780063305083""",0,Avon,Hardcover,335,2023,2023,,2023/06/11,to-read,to-read (#231),to-read,,,,0,0
55222222,【推しの子】 1 [Oshi no Ko 1],Aka Akasaka,"Akasaka, Aka","赤坂アカ, Mengo Yokoyari, 横槍メンゴ","=""4088916506""","=""9784088916507""",0,集英社,Paperback,220,2020,2020,,2023/06/11,to-read,to-read (#230),to-read,,,,0,0
65148445,The Inconvenient Life of an Arousing Priestess (Light Novel) Volume 1,Makino Maebaru,"Maebaru, Makino","Hachi Uehara, Kashi Kamitoma","=""""","=""9798885600439""",0,Cross Infinite World,Kindle Edition,402,2023,2022,,2023/06/04,to-read,to-read (#228),to-read,,,,0,0
60258258,7th Time Loop: The Villainess Enjoys a Carefree Life Married to Her Worst Enemy! Vol. 1,Hinoki Kino,"Kino, Hinoki","Touko Amekawa, Wan☆Hachipisu","=""1638586381""","=""9781638586388""",0,Seven Seas,Paperback,180,2022,2021,,2023/06/04,to-read,to-read (#227),to-read,,,,0,0
60099338,"Hi, I'm a Witch, and My Crush Wants Me to Make a Love Potion Manga, Vol. 1",Kamada,"Kamada, Kamada","Eiko Mutsuhana, ｖｉｅｎｔ","=""1975338642""","=""9781975338640""",0,Yen Press,Paperback,164,2022,2020,,2023/06/04,to-read,to-read (#226),to-read,,,,0,0
54504177,"The Angel Next Door Spoils Me Rotten, Vol. 1 (light novel)",Saekisan,"Saekisan, Saekisan",Hanekoto,"=""1975319230""","=""9781975319236""",0,Yen On,Paperback,248,2020,2019,,2023/06/04,to-read,to-read (#225),to-read,,,,0,0
53250131,"今、恋をしています 1 [Ima, Koi wo Shite Imasu 1]",Ayuko Hatta,"Hatta, Ayuko",,"=""""","=""""",0,Shueisha,Kindle Edition,192,2020,2020,,2023/06/04,to-read,to-read (#224),to-read,,,,0,0
57653536,"I'm the Villainess, So I'm Taming the Final Boss (Light Novel), Vol. 1",Sarasa Nagase,"Nagase, Sarasa",Mai Murasaki,"=""1975334051""","=""9781975334055""",0,Yen On,Paperback,240,2021,2017,,2023/06/04,to-read,to-read (#223),to-read,,,,0,0
32708007,鬼滅の刃 1 [Kimetsu no Yaiba 1],Koyoharu Gotouge,"Gotouge, Koyoharu",吾峠呼世晴,"=""""","=""""",0,集英社,Kindle Edition,197,2016,2016,,2023/06/04,to-read,to-read (#222),to-read,,,,0,0
25074597,"My Hero Academia, Vol. 1",Kohei Horikoshi,"Horikoshi, Kohei",Caleb D. Cook,"=""1421582694""","=""9781421582696""",0,VIZ Media LLC,Paperback,189,2015,2014,,2023/06/04,to-read,to-read (#221),to-read,,,,0,0
204042,"Naruto, Vol. 1: Uzumaki Naruto (Naruto, #1)",Masashi Kishimoto,"Kishimoto, Masashi",,"=""1569319006""","=""9781569319000""",0,VIZ Media,Paperback ,187,2014,2000,,2023/06/04,to-read,to-read (#220),to-read,,,,0,0
56554281,"This Woven Kingdom (This Woven Kingdom, #1)",Tahereh Mafi,"Mafi, Tahereh",,"=""0062972464""","=""9780062972460""",0,HarperCollins,ebook,512,2022,2022,,2023/05/09,to-read,to-read (#219),to-read,,,,0,0
53422971,"These Hollow Vows (These Hollow Vows, #1)",Lexi Ryan,"Ryan, Lexi",,"=""""","=""""",0,HMH,Kindle Edition,448,2021,2021,,2023/05/09,to-read,to-read (#218),to-read,,,,0,0
62949147,"A Dawn of Onyx (The Sacred Stones, #1)",Kate  Golden,"Golden, Kate",,"=""""","=""""",0,The Daisy Press,Paperback,456,2022,2022,,2023/05/09,to-read,to-read (#217),to-read,,,,0,0
57282383,"A Shadow in the Ember (Flesh and Fire, #1)",Jennifer L. Armentrout,"Armentrout, Jennifer L.",,"=""""","=""""",0,Blue Box Press,Hardcover,647,2021,2021,,2023/05/09,to-read,to-read (#216),to-read,,,,0,0
186074,"The Name of the Wind (The Kingkiller Chronicle, #1)",Patrick Rothfuss,"Rothfuss, Patrick",,"=""075640407X""","=""9780756404079""",0,Penguin Group DAW,Hardcover,662,2007,2007,,2023/05/09,to-read,to-read (#215),to-read,,,,0,0
59227936,"Belladonna (Belladonna, #1)",Adalyn  Grace,"Grace, Adalyn",,"=""0316158232""","=""9780316158237""",0,"Little, Brown and Company",Hardcover,409,2022,2022,,2023/05/09,to-read,to-read (#214),to-read,,,,0,0
53968496,"The Prison Healer (The Prison Healer, #1)",Lynette Noni,"Noni, Lynette",,"=""0358434556""","=""9780358434559""",0,HarperCollins,Hardcover,416,2021,2021,,2023/05/09,to-read,to-read (#213),to-read,,,,0,0
60714999,"The Serpent and the Wings of Night (Crowns of Nyaxia, #1)",Carissa Broadbent,"Broadbent, Carissa",,"=""""","=""""",0,Independently Published,Kindle Edition,504,2022,2022,,2023/05/09,"to-read, book-physical","to-read (#212), book-physical (#70)",to-read,,,,0,0
58175788,"House of Beating Wings (The Kingdom of Crows, #1)",Olivia Wildenstein,"Wildenstein, Olivia",,"=""1948463555""","=""9781948463553""",0,Generic,Hardcover,490,2022,2022,,2023/05/09,to-read,to-read (#211),to-read,,,,0,0
56732449,The Love Hypothesis,Ali Hazelwood,"Hazelwood, Ali",,"=""0593336828""","=""9780593336823""",0,Berkley Books,Paperback,383,2021,2021,,2023/05/04,to-read,to-read (#209),to-read,,,,0,0
56393451,甜美的咬痕 [Sweet Bite Marks],锐思,"锐思, 锐思",伊凯,"=""""","=""""",0,,Unknown Binding,,,,,2023/04/25,to-read,to-read (#208),to-read,,,,0,0
42815556,"Spin the Dawn (The Blood of Stars, #1)",Elizabeth Lim,"Lim, Elizabeth",,"=""""","=""""",0,Alfred A. Knopf,Hardcover,392,2019,2019,,2023/04/25,to-read,to-read (#207),to-read,,,,0,0
60235972,Empress Of Another World (이세계의 황비 외전),Seo-rim Lim,"Lim, Seo-rim",,"=""1126439029""","=""9791126439027""",0,C&D Media,Hardcover,376,2016,,,2021/11/04,to-read,to-read (#39),to-read,,,,0,0
36844972,"I Hear the Sunspot, Vol. 1 (I Hear the Sunspot #1)",Yuki Fumino,"Fumino, Yuki",文乃ゆき,"=""1944937528""","=""9781944937522""",0,One Peace Books,Kindle Edition,191,2020,2014,,2023/03/26,to-read,to-read (#206),to-read,,,,0,0
1103544,Parasyte 1,Hitoshi Iwaaki,"Iwaaki, Hitoshi",Andrew   Cunningham,"=""0345496248""","=""9780345496249""",0,Del Rey,Paperback,288,2007,1990,,2023/03/25,to-read,to-read (#205),to-read,,,,0,0
56329249,"Manor for Sale, Baron Included  (A Romance of Rank, #1)",Esther Hatch,"Hatch, Esther",,"=""""","=""""",0,Arbory Press,Kindle Edition,247,2021,2021,,2023/03/25,to-read,to-read (#204),to-read,,,,0,0
35276160,"So I'm a Spider, So What?, Vol. 1",Okina Baba,"Baba, Okina",Tsukasa Kiryu,"=""0316442925""","=""9780316442923""",0,Yen On,Kindle Edition,277,2017,2015,,2023/03/25,to-read,to-read (#203),to-read,,,,0,0
42183632,My Next Life as a Villainess: All Routes Lead to Doom! Volume 1 (Light Novel),Satoru Yamaguchi,"Yamaguchi, Satoru","Shirley Yeung, Nami Hidaka","=""""","=""""",0,J-Novel Club,Kindle Edition,183,2018,2015,,2023/03/25,to-read,to-read (#202),to-read,,,,0,0
26238503,ハピネス 1 [Happiness 1],Shuzo Oshimi,"Oshimi, Shuzo",押見修造,"=""4063954447""","=""9784063954449""",0,講談社 [Kōdansha],Paperback,192,2015,2015,,2023/03/16,to-read,to-read (#201),to-read,,,,0,0
60149573,Our Missing Hearts,Celeste Ng,"Ng, Celeste",,"=""0593492544""","=""9780593492543""",0,Penguin Press,Hardcover,335,2022,2022,,2023/03/15,to-read,to-read (#200),to-read,,,,0,0
58784475,"Tomorrow, and Tomorrow, and Tomorrow",Gabrielle Zevin,"Zevin, Gabrielle",,"=""0735243344""","=""9780735243347""",0,Knopf,Paperback,399,2022,2022,,2023/03/15,to-read,to-read (#199),to-read,,,,0,0
58733693,Remarkably Bright Creatures,Shelby Van Pelt,"Pelt, Shelby Van",,"=""0063204150""","=""9780063204157""",0,Ecco,Hardcover,360,2022,2022,,2023/03/15,to-read,to-read (#198),to-read,,,,0,0
57185348,Matrix,Lauren Groff,"Groff, Lauren",,"=""1594634491""","=""9781594634499""",0,Riverhead Books,Hardcover,260,2021,2021,,2023/03/15,to-read,to-read (#197),to-read,,,,0,0
56586149,Sss-Class Suicide Hunter Vol 1,Sinnoa,"Sinnoa, Sinnoa","SHIN NOAH, 신노아","=""""","=""""",0,,Unknown Binding,550,,,,2023/03/15,to-read,to-read (#196),to-read,,,,0,0
44643642,"Ascendance of a Bookworm (Light Novel), Part 1 Volume 1",Miya Kazuki,"Kazuki, Miya","You Shiina, Quof","=""171834600X""","=""9781718346000""",0,J-Novel Club,Kindle Edition,297,2019,2015,,2023/03/10,to-read,to-read (#195),to-read,,,,0,0
58829155,절벽에 뜬 달 [Jeolbyeog'e Ddeun Dal] (Moonrise by the Cliff),Minye Hyeon,"Hyeon, Minye","JYL, 현민예, 재율랑","=""""","=""9791191145311""",0,씨엔씨레볼루션(주),ebook,,2021,2021,,2023/03/09,to-read,to-read (#194),to-read,,,,0,0
61939451,"The Duke's Wayward Wallflower (Charmed, I'm Sure #1)",Maggie Dallen,"Dallen, Maggie",,"=""""","=""""",0,Grace Street Publishing,Kindle Edition,256,2022,,,2023/03/09,to-read,to-read (#193),to-read,,,,0,0
56819794,"미남과 야수 1 [Minamgwa Yasu 1] (The Beau and the Beast [Webtoon], Season 1)",Lb,"Lb, Lb","Yooeun, 유은, Willbright, 윌브라이트","=""""","=""9791190503419""",0,콘텐츠랩블루,ebook,,2021,2021,,2023/03/09,to-read,to-read (#192),to-read,,,,0,0
50074593,Cain's Jawbone,E. Powys Mathers,"Mathers, E. Powys",Torquemada,"=""1783527412""","=""9781783527410""",0,Unbound,Hardcover,100,2019,1934,,2023/03/09,to-read,to-read (#191),to-read,,,,0,0
60653006,"Tower of God, Vol. 1",S.I.U.,"S.I.U., S.I.U.",,"=""1990259901""","=""9781990259906""",0,WEBTOON Unscrolled,Paperback,284,2022,2019,,2023/03/09,to-read,to-read (#190),to-read,,,,0,0
55445159,Pack Up the Moon,Kristan Higgins,"Higgins, Kristan",,"=""0451489489""","=""9780451489487""",0,Berkley,Paperback,480,2021,2021,,2023/03/09,to-read,to-read (#189),to-read,,,,0,0
50724207,"My Dress-Up Darling, Vol. 1",Shinichi Fukuda,"Fukuda, Shinichi",,"=""1646095170""","=""9781646095179""",0,Square Enix Manga,Kindle Edition,208,2020,2018,,2023/03/09,to-read,to-read (#188),to-read,,,,0,0
59807954,Other Birds,Sarah Addison Allen,"Allen, Sarah Addison",,"=""1250019869""","=""9781250019868""",0,St. Martin's Press,Hardcover,290,2022,2022,,2023/03/09,to-read,to-read (#187),to-read,,,,0,0
58724745,The Book Eaters,Sunyi Dean,"Dean, Sunyi",,"=""1250810183""","=""9781250810182""",0,Tor Books,Hardcover,298,2022,2022,,2023/03/09,to-read,to-read (#186),to-read,,,,0,0
56898076,The Inheritance of Orquídea Divina,Zoraida Córdova,"Córdova, Zoraida",,"=""1982102543""","=""9781982102548""",0,Atria Books,Hardcover,324,2021,2021,,2023/03/09,to-read,to-read (#185),to-read,,,,0,0
25526296,"Every Heart a Doorway (Wayward Children, #1)",Seanan McGuire,"McGuire, Seanan",,"=""0765385503""","=""9780765385505""",0,Tor.com,Hardcover,173,2016,2016,,2023/03/09,to-read,to-read (#184),to-read,,,,0,0
51934838,Catherine House,Elisabeth    Thomas,"Thomas, Elisabeth",,"=""0062905651""","=""9780062905659""",0,Custom House,Hardcover,311,2020,2020,,2023/03/09,to-read,to-read (#183),to-read,,,,0,0
59058504,"The Atlas Six (The Atlas, #1)",Olivie Blake,"Blake, Olivie",,"=""1250854512""","=""9781250854513""",0,Tor Books,Hardcover,376,2022,2020,,2023/03/09,to-read,to-read (#182),to-read,,,,0,0
61217085,"悪女はマリオネット 1 (The Villainess is a Marionette, Vol. 1)",Manggle,"Manggle, Manggle",Hanirim,"=""4758017646""","=""9784758017640""",0,一迅社,Paperback,181,2022,2020,,2023/03/08,to-read,to-read (#181),to-read,,,,0,0
35402204,"The Mystery of Black Hollow Lane (Black Hollow Lane, #1)",Julia Nobel,"Nobel, Julia",,"=""""","=""""",0,Sourcebooks Jabberwocky,Hardcover,320,2019,2019,,2023/03/08,to-read,to-read (#180),to-read,,,,0,0
59517332,"No Matter What You Say, Furi-san is Scary! Vol. 1",Seiichi Kinoue,"Kinoue, Seiichi",,"=""1685790240""","=""9781685790240""",0,Seven Seas,Kindle Edition,142,2021,,,2023/03/08,to-read,to-read (#179),to-read,,,,0,0
58510253,"The Undertaking of Hart and Mercy (Hart and Mercy, #1)",Megan Bannen,"Bannen, Megan",,"=""0356518655""","=""9780356518657""",0,Orbit Books,Kindle Edition,449,2022,2022,,2023/03/08,to-read,to-read (#178),to-read,,,,0,0
52132916,"A Man and His Cat, Vol. 1",Umi Sakurai,"Sakurai, Umi",,"=""1646090268""","=""9781646090266""",0,Square Enix Manga,Paperback,148,2020,2018,,2023/03/08,to-read,to-read (#177),to-read,,,,0,0
59834824,"악당의 아빠를 꼬셔라 1 (Flirting with the Villain's Dad, Vol. 1)",Dalseul,"Dalseul, Dalseul","Via, 달슬, 비아","=""""","=""9791129385314""",0,파인툰,Paperback,288,2021,2021,,2023/03/07,to-read,to-read (#176),to-read,,,,0,0
54814676,Crying in H Mart,Michelle Zauner,"Zauner, Michelle",,"=""0525657746""","=""9780525657743""",0,Knopf,Hardcover,256,2021,2021,,2023/03/07,to-read,to-read (#175),to-read,,,,0,0
58744977,"The Last Thing He Told Me (Hannah Hall, #1)",Laura Dave,"Dave, Laura",,"=""""","=""""",0,Simon & Schuster,Hardcover,306,2021,2021,,2023/03/07,to-read,to-read (#174),to-read,,,,0,0
53152636,Mexican Gothic,Silvia Moreno-Garcia,"Moreno-Garcia, Silvia",,"=""0525620788""","=""9780525620785""",0,Del Rey,Hardcover,320,2020,2020,,2023/03/07,to-read,to-read (#173),to-read,,,,0,0
43785830,Will My Cat Eat My Eyeballs? Big Questions from Tiny Mortals About Death,Caitlin Doughty,"Doughty, Caitlin",Dianné Ruz,"=""039365270X""","=""9780393652703""",0,W. W. Norton & Company,Hardcover,200,2019,2019,,2023/03/07,to-read,to-read (#172),to-read,,,,0,0
40132775,"House of Sky and Breath (Crescent City, #2)",Sarah J. Maas,"Maas, Sarah J.",,"=""1408884429""","=""9781408884423""",0,Bloomsbury Publishing,Hardcover,805,2022,2022,,2023/03/07,to-read,to-read (#171),to-read,,,,0,0
55196813,"The Maid (Molly the Maid, #1)",Nita Prose,"Prose, Nita",,"=""0593356152""","=""9780593356159""",0,Ballantine Books,Hardcover,289,2022,2022,,2023/03/07,to-read,to-read (#170),to-read,,,,0,0
58064046,Gallant,V.E. Schwab,"Schwab, V.E.","Victoria Schwab, Manuel Sumberac","=""0062835777""","=""9780062835772""",0,Greenwillow Books,Hardcover,338,2022,2022,,2023/03/07,to-read,to-read (#169),to-read,,,,0,0
55502861,"The Wisteria Society of Lady Scoundrels (Dangerous Damsels, #1)",India Holton,"Holton, India",,"=""0593200160""","=""9780593200162""",0,Berkley,Paperback,336,2021,2021,,2023/03/07,to-read,to-read (#168),to-read,,,,0,0
60219936,"Charming Your Dad (Charming, #1)",Sarah   Blue,"Blue, Sarah",,"=""""","=""""",0,,Kindle Edition,323,2022,2022,,2023/03/07,to-read,to-read (#167),to-read,,,,0,0
18775475,"My Love Story!!, Vol. 1",Kazune Kawahara,"Kawahara, Kazune",Aruko,"=""1421571447""","=""9781421571447""",0,VIZ Media LLC,Paperback,184,2014,2012,,2023/03/07,to-read,to-read (#166),to-read,,,,0,0
65974479,The Fox and the Dryad,Kellen Graves,"Graves, Kellen",,"=""""","=""9798985766264""",0,Kellen Graves,Paperback,416,2023,2023,,2023/03/07,to-read,to-read (#165),to-read,,,,0,0
75566731,"Heart, Haunt, Havoc (The Gideon Testaments, #1)",Freydís Moon,"Moon, Freydís",,"=""""","=""""",0,,Kindle Edition,156,2023,2023,,2023/03/07,to-read,to-read (#164),to-read,,,,0,0
112974911,"Thieves' Gambit (Thieves' Gambit, #1)",Kayvion Lewis,"Lewis, Kayvion",,"=""0593625366""","=""9780593625361""",0,Nancy Paulsen Books,Hardcover,384,2023,2023,,2023/03/06,to-read,to-read (#163),to-read,,,,0,0
61796738,"Stars and Smoke (Stars and Smoke, #1)",Marie Lu,"Lu, Marie",,"=""""","=""""",0,Roaring Brook Press,Hardcover,336,2023,2023,,2023/03/06,to-read,to-read (#162),to-read,,,,0,0
123008168,"My Dark Romeo (Dark Prince Road, #1)",Parker S. Huntington,"Huntington, Parker S.",L.J. Shen,"=""1950209075""","=""9781950209071""",0,PSH Publishing,Paperback,366,2023,2023,,2023/03/06,to-read,to-read (#161),to-read,,,,0,0
62365905,We Could Be So Good,Cat Sebastian,"Sebastian, Cat",,"=""0063272768""","=""9780063272767""",0,Avon,Paperback,384,2023,2023,,2023/03/06,to-read,to-read (#160),to-read,,,,0,0
59345230,Drowning,T.J. Newman,"Newman, T.J.",,"=""1982177918""","=""9781982177911""",0,Avid Reader Press / Simon & Schuster,Hardcover,304,2023,2021,,2023/03/06,to-read,to-read (#159),to-read,,,,0,0
39948345,Uncommon Type,Tom Hanks,"Hanks, Tom",,"=""1101911948""","=""9781101911945""",0,Vintage,Paperback,403,2018,2017,,2023/03/06,to-read,to-read (#158),to-read,,,,0,0
59366221,Falling,T.J. Newman,"Newman, T.J.",,"=""1982177896""","=""9781982177898""",0,Avid Reader Press / Simon & Schuster,Paperback,285,2022,2021,,2023/03/06,to-read,to-read (#157),to-read,,,,0,0
62562854,Will They or Won't They,Ava  Wilder,"Wilder, Ava",,"=""059335897X""","=""9780593358979""",0,Random House Publishing Group,Paperback,401,2023,2023,,2023/03/06,to-read,to-read (#156),to-read,,,,0,0
36952594,A Blade So Black (The Nightmare-Verse #1),L.L. McKinney,"McKinney, L.L.",,"=""1250153905""","=""9781250153906""",0,Imprint,Hardcover,384,2018,2018,,2023/03/06,to-read,to-read (#155),to-read,,,,0,0
56597885,"Beautiful World, Where Are You",Sally Rooney,"Rooney, Sally",,"=""0374602603""","=""9780374602604""",0,"Farrar, Straus and Giroux",Hardcover,356,2021,2021,,2023/03/06,to-read,to-read (#154),to-read,,,,0,0
53310061,"Dial A for Aunties (Aunties, #1)",Jesse Q. Sutanto,"Sutanto, Jesse Q.",,"=""0593336739""","=""9780593336731""",0,Berkley,Hardcover,299,2021,2021,,2023/03/06,to-read,to-read (#153),to-read,,,,0,0
58528729,최강자 남주의 라이벌을 그만두었더니 [Choegangja Namjueui Rival-eul Deumandueossdeoni] (I Quit Being The Male Lead's Rival),Na Jin Yoo,"Yoo, Na Jin","Cocorip, 유나진, 코코립","=""""","=""""",0,다산북스,ebook,,2021,2021,,2023/03/03,to-read,to-read (#152),to-read,,,,0,0
56484002,이 결혼은 어차피 망하게 되어있다 [I Gyeolhon-eun Eochapi Manghage Doeeoissda] (This Marriage Is Bound To Sink Anyway),Chacha Kim,"Kim, Chacha","Pudica, 김차차","=""""","=""9791187658900""",0,서커스,ebook,,2019,2019,,2023/03/03,to-read,to-read (#151),to-read,,,,0,0
58355231,황후를 훔친 이는 누구인가 [Hwanghureul Humchin Ineun Nuguinga] (Who Stole The Empress),NOT A BOOK,"BOOK, NOT A",,"=""""","=""""",0,티라미수,ebook,,2021,2021,,2023/03/03,to-read,to-read (#150),to-read,,,,0,0
59585614,冷血公爵の心変わり 2,Bandalbanji,"Bandalbanji, Bandalbanji",Eddie,"=""4046807318""","=""9784046807311""",0,KADOKAWA,Paperback,192,2021,2020,,2023/03/03,to-read,to-read (#149),to-read,,,,0,0
61796737,"Everything is Fine, Vol. 1: A WEBTOON Unscrolled Graphic Novel",Mike Birchall,"Birchall, Mike",,"=""199025991X""","=""9781990259913""",0,WEBTOON Unscrolled,Hardcover,272,2023,,,2023/03/03,to-read,to-read (#147),to-read,,,,0,0
53004450,"My Life as an Internet Novel, Volume 1",A. Hyeon,"Hyeon, A.",Yu Han-ryeo,"=""""","=""""",0,Ink Pop,ebook,275,2019,2020,,2023/03/03,to-read,to-read (#146),to-read,,,,0,0
56472374,너의 아이가 아니야 [Neoeui Aiga Aniya] (The Baby Isn't Yours),Arondry,"Arondry, Arondry","Passerby, 아롱드리, 지나가던 사람","=""""","=""""",0,kwbooks,ebook,,2019,2019,,2023/03/03,to-read,to-read (#145),to-read,,,,0,0
122991878,사내 맞선 1,Narak,"Narak, Narak","Perilla, 들깨, Haehwa, 해화","=""""","=""9791165096755""",0,연담,Paperback,320,2020,2020,,2022/05/26,to-read,to-read (#89),to-read,,,,0,0
58011738,The Golden Forest,So-Rie Yoon,"Yoon, So-Rie",,"=""""","=""""",0,,,,,2021,,2023/02/08,to-read,to-read (#144),to-read,,,,0,0
58668557,"참아주세요, 대공 1 [Cham-ajuseyo, Daegong 1] (Finding Camellia [Webtoon], Season 1)",Jin Soye,"Soye, Jin",,"=""""","=""9791166645549""",0,스르륵코믹스,ebook,,2021,2021,,2023/02/08,to-read,to-read (#143),to-read,,,,0,0
54437826,"악역이 베푸는 미덕 1 [Agyeog'i Bepuneun Mideog 1] (Ginger and the Cursed Prince [Webtoon], Season 1)",Koonac,"Koonac, Koonac",,"=""""","=""""",0,디앤씨미디어,ebook,,2020,2020,,2023/02/08,to-read,to-read (#141),to-read,,,,0,0
62629645,"その悪女に気をつけてください 1 (Beware the Villainess, Vol. 1)",Blue Canna,"Canna, Blue","Berry, Soda Ice","=""489199858X""","=""9784891998585""",0,一二三書房,Paperback,160,2022,2022,,2023/02/08,to-read,to-read (#140),to-read,,,,0,0
55278427,"Play It Cool, Guys, Vol. 1",Kokone Nata,"Nata, Kokone",,"=""1975321529""","=""9781975321529""",0,Yen Press,Paperback,144,2021,2019,,2023/02/08,to-read,to-read (#139),to-read,,,,0,0
59366029,"Kubo Won't Let Me Be Invisible, Vol. 1",Nene Yukimori,"Yukimori, Nene",,"=""1974729680""","=""9781974729685""",0,VIZ Media LLC,Paperback,176,2022,2020,,2023/02/08,to-read,to-read (#138),to-read,,,,0,0
61037051,"The Last Daughter (The Last Daughter, #1)",Alexis L. Menard,"Menard, Alexis L.",,"=""""","=""9781958673034""",0,Midnight Tide Publishing,Paperback,412,2022,2022,,2023/02/08,to-read,to-read (#137),to-read,,,,0,0
58750969,Seeking: Mage & Demon Queen,Satashi,"Satashi, Satashi",Yeulia,"=""""","=""""",0,,Paperback,248,2021,2020,,2023/01/31,to-read,to-read (#136),to-read,,,,0,0
60860737,"청춘 블라썸 1  (Seasons of Blossom, Vol. 1)",HONGDUCK,"HONGDUCK, HONGDUCK","NEMONE, 홍덕","=""""","=""9791127507701""",0,재담북스,Paperback,312,2022,2022,,2023/01/31,to-read,to-read (#135),to-read,,,,0,0
62977285,"이번 생도 잘 부탁해 1 (See You in My 19th Life, Vol. 1)",Lee Hye,"Hye, Lee",이혜,"=""""","=""9791191841176""",0,문페이스,Paperback,336,2022,2022,,2023/01/29,to-read,to-read (#134),to-read,,,,0,0
59815447,Morgana and Oz,Miyuli,"Miyuli, Miyuli",,"=""""","=""""",0,Webtoon,,,2021,,,2023/01/29,to-read,to-read (#133),to-read,,,,0,0
61205008,Eaternal Nocturnal,instantmiso,"instantmiso, instantmiso",,"=""""","=""""",0,,,,,,,2023/01/29,to-read,to-read (#132),to-read,,,,0,0
59835427,Reunion,stephattyy,"stephattyy, stephattyy",,"=""""","=""""",0,Webtoon,ebook,,2022,,,2023/01/26,to-read,to-read (#131),to-read,,,,0,0
58429742,Homesick,Ms. Freaky,"Freaky, Ms.",,"=""""","=""""",0,,,,2021,,,2023/01/26,to-read,to-read (#130),to-read,,,,0,0
56437857,"악녀는 두 번 산다 1 [Agnyeoneun Du Beon Sanda 1] (The Villainess Lives Again [Novel], #1)",Mint Han,"Han, Mint","ENA, 한민트","=""""","=""9791164497256""",0,고렘팩토리,ebook,,2020,2020,,2023/01/26,to-read,to-read (#129),to-read,,,,0,0
56073591,악녀라서 편하고 좋은데요? [Agnyeoraseo Pyeonhago Joh-eundeyo?],Mango Kim,"Kim, Mango","망고킴, Cocorip, 코코립","=""""","=""""",0,면담,ebook,,2020,2020,,2023/01/26,to-read,to-read (#128),to-read,,,,0,0
60434105,"남편님, 다시 결혼해 주세요! 1 [Nampyeon-nim, Dasi Geolhonhae Juseyo! 1] (Please Marry Me Again, Husband! [Webtoon], Season 1)",Rana,"Rana, Rana",,"=""""","=""""",0,다온스튜디오,ebook,,2022,2022,,2023/01/06,to-read,to-read (#127),to-read,,,,0,0
57361228,"남편을 내 편으로 만드는 방법 1 [Nampyeon-eul Nae Pyeon-euro Mandeuneun Bangbeob 1] (How to Get My Husband on My Side [Novel], #1)",Spice&Kitty,"Spice&Kitty, Spice&Kitty",Pig Cake,"=""""","=""""",0,kwbooks,ebook,,2020,2020,,2023/01/06,to-read,to-read (#126),to-read,,,,0,0
63894799,ラスボスの私が主人公の妻になりました 1 (Author of My Own Destiny #1),Jeokbal,"Jeokbal, Jeokbal","Furik, Winterleaf","=""4758017964""","=""9784758017961""",0,一迅社,Comic,168,2022,2022,,2023/01/06,to-read,to-read (#125),to-read,,,,0,0
56415310,사랑받는 언니가 사라진 세계 [Sarangbadneun Eonniga Sarajin Segye] (The World Without My Sister Who Everyone Loved),Yoohye Na,"Na, Yoohye",나유혜,"=""""","=""""",0,면담,ebook,,2020,2020,,2023/01/06,to-read,to-read (#124),to-read,,,,0,0
57311995,"악녀는 마리오네트 특별 외전 [Agnyeoneun Marionette: Teugbyeol Oejeon] (The Villainess is a Marionette [Novel], Special side story)",Hanirim,"Hanirim, Hanirim","Monggeul, 한이림, 몽글","=""""","=""""",0,연담,ebook,,2021,2021,,2023/01/06,to-read,to-read (#123),to-read,,,,0,0
53670746,"깨어나세요, 용사여 1 [Ggaeeonaseyo, Yongsayeo 1] (Wake Up, Warrior [Webtoon], Season 1)",Danaan,"Danaan, Danaan","Ananas, Gunwoo Gunzo, 다나안, 아나나스, 건우건조","=""""","=""""",0,MSTORYHUB8125,ebook,,2020,2020,,2023/01/06,to-read,to-read (#121),to-read,,,,0,0
60786278,Secrets of Camp Whatever Vol. 2: The Doors to Nowhere,Chris Grine,"Grine, Chris",,"=""1637150520""","=""9781637150528""",0,Oni Press,Kindle Edition,225,2022,,,2023/01/05,to-read,to-read (#121),to-read,,,,0,0
57596586,Secrets of Camp Whatever Vol. 1,Chris Grine,"Grine, Chris",,"=""1620108631""","=""9781620108635""",0,Oni Press,Kindle Edition,273,2021,2021,,2023/01/05,to-read,to-read (#121),to-read,,,,0,0
60865917,"곱게 키웠더니, 짐승 1 [Gobge Kiwossdeoni, Jimseung 1]",Teava,"Teava, Teava","티바, Yeoseulki, 여슬기, Early Flower, 이른꽃","=""1191145433""","=""9791191145434""",0,씨엔씨레볼루션,Paperback,280,2022,2022,,2023/01/05,to-read,to-read (#120),to-read,,,,0,0
44799976,Trash of the Count's Family,Yu Ryeo-Han,"Ryeo-Han, Yu",유려한,"=""""","=""""",0,,ebook,,2018,2018,,2023/01/02,to-read,to-read (#119),to-read,,,,0,0
16110909,Annarasumanara,Ha Il-kwon,"Il-kwon, Ha",,"=""""","=""""",0,Naver,ebook,1000,2010,2010,,2023/01/01,to-read,to-read (#119),to-read,,,,0,0
52703142,"황자, 네 무엇이 되고 싶으냐? 1 [As You Wish, Prince 1]",MOKGAMGI,"MOKGAMGI, MOKGAMGI",,"=""""","=""""",0,KakaoPage,Manhwa,,2018,2018,,2023/01/01,to-read,to-read (#119),to-read,,,,0,0
60784841,She Is a Haunting,Trang Thanh Tran,"Tran, Trang Thanh",,"=""1547610816""","=""9781547610815""",0,Bloomsbury YA,Hardcover,352,2023,2023,,2023/01/01,to-read,to-read (#118),to-read,,,,0,0
60177466,Age of Vice,Deepti Kapoor,"Kapoor, Deepti",,"=""0593328795""","=""9780593328798""",0,Riverhead,Hardcover,544,2023,2023,,2023/01/01,to-read,to-read (#117),to-read,,,,0,0
60877616,"Really Good, Actually",Monica Heisey,"Heisey, Monica",,"=""0063235412""","=""9780063235410""",0,William Morrow,Hardcover,370,2023,2023,,2023/01/01,to-read,to-read (#116),to-read,,,,0,0
60399181,"The World We Make (Great Cities, #2)",N.K. Jemisin,"Jemisin, N.K.",,"=""035651269X""","=""9780356512693""",0,Orbit,Hardcover,357,2022,2022,,2023/01/01,to-read,to-read (#115),to-read,,,,0,0
56351989,날것 : 공작가의 하녀로 빙의했습니다 1 (A Tender Heart: The Story of How I Became a Duke's Maid Manhwa #1),Aloha,"Aloha, Aloha","로하, Jooahri, 주아리","=""""","=""9791189320805""",0,디앤씨웹툰비즈,Paperback,276,2020,2019,,2021/11/14,to-read,to-read (#43),to-read,,,,0,0
59950916,"레이디 베이비 5 (Lady Baby [Webtoon], Season 5)",HAEON,"HAEON, HAEON",,"=""""","=""""",0,"크루즈미디어, 넵튠",ebook,,2021,2021,,2022/12/25,to-read,to-read (#114),to-read,,,,0,0
37372884,Brave Chef Brianna,Sam Sykes,"Sykes, Sam","Selina Espiritu, Sarah Stern","=""1613987277""","=""9781613987278""",0,KaBOOM!,Kindle Edition,114,2017,2017,,2022/12/25,to-read,to-read (#113),to-read,,,,0,0
57650112,흑막 여주가 날 새엄마로 만들려고 [Heugmag Yeojuga Nal Saeeommaro Mandeulryeogo] (Tricked into Becoming the Heroine's Stepmother [Novel]),MOKGAMGI,"MOKGAMGI, MOKGAMGI","Rang Lee, 목감기, 이랑","=""""","=""""",0,디아망,ebook,,2019,2019,,2022/12/21,to-read,to-read (#112),to-read,,,,0,0
57477191,그림자 없는 밤 [Geurimja Eobsneun Bam] (Shadowless Night),Miyu Kim,"Kim, Miyu",김미유,"=""""","=""9791126542482""",0,동아,ebook,,2019,2019,,2022/12/14,to-read,to-read (#111),to-read,,,,0,0
54369251,A Wizard’s Guide to Defensive Baking,T. Kingfisher,"Kingfisher, T.",,"=""1614505241""","=""9781614505242""",0,Argyll Productions,Paperback,306,2020,2020,,2022/12/14,to-read,to-read (#110),to-read,,,,0,0
59647983,Monster Duke's Daughter,Bada Han,"Han, Bada",,"=""""","=""""",0,Tappytoon,,,2021,2021,,2022/12/14,to-read,to-read (#109),to-read,,,,1,0
57282218,"Lore Olympus: Volume One (Lore Olympus, #1)",Rachel  Smythe,"Smythe, Rachel",,"=""0593160290""","=""9780593160299""",0,Del Rey,Hardcover,384,2021,2021,,2022/12/13,to-read,to-read (#108),to-read,,,,0,0
52439531,"The Inheritance Games (The Inheritance Games, #1)",Jennifer Lynn Barnes,"Barnes, Jennifer Lynn",,"=""1368052401""","=""9781368052405""",0,"Little, Brown Books for Young Readers",Hardcover,386,2020,2020,,2022/12/13,to-read,to-read (#107),to-read,,,,0,0
44778083,"House of Earth and Blood (Crescent City, #1)",Sarah J. Maas,"Maas, Sarah J.",,"=""1635574048""","=""9781635574043""",0,Bloomsbury Publishing,Hardcover,803,2020,2020,,2022/12/13,to-read,to-read (#106),to-read,,,,0,0
55987278,"Once Upon a Broken Heart (Once Upon a Broken Heart, #1)",Stephanie Garber,"Garber, Stephanie",,"=""1250268397""","=""9781250268396""",0,Flatiron Books,Hardcover,408,2021,2021,,2022/12/12,to-read,to-read (#104),to-read,,,,0,0
52831200,"From Blood and Ash (Blood and Ash, #1)",Jennifer L. Armentrout,"Armentrout, Jennifer L.",,"=""1952457017""","=""9781952457012""",0,Blue Box Press,ebook,622,2020,2020,,2022/12/12,to-read,to-read (#103),to-read,,,,0,0
55934012,Trapped in a Dating Sim: The World of Otome Games is Tough for Mobs (Light Novel) Vol. 1,Yomu Mishima,"Mishima, Yomu",Monda,"=""1648277519""","=""9781648277511""",0,Seven Seas Entertainment ,Kindle Edition,245,2020,2018,,2022/12/12,to-read,to-read (#102),to-read,,,,0,0
35796008,"Dance of Thieves (Dance of Thieves, #1)",Mary E. Pearson,"Pearson, Mary E.",,"=""1250159016""","=""9781250159014""",0,Henry Holt and Co. (BYR),Hardcover,512,2018,2018,,2022/12/12,to-read,to-read (#101),to-read,,,,0,0
42394599,The Magic Fish,Trung Le Nguyen,"Nguyen, Trung Le",,"=""""","=""""",0,Random House Graphic,Hardcover,256,2020,2020,,2022/12/11,to-read,to-read (#100),to-read,,,,0,0
42201395,"Sorcery of Thorns (Sorcery of Thorns, #1)",Margaret  Rogerson,"Rogerson, Margaret",,"=""1481497618""","=""9781481497619""",0,Margaret K. McElderry Books,Hardcover,456,2019,2019,,2022/12/11,to-read,to-read (#99),to-read,,,,0,0
10194157,"Shadow and Bone (Shadow and Bone, #1)",Leigh Bardugo,"Bardugo, Leigh",,"=""1250048117""","=""9781250048110""",0,Henry Holt & Company,Hardcover,358,2012,2012,,2021/07/11,to-read,to-read (#98),to-read,,,,0,0
60763786,I'm Glad My Mom Died,Jennette McCurdy,"McCurdy, Jennette",,"=""""","=""""",0,Simon & Schuster,Kindle Edition,290,2022,2022,,2022/09/27,to-read,to-read (#97),to-read,,,,0,0
59909178,"주인공들의 아이로 태어났다 1 [Juingongdeul-eui Airo Taeeonassda 1] (I'm the Main Character's Child, #1)",Sodam Ji,"Ji, Sodam","Passerby, 지소담, 지나가던 사람","=""""","=""9791130639840""",0,블라썸,ebook,450,2021,2021,,2022/08/28,to-read,to-read (#96),to-read,,,,0,0
43204703,"A Curse So Dark and Lonely (Cursebreakers, #1)",Brigid Kemmerer,"Kemmerer, Brigid",,"=""1681195089""","=""9781681195087""",0,Bloomsbury YA,Hardcover,484,2019,2019,,2022/08/28,to-read,to-read (#94),to-read,,,,0,0
59557285,Hell Followed With Us,Andrew Joseph White,"White, Andrew Joseph",,"=""1682634493""","=""9781682634493""",0,Peachtree Teen,ebook,275,2022,2022,,2022/08/28,to-read,to-read (#93),to-read,,,,0,0
54901878,"Sweat and Soap, Vol. 3",Kintetsu Yamada,"Yamada, Kintetsu",,"=""1646595734""","=""9781646595730""",0,Kodansha Comics,Kindle Edition,210,2020,2019,,2022/08/28,to-read,to-read (#91),to-read,,,,0,0
54860241,"This Poison Heart (This Poison Heart, #1)",Kalynn  Bayron,"Bayron, Kalynn",,"=""1547603909""","=""9781547603909""",0,Bloomsbury YA,Hardcover,384,2021,2021,,2022/06/05,to-read,to-read (#90),to-read,,,,0,0
33232472,Your name. 01,Ranmaru Kotone,"Kotone, Ranmaru",Makoto Shinkai,"=""""","=""9780316558556""",0,Yen Press,Paperback,180,2017,2016,,2022/05/20,to-read,to-read (#88),to-read,,,,0,0
6406018,"Soul Eater, Vol. 1",Atsushi Ohkubo,"Ohkubo, Atsushi",,"=""0759530017""","=""9780759530010""",0,Yen Press,Paperback,208,2009,2004,,2022/05/20,to-read,to-read (#87),to-read,,,,0,0
568454,"D.Gray-man, Vol. 1",Katsura Hoshino,"Hoshino, Katsura",,"=""1421506238""","=""9781421506234""",0,VIZ Media LLC,Paperback,196,2006,2004,,2022/05/20,to-read,to-read (#86),to-read,,,,0,0
34296854,"Tokyo Tarareba Girls, Vol. 1",Akiko Higashimura,"Higashimura, Akiko",,"=""1682335631""","=""9781682335635""",0,Kodansha Comics Digital-First!,Kindle Edition,178,2017,2014,,2022/05/20,to-read,to-read (#85),to-read,,,,0,0
29225550,Grimoire Noir,Vera Greentea,"Greentea, Vera",Yana Bogatch,"=""""","=""""",0,First Second,Hardcover,290,2019,2019,,2022/05/20,to-read,to-read (#84),to-read,,,,0,0
40961230,The Travelling Cat Chronicles,Hiro Arikawa,"Arikawa, Hiro",Philip Gabriel,"=""0735235244""","=""9780735235243""",0,Viking,Kindle Edition,281,2018,2012,,2022/04/24,to-read,to-read (#83),to-read,,,,0,0
18775359,After I Do,Taylor Jenkins Reid,"Reid, Taylor Jenkins",,"=""""","=""""",0,Atria Books,Paperback,352,2014,2014,,2022/04/24,to-read,to-read (#82),to-read,,,,0,0
58562871,완벽한 결혼의 정석 [Wanbyeoghan Gyeolhon'eui Jeongseog] (Perfect Marriage Revenge [Webtoon]),NOT A BOOK,"BOOK, NOT A",,"=""""","=""""",0,코핀 커뮤니케이션즈,ebook,,2021,2021,,2022/04/04,to-read,to-read (#81),to-read,,,,0,0
56387105,엔딩 후 서브남을 주웠다 [Happily Ever Afterwards],NOT A BOOK,"BOOK, NOT A",,"=""""","=""""",0,,,,,,,2022/04/04,to-read,to-read (#80),to-read,,,,0,0
16155151,ホリミヤ 1 [Horimiya 1],Hero,"Hero, Hero","Daisuke Hagiwara, 萩原ダイスケ","=""4757535430""","=""9784757535435""",0,スクウェア・エニックス,Paperback,184,2012,2012,,2022/01/28,to-read,to-read (#78),to-read,,,,0,0
56978100,The Girl Who Fell Beneath the Sea,Axie Oh,"Oh, Axie",,"=""1250780861""","=""9781250780867""",0,Feiwel & Friends,Hardcover,325,2022,2022,,2022/01/28,to-read,to-read (#77),to-read,,,,0,0
58210340,"Only a Monster (Monsters, #1)",Vanessa Len,"Len, Vanessa",,"=""""","=""""",0,HarperTeen,Hardcover,416,2022,2022,,2022/01/28,to-read,to-read (#76),to-read,,,,0,0
58142089,"Daughter of the Moon Goddess (The Celestial Kingdom Duology, #1)",Sue Lynn Tan,"Tan, Sue Lynn",,"=""0063031329""","=""9780063031326""",0,Harper Voyager,Kindle Edition,523,2022,2022,,2022/01/28,to-read,to-read (#75),to-read,,,,0,0
43802732,전지적 독자 시점 1 [Jeonjijeog Dogja Sijeom 1],singNsong,"singNsong, singNsong",싱숑,"=""""","=""""",0,Munpia,ebook,2079,2018,,,2022/01/15,to-read,to-read (#74),to-read,,,,0,0
44441780,"Muted, Season 1",NOT A BOOK,"BOOK, NOT A",,"=""""","=""""",0,Line Webtoon,,45,,2019,,2022/01/15,to-read,to-read (#73),to-read,,,,0,0
55275307,Not So Shoujo Love Story,NOT A BOOK,"BOOK, NOT A",,"=""""","=""""",0,LINE Webtoon,ebook,,2020,,,2022/01/15,to-read,to-read (#72),to-read,,,,0,0
48578238,Not Even Bones,Rebecca Schaeffer,"Schaeffer, Rebecca",,"=""""","=""""",0,WEBTOON,,,,,,2022/01/15,to-read,to-read (#71),to-read,,,,0,0
53982838,Castle Swimmer,Wendy Lian Martin,"Martin, Wendy Lian",,"=""""","=""""",0,Webtoon,ebook,,2019,2019,,2022/01/15,to-read,to-read (#70),to-read,,,,0,0
52757526,Always Human,Ari North,"North, Ari",,"=""1499811098""","=""9781499811094""",0,Little Bee Books,Paperback,256,2020,2015,,2022/01/15,to-read,to-read (#69),to-read,,,,0,0
45273318,"Snow White with the Red Hair, Vol. 1",Sorata Akiduki,"Akiduki, Sorata",Sorata Akizuki,"=""197471134X""","=""9781974711345""",0,VIZ Media: Shojo Beat,Kindle Edition,200,2019,2007,,2022/01/09,to-read,to-read (#67),to-read,,,,0,0
34966859,"Dragon Pearl (Thousand Worlds, #1)",Yoon Ha Lee,"Lee, Yoon Ha",,"=""136801335X""","=""9781368013352""",0,Rick Riordan Presents,Hardcover,312,2019,2019,,2022/01/09,to-read,to-read (#66),to-read,,,,0,0
54568675,Age Matters - Season 1,NOT A BOOK,"BOOK, NOT A",,"=""""","=""""",0,Line Webtoon,ebook,,2018,,,2021/12/23,to-read,to-read (#65),to-read,,,,0,0
35219361,Orange Marmalade,Seok Woo,"Woo, Seok",,"=""""","=""""",0,,,119,,,,2021/12/23,to-read,to-read (#64),to-read,,,,0,0
50374203,The Duke Heist (The Wild Wynchesters #1),Erica Ridley,"Ridley, Erica",,"=""""","=""""",0,Forever,Kindle Edition,353,2021,2021,,2021/12/23,to-read,to-read (#63),to-read,,,,0,0
56666839,"A Dowry of Blood (A Dowry of Blood, #1)",S.T. Gibson,"Gibson, S.T.",,"=""1916366937""","=""9781916366930""",0,Nyx Publishing,Paperback,248,2021,2021,,2021/12/17,to-read,to-read (#61),to-read,,,,0,0
53457092,"Six Crimson Cranes (Six Crimson Cranes, #1)",Elizabeth Lim,"Lim, Elizabeth",,"=""0593300939""","=""9780593300930""",0,Knopf,ebook,454,2021,2021,,2021/12/03,to-read,to-read (#60),to-read,,,,0,0
53205888,Under the Whispering Door,T.J. Klune,"Klune, T.J.",,"=""1250217342""","=""9781250217349""",0,Tor Books,Hardcover,376,2021,2021,,2021/11/22,to-read,to-read (#59),to-read,,,,0,0
52346471,"Firekeeper’s Daughter (Firekeeper's Daughter, #1)",Angeline Boulley,"Boulley, Angeline",,"=""""","=""""",0,"Henry, Holt and Co. (BYR)",Hardcover,496,2021,2021,,2021/11/22,to-read,to-read (#58),to-read,,,,0,0
56614597,"Gilded (Gilded, #1)",Marissa Meyer,"Meyer, Marissa",,"=""1250618843""","=""9781250618849""",0,Feiwel and Friends,Hardcover,502,2021,2021,,2021/11/22,to-read,to-read (#57),to-read,,,,0,0
53086843,"You've Reached Sam (You've Reached Sam, #1)",Dustin Thao,"Thao, Dustin",,"=""1250762030""","=""9781250762030""",0,Wednesday Books,Hardcover,296,2021,2021,,2021/11/22,to-read,to-read (#56),to-read,,,,0,0
56351189,하렘의 남자들 [Harem'eui Namjadeul] (Men of the Harem),Alphatart,"Alphatart, Alphatart",,"=""""","=""""",0,네이버 만화,Unbound,,2020,2020,,2021/11/21,to-read,to-read (#55),to-read,,,,0,0
56325505,See You in My 19th Life,NOT A BOOK,"BOOK, NOT A",,"=""""","=""""",0,Line Webtoon,Webcomic,,2020,2020,,2021/11/21,to-read,to-read (#54),to-read,,,,0,0
57175958,"황녀, 반역자를 각인시키다 1 [Hwangnyeo, Ban-yeogjareul Gag-insikida 1]",Sagong,"Sagong, Sagong","Suri, Irinbi","=""""","=""9791166940040""",0,코핀 커뮤니케이션즈,ebook,,2021,2021,,2021/11/18,to-read,to-read (#53),to-read,,,,0,0
57098686,"그냥 악역으로 살겠습니다 1 [Geunyang Ag'yeog'euro Salgessseubnida 1] (The Villainess is retiring, Season 1)",Da-Ham Kim,"Kim, Da-Ham",,"=""""","=""9791165098711""",0,면담,ebook,,2021,2021,,2021/11/18,to-read,to-read (#52),to-read,,,,0,0
55384732,"악녀가 사랑할 때 1 [Agnyeoga Saranghal Ddae 1] (When the Villainess is in Love [Webtoon], Season 1)",NOT A BOOK,"BOOK, NOT A",,"=""""","=""""",0,"연담, DCC",ebook,,2020,2020,,2021/11/18,to-read,to-read (#50),to-read,,,,0,0
35656180,The 57 Bus: A True Story of Two Teenagers and the Crime That Changed Their Lives,Dashka Slater,"Slater, Dashka",,"=""""","=""""",0,"Farrar, Straus and Giroux (BYR)",Kindle Edition,317,2017,2017,,2021/11/14,to-read,to-read (#48),to-read,,,,0,0
55821644,シューデンの公女 1 [Watashi ga Musume desuka? 1],Hash,"Hash, Hash",Flow,"=""""","=""""",0,디앤씨웹툰비즈,Kinde Edition,184,2024,2024,,2021/11/14,to-read,to-read (#45),to-read,,,,0,0
53421212,Your Throne,SAM,"SAM, SAM",,"=""""","=""""",0,Line Webtoon,Unbound,,2020,2019,,2021/11/14,to-read,to-read (#41),to-read,,,,0,0
56906186,"록사나 : 여주인공의 오빠를 지키는 방법 1 [Roxana: Yeojuingong'eui Obbareul Jikineun Bangbeob 1] (Roxana [Webtoon], Season 1)",K.I.N.,"K.I.N., K.I.N.",,"=""""","=""9791165098315""",0,"Daum, Kakaopage",Webtoon,,2021,2021,,2021/11/04,to-read,to-read (#40),to-read,,,,0,0
57311884,"이번 생은 가주가 되겠습니다 외전 [Ibeon Saeng-eun Gajuga Doegessseubnida: Oejeon] (I Shall Master this Family [Novel], Side story)",Roah Kim,"Kim, Roah","김로아, Gammon, 감몬","=""""","=""""",0,디앤씨미디머,ebook,,2021,2021,,2021/10/26,to-read,to-read (#38),to-read,,,,0,0
56508787,이번 생은 가주가 되겠습니다 [Ibeon Saeng-eun Gajuga Doegessseubnida] (I Shall Master this Family [Novel]),Roah Kim,"Kim, Roah","김로아, Gammon, 감몬","=""""","=""""",0,디앤씨미디머,ebook,1400,2019,2019,,2021/10/26,to-read,to-read (#37),to-read,,,,0,0
34895950,"The Tea Dragon Society (Tea Dragon, #1)",K. O'Neill,"O'Neill, K.",,"=""1620104415""","=""9781620104415""",0,Oni Press,Hardcover,72,2017,2017,,2021/10/25,to-read,to-read (#36),to-read,,,,0,0
53882756,"악녀는 두 번 산다 1 [Agnyeoneun Du Beon Sanda 1] (The Villainess Lives Again, Season 1)",Peachberry,"Peachberry, Peachberry",,"=""""","=""""",0,고렘팩토리,ebook,,2020,2020,,2021/10/19,to-read,to-read (#35),to-read,,,,0,0
51967899,"악녀는 모래시계를 되돌린다 1 [Agnyeo'neun Moraesi'gye'reul Dwedollinda 1] (The Villainess Reverses the Hourglass, Season 1)",Antstudio,"Antstudio, Antstudio",,"=""""","=""""",0,AntStudio,ebook,,2020,2023,,2021/10/19,to-read,to-read (#34),to-read,,,,0,0
58419874,"잘못된 고백 2 [Jalmotdoen Gobaek 2] (False Confession [Webtoon], Season 2)",Cooara,"Cooara, Cooara",,"=""""","=""""",0,다온스튜디오,ebook,,2021,2021,,2021/10/19,to-read,to-read (#33),to-read,,,,0,0
29540307,Pilu of the Woods,Mai K. Nguyen,"Nguyen, Mai K.",,"=""1620105632""","=""9781620105634""",0,Oni Press,Paperback,151,2019,2019,,2021/09/10,to-read,to-read (#32),to-read,,,,0,0
48727813,"She Who Became the Sun (The Radiant Emperor, #1)",Shelley Parker-Chan,"Parker-Chan, Shelley",,"=""1250621798""","=""9781250621795""",0,Tor Books,Kindle Edition,416,2021,2021,,2021/09/10,to-read,to-read (#31),to-read,,,,0,0
56273343,"A Court of Honey and Ash (Honey and Ice, #1)",Shannon Mayer,"Mayer, Shannon",Kelly St. Clare,"=""""","=""""",0,Hijinks Ink Publishing,Kindle Edition,420,2021,2021,,2021/09/10,to-read,to-read (#30),to-read,,,,0,0
50022883,"Defy the Night (Defy the Night, #1)",Brigid Kemmerer,"Kemmerer, Brigid",,"=""1547604670""","=""9781547604678""",0,Bloomsbury YA,ebook,448,2021,2021,,2021/09/10,to-read,to-read (#29),to-read,,,,0,0
157993,The Little Prince,Antoine de Saint-Exupéry,"Saint-Exupéry, Antoine de",Richard Howard,"=""0152023984""","=""9780152023980""",0,"Harcourt, Inc.",Hardcover,96,2000,1943,,2021/07/11,to-read,to-read (#28),to-read,,,,0,0
38746485,Becoming,Michelle Obama,"Obama, Michelle",,"=""1524763136""","=""9781524763138""",0,Crown,Hardcover,448,2018,2018,,2021/07/11,to-read,to-read (#27),to-read,,,,0,0
55361205,A Promised Land,Barack Obama,"Obama, Barack",,"=""1524763187""","=""9781524763183""",0,Crown,Kindle Edition,768,2020,2020,,2021/07/11,to-read,to-read (#26),to-read,,,,0,0
37903770,Norse Mythology,Neil Gaiman,"Gaiman, Neil",,"=""""","=""""",0,W. W. Norton & Company,Paperback,301,2018,2017,,2021/07/11,to-read,to-read (#25),to-read,,,,0,0
26032825,"The Cruel Prince (The Folk of the Air, #1)",Holly Black,"Black, Holly",,"=""0316310271""","=""9780316310277""",0,"Little, Brown Books for Young Readers",Hardcover,370,2018,2018,,2021/07/11,to-read,to-read (#24),to-read,,,,0,0
35959740,Circe,Madeline Miller,"Miller, Madeline",,"=""0316556343""","=""9780316556347""",0,"Little, Brown and Company",Hardcover,393,2018,2018,,2021/07/11,to-read,to-read (#23),to-read,,,,0,0
13496,"A Game of Thrones (A Song of Ice and Fire, #1)",George R.R. Martin,"Martin, George R.R.",,"=""""","=""""",0,Bantam,Mass Market Paperback,835,2005,1996,,2021/07/11,to-read,to-read (#22),to-read,,,,0,0
5907,"The Hobbit, or There and Back Again",J.R.R. Tolkien,"Tolkien, J.R.R.","Douglas A. Anderson, Michael Hague, Jemima Catlin","=""""","=""""",0,Houghton Mifflin,Paperback,366,2002,1937,,2021/07/11,to-read,to-read (#21),to-read,,,,0,0
7624,Lord of the Flies,William Golding,"Golding, William",,"=""0140283331""","=""9780140283334""",0,Penguin Books ,Paperback,182,1999,1954,,2021/07/11,to-read,to-read (#20),to-read,,,,0,0
38447,"The Handmaid’s Tale (The Handmaid's Tale, #1)",Margaret Atwood,"Atwood, Margaret",,"=""038549081X""","=""9780385490818""",0,Anchor Books,Paperback,311,1998,1985,,2021/07/11,to-read,to-read (#19),to-read,,,,0,0
5107,The Catcher in the Rye,J.D. Salinger,"Salinger, J.D.",,"=""0316769177""","=""9780316769174""",0,Back Bay Books,Paperback,277,2001,1951,,2021/07/11,to-read,to-read (#18),to-read,,,,0,0
40961427,1984,George Orwell,"Orwell, George",,"=""""","=""""",0,Houghton Mifflin Harcourt,ebook,298,2013,1949,,2021/07/11,to-read,to-read (#17),to-read,,,,0,0
2657,To Kill a Mockingbird,Harper Lee,"Lee, Harper",,"=""0060935464""","=""9780060935467""",0,Harper Perennial Modern Classics ,Paperback,323,2006,1960,,2021/07/11,to-read,to-read (#16),to-read,,,,0,0
28252152,Where Tangents Meet,NOT A BOOK,"BOOK, NOT A",,"=""""","=""""",0,Naver Webcomic,webtoon,39,2015,2015,,2021/07/11,to-read,to-read (#15),to-read,,,,0,0
35074096,"Mythos - The Greek Myths Retold (Stephen Fry's Great Mythology, #1)",Stephen Fry,"Fry, Stephen",,"=""0718188721""","=""9780718188726""",0,Michael Joseph,Hardcover,416,2017,2017,,2021/06/25,to-read,to-read (#14),to-read,,,,0,0
39851109,Front Desk (Front Desk #1) (Scholastic Gold),Kelly Yang,"Yang, Kelly",,"=""1338157809""","=""9781338157802""",0,Arthur A. Levine Books,Kindle Edition,228,2018,2018,,2021/06/01,to-read,to-read (#13),to-read,,,,0,0
50496918,"Spoiler Alert (Spoiler Alert, #1)",Olivia Dade,"Dade, Olivia",,"=""0063005549""","=""9780063005549""",0,Avon,Paperback,409,2020,2020,,2021/05/17,to-read,to-read (#12),to-read,,,,0,0
18659623,Through the Woods,E.M. Carroll,"Carroll, E.M.",,"=""1442465956""","=""9781442465954""",0,Margaret K. McElderry Books,Hardcover,208,2014,2014,,2021/03/16,to-read,to-read (#11),to-read,,,,0,0
52578297,"The Midnight Library (The Midnight World, #1)",Matt Haig,"Haig, Matt",,"=""0525559477""","=""9780525559474""",0,Viking,Hardcover,288,2020,2020,,2021/01/01,to-read,to-read (#10),to-read,,,,0,0
44428899,"The Queen of Nothing (The Folk of the Air, #3)",Holly Black,"Black, Holly",,"=""0316310425""","=""9780316310420""",0,"Little, Brown and Company",Hardcover,308,2019,2019,,2021/02/17,to-read,to-read (#9),to-read,,,,0,0
28110852,The Girl Who Drank the Moon,Kelly Barnhill,"Barnhill, Kelly",,"=""1616205679""","=""9781616205676""",0,"Little, Brown Books for Young Readers",Hardcover,388,2016,2016,,2020/12/08,to-read,to-read (#8),to-read,,,,0,0
43263680,"Ninth House (Ninth House Trilogy, #1)",Leigh Bardugo,"Bardugo, Leigh",,"=""1250313074""","=""9781250313072""",0,Flatiron Books,Hardcover,461,2019,2019,,2020/10/09,to-read,to-read (#7),to-read,,,,0,0
9516,"Persepolis: The Story of a Childhood (Persepolis, #1)",Marjane Satrapi,"Satrapi, Marjane",Mattias Ripa,"=""037571457X""","=""9780375714573""",0,Pantheon,Paperback,153,2004,2003,,2020/10/07,to-read,to-read (#6),to-read,,,,0,0
40495957,"Heartstopper: Volume One (Heartstopper, #1)",Alice Oseman,"Oseman, Alice",,"=""""","=""""",0,Selfpublished,Paperback,288,2018,2018,,2020/08/09,to-read,to-read (#5),to-read,,,,0,0
11387515,"Wonder (Wonder, #1)",R.J. Palacio,"Palacio, R.J.",,"=""0375869026""","=""9780375869020""",0,Alfred A. Knopf,Hardcover,315,2012,2012,,2020/08/09,to-read,to-read (#4),to-read,,,,0,0
386162,"The Hitchhiker’s Guide to the Galaxy (The Hitchhiker's Guide to the Galaxy, #1)",Douglas Adams,"Adams, Douglas",,"=""""","=""""",0,Del Rey,Paperback,193,2007,1979,,2020/08/03,to-read,to-read (#3),to-read,,,,0,0
34728667,"Children of Blood and Bone (Legacy of Orïsha, #1)",Tomi Adeyemi,"Adeyemi, Tomi",,"=""1250170974""","=""9781250170972""",0,Henry Holt Company,Hardcover,544,2018,2018,,2020/08/03,to-read,to-read (#2),to-read,,,,0,0
15745753,Eleanor & Park,Rainbow Rowell,"Rowell, Rainbow",,"=""1250012570""","=""9781250012579""",0,St. Martin's Press,Hardcover,328,2013,2012,,2020/08/03,to-read,to-read (#1),to-read,,,,0,0
